setting,workspace,milestone_id,model_run,result_path,resolved,recall,precision,score
independent,BurntSushi_ripgrep_14.1.1_15.0.0,maintenance_fixes_1_sub-01,_claude-code_opus-4.5_run_001,SWE-Milestone-log-results/BurntSushi_ripgrep_14.1.1_15.0.0/mstone_trial/_claude-code_opus-4.5_run_001/maintenance_fixes_1_sub-01/evaluation/evaluation_result.json,1.0,1.0,1.0,1.0
independent,BurntSushi_ripgrep_14.1.1_15.0.0,maintenance_fixes_1_sub-02,_claude-code_opus-4.5_run_001,SWE-Milestone-log-results/BurntSushi_ripgrep_14.1.1_15.0.0/mstone_trial/_claude-code_opus-4.5_run_001/maintenance_fixes_1_sub-02/evaluation/evaluation_result.json,0.0,0.7142857142857143,1.0,0.8333333333333333
independent,BurntSushi_ripgrep_14.1.1_15.0.0,maintenance_style_1,_claude-code_opus-4.5_run_001,SWE-Milestone-log-results/BurntSushi_ripgrep_14.1.1_15.0.0/mstone_trial/_claude-code_opus-4.5_run_001/maintenance_style_1/evaluation/evaluation_result.json,1.0,1.0,1.0,1.0
independent,BurntSushi_ripgrep_14.1.1_15.0.0,milestone_seed_119407d_1_sub-01,_claude-code_opus-4.5_run_001,SWE-Milestone-log-results/BurntSushi_ripgrep_14.1.1_15.0.0/mstone_trial/_claude-code_opus-4.5_run_001/milestone_seed_119407d_1_sub-01/evaluation/evaluation_result.json,1.0,1.0,1.0,1.0
independent,BurntSushi_ripgrep_14.1.1_15.0.0,milestone_seed_119407d_1_sub-02,_claude-code_opus-4.5_run_001,SWE-Milestone-log-results/BurntSushi_ripgrep_14.1.1_15.0.0/mstone_trial/_claude-code_opus-4.5_run_001/milestone_seed_119407d_1_sub-02/evaluation/evaluation_result.json,1.0,1.0,1.0,1.0
independent,BurntSushi_ripgrep_14.1.1_15.0.0,milestone_seed_2924d0c_1,_claude-code_opus-4.5_run_001,SWE-Milestone-log-results/BurntSushi_ripgrep_14.1.1_15.0.0/mstone_trial/_claude-code_opus-4.5_run_001/milestone_seed_2924d0c_1/evaluation/evaluation_result.json,1.0,1.0,1.0,1.0
independent,BurntSushi_ripgrep_14.1.1_15.0.0,milestone_seed_292bc54_1,_claude-code_opus-4.5_run_001,SWE-Milestone-log-results/BurntSushi_ripgrep_14.1.1_15.0.0/mstone_trial/_claude-code_opus-4.5_run_001/milestone_seed_292bc54_1/evaluation/evaluation_result.json,1.0,1.0,1.0,1.0
independent,BurntSushi_ripgrep_14.1.1_15.0.0,milestone_seed_5f5da48_1_sub-01,_claude-code_opus-4.5_run_001,SWE-Milestone-log-results/BurntSushi_ripgrep_14.1.1_15.0.0/mstone_trial/_claude-code_opus-4.5_run_001/milestone_seed_5f5da48_1_sub-01/evaluation/evaluation_result.json,1.0,1.0,1.0,1.0
independent,BurntSushi_ripgrep_14.1.1_15.0.0,milestone_seed_5f5da48_1_sub-02,_claude-code_opus-4.5_run_001,SWE-Milestone-log-results/BurntSushi_ripgrep_14.1.1_15.0.0/mstone_trial/_claude-code_opus-4.5_run_001/milestone_seed_5f5da48_1_sub-02/evaluation/evaluation_result.json,1.0,1.0,1.0,1.0
independent,BurntSushi_ripgrep_14.1.1_15.0.0,milestone_seed_8c6595c_1,_claude-code_opus-4.5_run_001,SWE-Milestone-log-results/BurntSushi_ripgrep_14.1.1_15.0.0/mstone_trial/_claude-code_opus-4.5_run_001/milestone_seed_8c6595c_1/evaluation/evaluation_result.json,1.0,1.0,1.0,1.0
independent,BurntSushi_ripgrep_14.1.1_15.0.0,milestone_seed_a6e0be3_1_sub-01,_claude-code_opus-4.5_run_001,SWE-Milestone-log-results/BurntSushi_ripgrep_14.1.1_15.0.0/mstone_trial/_claude-code_opus-4.5_run_001/milestone_seed_a6e0be3_1_sub-01/evaluation/evaluation_result.json,0.0,0.5,1.0,0.6666666666666666
independent,BurntSushi_ripgrep_14.1.1_15.0.0,milestone_seed_a6e0be3_1_sub-02,_claude-code_opus-4.5_run_001,SWE-Milestone-log-results/BurntSushi_ripgrep_14.1.1_15.0.0/mstone_trial/_claude-code_opus-4.5_run_001/milestone_seed_a6e0be3_1_sub-02/evaluation/evaluation_result.json,1.0,1.0,1.0,1.0
independent,BurntSushi_ripgrep_14.1.1_15.0.0,milestone_seed_b610d1c_1,_claude-code_opus-4.5_run_001,SWE-Milestone-log-results/BurntSushi_ripgrep_14.1.1_15.0.0/mstone_trial/_claude-code_opus-4.5_run_001/milestone_seed_b610d1c_1/evaluation/evaluation_result.json,1.0,1.0,1.0,1.0
independent,BurntSushi_ripgrep_14.1.1_15.0.0,maintenance_fixes_1_sub-01,_claude-code_opus-4.6_run_001,SWE-Milestone-log-results/BurntSushi_ripgrep_14.1.1_15.0.0/mstone_trial/_claude-code_opus-4.6_run_001/maintenance_fixes_1_sub-01/evaluation/evaluation_result.json,1.0,1.0,1.0,1.0
independent,BurntSushi_ripgrep_14.1.1_15.0.0,maintenance_fixes_1_sub-02,_claude-code_opus-4.6_run_001,SWE-Milestone-log-results/BurntSushi_ripgrep_14.1.1_15.0.0/mstone_trial/_claude-code_opus-4.6_run_001/maintenance_fixes_1_sub-02/evaluation/evaluation_result.json,1.0,1.0,1.0,1.0
independent,BurntSushi_ripgrep_14.1.1_15.0.0,maintenance_style_1,_claude-code_opus-4.6_run_001,SWE-Milestone-log-results/BurntSushi_ripgrep_14.1.1_15.0.0/mstone_trial/_claude-code_opus-4.6_run_001/maintenance_style_1/evaluation/evaluation_result.json,1.0,1.0,1.0,1.0
independent,BurntSushi_ripgrep_14.1.1_15.0.0,milestone_seed_119407d_1_sub-01,_claude-code_opus-4.6_run_001,SWE-Milestone-log-results/BurntSushi_ripgrep_14.1.1_15.0.0/mstone_trial/_claude-code_opus-4.6_run_001/milestone_seed_119407d_1_sub-01/evaluation/evaluation_result.json,1.0,1.0,1.0,1.0
independent,BurntSushi_ripgrep_14.1.1_15.0.0,milestone_seed_119407d_1_sub-02,_claude-code_opus-4.6_run_001,SWE-Milestone-log-results/BurntSushi_ripgrep_14.1.1_15.0.0/mstone_trial/_claude-code_opus-4.6_run_001/milestone_seed_119407d_1_sub-02/evaluation/evaluation_result.json,1.0,1.0,1.0,1.0
independent,BurntSushi_ripgrep_14.1.1_15.0.0,milestone_seed_2924d0c_1,_claude-code_opus-4.6_run_001,SWE-Milestone-log-results/BurntSushi_ripgrep_14.1.1_15.0.0/mstone_trial/_claude-code_opus-4.6_run_001/milestone_seed_2924d0c_1/evaluation/evaluation_result.json,1.0,1.0,1.0,1.0
independent,BurntSushi_ripgrep_14.1.1_15.0.0,milestone_seed_292bc54_1,_claude-code_opus-4.6_run_001,SWE-Milestone-log-results/BurntSushi_ripgrep_14.1.1_15.0.0/mstone_trial/_claude-code_opus-4.6_run_001/milestone_seed_292bc54_1/evaluation/evaluation_result.json,1.0,1.0,1.0,1.0
independent,BurntSushi_ripgrep_14.1.1_15.0.0,milestone_seed_5f5da48_1_sub-01,_claude-code_opus-4.6_run_001,SWE-Milestone-log-results/BurntSushi_ripgrep_14.1.1_15.0.0/mstone_trial/_claude-code_opus-4.6_run_001/milestone_seed_5f5da48_1_sub-01/evaluation/evaluation_result.json,1.0,1.0,1.0,1.0
independent,BurntSushi_ripgrep_14.1.1_15.0.0,milestone_seed_5f5da48_1_sub-02,_claude-code_opus-4.6_run_001,SWE-Milestone-log-results/BurntSushi_ripgrep_14.1.1_15.0.0/mstone_trial/_claude-code_opus-4.6_run_001/milestone_seed_5f5da48_1_sub-02/evaluation/evaluation_result.json,0.0,0.0,0.0,0.0
independent,BurntSushi_ripgrep_14.1.1_15.0.0,milestone_seed_8c6595c_1,_claude-code_opus-4.6_run_001,SWE-Milestone-log-results/BurntSushi_ripgrep_14.1.1_15.0.0/mstone_trial/_claude-code_opus-4.6_run_001/milestone_seed_8c6595c_1/evaluation/evaluation_result.json,1.0,1.0,1.0,1.0
independent,BurntSushi_ripgrep_14.1.1_15.0.0,milestone_seed_a6e0be3_1_sub-01,_claude-code_opus-4.6_run_001,SWE-Milestone-log-results/BurntSushi_ripgrep_14.1.1_15.0.0/mstone_trial/_claude-code_opus-4.6_run_001/milestone_seed_a6e0be3_1_sub-01/evaluation/evaluation_result.json,0.0,0.5,1.0,0.6666666666666666
independent,BurntSushi_ripgrep_14.1.1_15.0.0,milestone_seed_a6e0be3_1_sub-02,_claude-code_opus-4.6_run_001,SWE-Milestone-log-results/BurntSushi_ripgrep_14.1.1_15.0.0/mstone_trial/_claude-code_opus-4.6_run_001/milestone_seed_a6e0be3_1_sub-02/evaluation/evaluation_result.json,1.0,1.0,1.0,1.0
independent,BurntSushi_ripgrep_14.1.1_15.0.0,milestone_seed_b610d1c_1,_claude-code_opus-4.6_run_001,SWE-Milestone-log-results/BurntSushi_ripgrep_14.1.1_15.0.0/mstone_trial/_claude-code_opus-4.6_run_001/milestone_seed_b610d1c_1/evaluation/evaluation_result.json,1.0,1.0,1.0,1.0
independent,BurntSushi_ripgrep_14.1.1_15.0.0,maintenance_fixes_1_sub-01,_claude-code_sonnet-4.5_run_001,SWE-Milestone-log-results/BurntSushi_ripgrep_14.1.1_15.0.0/mstone_trial/_claude-code_sonnet-4.5_run_001/maintenance_fixes_1_sub-01/evaluation/evaluation_result.json,1.0,1.0,1.0,1.0
independent,BurntSushi_ripgrep_14.1.1_15.0.0,maintenance_fixes_1_sub-02,_claude-code_sonnet-4.5_run_001,SWE-Milestone-log-results/BurntSushi_ripgrep_14.1.1_15.0.0/mstone_trial/_claude-code_sonnet-4.5_run_001/maintenance_fixes_1_sub-02/evaluation/evaluation_result.json,0.0,0.8571428571428571,1.0,0.923076923076923
independent,BurntSushi_ripgrep_14.1.1_15.0.0,maintenance_style_1,_claude-code_sonnet-4.5_run_001,SWE-Milestone-log-results/BurntSushi_ripgrep_14.1.1_15.0.0/mstone_trial/_claude-code_sonnet-4.5_run_001/maintenance_style_1/evaluation/evaluation_result.json,1.0,1.0,1.0,1.0
independent,BurntSushi_ripgrep_14.1.1_15.0.0,milestone_seed_119407d_1_sub-01,_claude-code_sonnet-4.5_run_001,SWE-Milestone-log-results/BurntSushi_ripgrep_14.1.1_15.0.0/mstone_trial/_claude-code_sonnet-4.5_run_001/milestone_seed_119407d_1_sub-01/evaluation/evaluation_result.json,1.0,1.0,1.0,1.0
independent,BurntSushi_ripgrep_14.1.1_15.0.0,milestone_seed_119407d_1_sub-02,_claude-code_sonnet-4.5_run_001,SWE-Milestone-log-results/BurntSushi_ripgrep_14.1.1_15.0.0/mstone_trial/_claude-code_sonnet-4.5_run_001/milestone_seed_119407d_1_sub-02/evaluation/evaluation_result.json,1.0,1.0,1.0,1.0
independent,BurntSushi_ripgrep_14.1.1_15.0.0,milestone_seed_2924d0c_1,_claude-code_sonnet-4.5_run_001,SWE-Milestone-log-results/BurntSushi_ripgrep_14.1.1_15.0.0/mstone_trial/_claude-code_sonnet-4.5_run_001/milestone_seed_2924d0c_1/evaluation/evaluation_result.json,1.0,1.0,1.0,1.0
independent,BurntSushi_ripgrep_14.1.1_15.0.0,milestone_seed_292bc54_1,_claude-code_sonnet-4.5_run_001,SWE-Milestone-log-results/BurntSushi_ripgrep_14.1.1_15.0.0/mstone_trial/_claude-code_sonnet-4.5_run_001/milestone_seed_292bc54_1/evaluation/evaluation_result.json,1.0,1.0,1.0,1.0
independent,BurntSushi_ripgrep_14.1.1_15.0.0,milestone_seed_5f5da48_1_sub-01,_claude-code_sonnet-4.5_run_001,SWE-Milestone-log-results/BurntSushi_ripgrep_14.1.1_15.0.0/mstone_trial/_claude-code_sonnet-4.5_run_001/milestone_seed_5f5da48_1_sub-01/evaluation/evaluation_result.json,0.0,0.0,0.0,0.0
independent,BurntSushi_ripgrep_14.1.1_15.0.0,milestone_seed_5f5da48_1_sub-02,_claude-code_sonnet-4.5_run_001,SWE-Milestone-log-results/BurntSushi_ripgrep_14.1.1_15.0.0/mstone_trial/_claude-code_sonnet-4.5_run_001/milestone_seed_5f5da48_1_sub-02/evaluation/evaluation_result.json,0.0,0.0,0.0,0.0
independent,BurntSushi_ripgrep_14.1.1_15.0.0,milestone_seed_8c6595c_1,_claude-code_sonnet-4.5_run_001,SWE-Milestone-log-results/BurntSushi_ripgrep_14.1.1_15.0.0/mstone_trial/_claude-code_sonnet-4.5_run_001/milestone_seed_8c6595c_1/evaluation/evaluation_result.json,0.0,1.0,0.375,0.5454545454545454
independent,BurntSushi_ripgrep_14.1.1_15.0.0,milestone_seed_a6e0be3_1_sub-01,_claude-code_sonnet-4.5_run_001,SWE-Milestone-log-results/BurntSushi_ripgrep_14.1.1_15.0.0/mstone_trial/_claude-code_sonnet-4.5_run_001/milestone_seed_a6e0be3_1_sub-01/evaluation/evaluation_result.json,1.0,1.0,1.0,1.0
independent,BurntSushi_ripgrep_14.1.1_15.0.0,milestone_seed_a6e0be3_1_sub-02,_claude-code_sonnet-4.5_run_001,SWE-Milestone-log-results/BurntSushi_ripgrep_14.1.1_15.0.0/mstone_trial/_claude-code_sonnet-4.5_run_001/milestone_seed_a6e0be3_1_sub-02/evaluation/evaluation_result.json,1.0,1.0,1.0,1.0
independent,BurntSushi_ripgrep_14.1.1_15.0.0,milestone_seed_b610d1c_1,_claude-code_sonnet-4.5_run_001,SWE-Milestone-log-results/BurntSushi_ripgrep_14.1.1_15.0.0/mstone_trial/_claude-code_sonnet-4.5_run_001/milestone_seed_b610d1c_1/evaluation/evaluation_result.json,1.0,1.0,1.0,1.0
independent,BurntSushi_ripgrep_14.1.1_15.0.0,maintenance_fixes_1_sub-01,_claude-code_sonnet-4.6_run_002,SWE-Milestone-log-results/BurntSushi_ripgrep_14.1.1_15.0.0/mstone_trial/_claude-code_sonnet-4.6_run_002/maintenance_fixes_1_sub-01/evaluation/evaluation_result.json,1.0,1.0,1.0,1.0
independent,BurntSushi_ripgrep_14.1.1_15.0.0,maintenance_fixes_1_sub-02,_claude-code_sonnet-4.6_run_002,SWE-Milestone-log-results/BurntSushi_ripgrep_14.1.1_15.0.0/mstone_trial/_claude-code_sonnet-4.6_run_002/maintenance_fixes_1_sub-02/evaluation/evaluation_result.json,1.0,1.0,1.0,1.0
independent,BurntSushi_ripgrep_14.1.1_15.0.0,maintenance_style_1,_claude-code_sonnet-4.6_run_002,SWE-Milestone-log-results/BurntSushi_ripgrep_14.1.1_15.0.0/mstone_trial/_claude-code_sonnet-4.6_run_002/maintenance_style_1/evaluation/evaluation_result.json,1.0,1.0,1.0,1.0
independent,BurntSushi_ripgrep_14.1.1_15.0.0,milestone_seed_119407d_1_sub-01,_claude-code_sonnet-4.6_run_002,SWE-Milestone-log-results/BurntSushi_ripgrep_14.1.1_15.0.0/mstone_trial/_claude-code_sonnet-4.6_run_002/milestone_seed_119407d_1_sub-01/evaluation/evaluation_result.json,1.0,1.0,1.0,1.0
independent,BurntSushi_ripgrep_14.1.1_15.0.0,milestone_seed_119407d_1_sub-02,_claude-code_sonnet-4.6_run_002,SWE-Milestone-log-results/BurntSushi_ripgrep_14.1.1_15.0.0/mstone_trial/_claude-code_sonnet-4.6_run_002/milestone_seed_119407d_1_sub-02/evaluation/evaluation_result.json,1.0,1.0,1.0,1.0
independent,BurntSushi_ripgrep_14.1.1_15.0.0,milestone_seed_2924d0c_1,_claude-code_sonnet-4.6_run_002,SWE-Milestone-log-results/BurntSushi_ripgrep_14.1.1_15.0.0/mstone_trial/_claude-code_sonnet-4.6_run_002/milestone_seed_2924d0c_1/evaluation/evaluation_result.json,1.0,1.0,1.0,1.0
independent,BurntSushi_ripgrep_14.1.1_15.0.0,milestone_seed_292bc54_1,_claude-code_sonnet-4.6_run_002,SWE-Milestone-log-results/BurntSushi_ripgrep_14.1.1_15.0.0/mstone_trial/_claude-code_sonnet-4.6_run_002/milestone_seed_292bc54_1/evaluation/evaluation_result.json,1.0,1.0,1.0,1.0
independent,BurntSushi_ripgrep_14.1.1_15.0.0,milestone_seed_5f5da48_1_sub-01,_claude-code_sonnet-4.6_run_002,SWE-Milestone-log-results/BurntSushi_ripgrep_14.1.1_15.0.0/mstone_trial/_claude-code_sonnet-4.6_run_002/milestone_seed_5f5da48_1_sub-01/evaluation/evaluation_result.json,1.0,1.0,1.0,1.0
independent,BurntSushi_ripgrep_14.1.1_15.0.0,milestone_seed_5f5da48_1_sub-02,_claude-code_sonnet-4.6_run_002,SWE-Milestone-log-results/BurntSushi_ripgrep_14.1.1_15.0.0/mstone_trial/_claude-code_sonnet-4.6_run_002/milestone_seed_5f5da48_1_sub-02/evaluation/evaluation_result.json,1.0,1.0,1.0,1.0
independent,BurntSushi_ripgrep_14.1.1_15.0.0,milestone_seed_8c6595c_1,_claude-code_sonnet-4.6_run_002,SWE-Milestone-log-results/BurntSushi_ripgrep_14.1.1_15.0.0/mstone_trial/_claude-code_sonnet-4.6_run_002/milestone_seed_8c6595c_1/evaluation/evaluation_result.json,0.0,1.0,0.75,0.8571428571428571
independent,BurntSushi_ripgrep_14.1.1_15.0.0,milestone_seed_a6e0be3_1_sub-01,_claude-code_sonnet-4.6_run_002,SWE-Milestone-log-results/BurntSushi_ripgrep_14.1.1_15.0.0/mstone_trial/_claude-code_sonnet-4.6_run_002/milestone_seed_a6e0be3_1_sub-01/evaluation/evaluation_result.json,1.0,1.0,1.0,1.0
independent,BurntSushi_ripgrep_14.1.1_15.0.0,milestone_seed_a6e0be3_1_sub-02,_claude-code_sonnet-4.6_run_002,SWE-Milestone-log-results/BurntSushi_ripgrep_14.1.1_15.0.0/mstone_trial/_claude-code_sonnet-4.6_run_002/milestone_seed_a6e0be3_1_sub-02/evaluation/evaluation_result.json,1.0,1.0,1.0,1.0
independent,BurntSushi_ripgrep_14.1.1_15.0.0,milestone_seed_b610d1c_1,_claude-code_sonnet-4.6_run_002,SWE-Milestone-log-results/BurntSushi_ripgrep_14.1.1_15.0.0/mstone_trial/_claude-code_sonnet-4.6_run_002/milestone_seed_b610d1c_1/evaluation/evaluation_result.json,1.0,1.0,1.0,1.0
independent,BurntSushi_ripgrep_14.1.1_15.0.0,maintenance_fixes_1_sub-01,_codex_gpt-5.2-codex_run_001,SWE-Milestone-log-results/BurntSushi_ripgrep_14.1.1_15.0.0/mstone_trial/_codex_gpt-5.2-codex_run_001/maintenance_fixes_1_sub-01/evaluation/evaluation_result.json,1.0,1.0,1.0,1.0
independent,BurntSushi_ripgrep_14.1.1_15.0.0,maintenance_fixes_1_sub-02,_codex_gpt-5.2-codex_run_001,SWE-Milestone-log-results/BurntSushi_ripgrep_14.1.1_15.0.0/mstone_trial/_codex_gpt-5.2-codex_run_001/maintenance_fixes_1_sub-02/evaluation/evaluation_result.json,0.0,0.0,0.0,0.0
independent,BurntSushi_ripgrep_14.1.1_15.0.0,maintenance_style_1,_codex_gpt-5.2-codex_run_001,SWE-Milestone-log-results/BurntSushi_ripgrep_14.1.1_15.0.0/mstone_trial/_codex_gpt-5.2-codex_run_001/maintenance_style_1/evaluation/evaluation_result.json,0.0,0.0,0.0,0.0
independent,BurntSushi_ripgrep_14.1.1_15.0.0,milestone_seed_119407d_1_sub-01,_codex_gpt-5.2-codex_run_001,SWE-Milestone-log-results/BurntSushi_ripgrep_14.1.1_15.0.0/mstone_trial/_codex_gpt-5.2-codex_run_001/milestone_seed_119407d_1_sub-01/evaluation/evaluation_result.json,1.0,1.0,1.0,1.0
independent,BurntSushi_ripgrep_14.1.1_15.0.0,milestone_seed_119407d_1_sub-02,_codex_gpt-5.2-codex_run_001,SWE-Milestone-log-results/BurntSushi_ripgrep_14.1.1_15.0.0/mstone_trial/_codex_gpt-5.2-codex_run_001/milestone_seed_119407d_1_sub-02/evaluation/evaluation_result.json,0.0,0.0,0.0,0.0
independent,BurntSushi_ripgrep_14.1.1_15.0.0,milestone_seed_2924d0c_1,_codex_gpt-5.2-codex_run_001,SWE-Milestone-log-results/BurntSushi_ripgrep_14.1.1_15.0.0/mstone_trial/_codex_gpt-5.2-codex_run_001/milestone_seed_2924d0c_1/evaluation/evaluation_result.json,1.0,1.0,1.0,1.0
independent,BurntSushi_ripgrep_14.1.1_15.0.0,milestone_seed_292bc54_1,_codex_gpt-5.2-codex_run_001,SWE-Milestone-log-results/BurntSushi_ripgrep_14.1.1_15.0.0/mstone_trial/_codex_gpt-5.2-codex_run_001/milestone_seed_292bc54_1/evaluation/evaluation_result.json,0.0,0.0,0.0,0.0
independent,BurntSushi_ripgrep_14.1.1_15.0.0,milestone_seed_5f5da48_1_sub-01,_codex_gpt-5.2-codex_run_001,SWE-Milestone-log-results/BurntSushi_ripgrep_14.1.1_15.0.0/mstone_trial/_codex_gpt-5.2-codex_run_001/milestone_seed_5f5da48_1_sub-01/evaluation/evaluation_result.json,1.0,1.0,1.0,1.0
independent,BurntSushi_ripgrep_14.1.1_15.0.0,milestone_seed_5f5da48_1_sub-02,_codex_gpt-5.2-codex_run_001,SWE-Milestone-log-results/BurntSushi_ripgrep_14.1.1_15.0.0/mstone_trial/_codex_gpt-5.2-codex_run_001/milestone_seed_5f5da48_1_sub-02/evaluation/evaluation_result.json,1.0,1.0,1.0,1.0
independent,BurntSushi_ripgrep_14.1.1_15.0.0,milestone_seed_8c6595c_1,_codex_gpt-5.2-codex_run_001,SWE-Milestone-log-results/BurntSushi_ripgrep_14.1.1_15.0.0/mstone_trial/_codex_gpt-5.2-codex_run_001/milestone_seed_8c6595c_1/evaluation/evaluation_result.json,0.0,1.0,0.5,0.6666666666666666
independent,BurntSushi_ripgrep_14.1.1_15.0.0,milestone_seed_a6e0be3_1_sub-01,_codex_gpt-5.2-codex_run_001,SWE-Milestone-log-results/BurntSushi_ripgrep_14.1.1_15.0.0/mstone_trial/_codex_gpt-5.2-codex_run_001/milestone_seed_a6e0be3_1_sub-01/evaluation/evaluation_result.json,0.0,0.875,1.0,0.9333333333333333
independent,BurntSushi_ripgrep_14.1.1_15.0.0,milestone_seed_a6e0be3_1_sub-02,_codex_gpt-5.2-codex_run_001,SWE-Milestone-log-results/BurntSushi_ripgrep_14.1.1_15.0.0/mstone_trial/_codex_gpt-5.2-codex_run_001/milestone_seed_a6e0be3_1_sub-02/evaluation/evaluation_result.json,1.0,1.0,1.0,1.0
independent,BurntSushi_ripgrep_14.1.1_15.0.0,milestone_seed_b610d1c_1,_codex_gpt-5.2-codex_run_001,SWE-Milestone-log-results/BurntSushi_ripgrep_14.1.1_15.0.0/mstone_trial/_codex_gpt-5.2-codex_run_001/milestone_seed_b610d1c_1/evaluation/evaluation_result.json,1.0,1.0,1.0,1.0
independent,BurntSushi_ripgrep_14.1.1_15.0.0,maintenance_fixes_1_sub-01,_codex_gpt-5.2_run_001,SWE-Milestone-log-results/BurntSushi_ripgrep_14.1.1_15.0.0/mstone_trial/_codex_gpt-5.2_run_001/maintenance_fixes_1_sub-01/evaluation/evaluation_result.json,1.0,1.0,1.0,1.0
independent,BurntSushi_ripgrep_14.1.1_15.0.0,maintenance_fixes_1_sub-02,_codex_gpt-5.2_run_001,SWE-Milestone-log-results/BurntSushi_ripgrep_14.1.1_15.0.0/mstone_trial/_codex_gpt-5.2_run_001/maintenance_fixes_1_sub-02/evaluation/evaluation_result.json,1.0,1.0,1.0,1.0
independent,BurntSushi_ripgrep_14.1.1_15.0.0,maintenance_style_1,_codex_gpt-5.2_run_001,SWE-Milestone-log-results/BurntSushi_ripgrep_14.1.1_15.0.0/mstone_trial/_codex_gpt-5.2_run_001/maintenance_style_1/evaluation/evaluation_result.json,1.0,1.0,1.0,1.0
independent,BurntSushi_ripgrep_14.1.1_15.0.0,milestone_seed_119407d_1_sub-01,_codex_gpt-5.2_run_001,SWE-Milestone-log-results/BurntSushi_ripgrep_14.1.1_15.0.0/mstone_trial/_codex_gpt-5.2_run_001/milestone_seed_119407d_1_sub-01/evaluation/evaluation_result.json,1.0,1.0,1.0,1.0
independent,BurntSushi_ripgrep_14.1.1_15.0.0,milestone_seed_119407d_1_sub-02,_codex_gpt-5.2_run_001,SWE-Milestone-log-results/BurntSushi_ripgrep_14.1.1_15.0.0/mstone_trial/_codex_gpt-5.2_run_001/milestone_seed_119407d_1_sub-02/evaluation/evaluation_result.json,0.0,0.0,0.0,0.0
independent,BurntSushi_ripgrep_14.1.1_15.0.0,milestone_seed_2924d0c_1,_codex_gpt-5.2_run_001,SWE-Milestone-log-results/BurntSushi_ripgrep_14.1.1_15.0.0/mstone_trial/_codex_gpt-5.2_run_001/milestone_seed_2924d0c_1/evaluation/evaluation_result.json,1.0,1.0,1.0,1.0
independent,BurntSushi_ripgrep_14.1.1_15.0.0,milestone_seed_292bc54_1,_codex_gpt-5.2_run_001,SWE-Milestone-log-results/BurntSushi_ripgrep_14.1.1_15.0.0/mstone_trial/_codex_gpt-5.2_run_001/milestone_seed_292bc54_1/evaluation/evaluation_result.json,1.0,1.0,1.0,1.0
independent,BurntSushi_ripgrep_14.1.1_15.0.0,milestone_seed_5f5da48_1_sub-01,_codex_gpt-5.2_run_001,SWE-Milestone-log-results/BurntSushi_ripgrep_14.1.1_15.0.0/mstone_trial/_codex_gpt-5.2_run_001/milestone_seed_5f5da48_1_sub-01/evaluation/evaluation_result.json,0.0,0.0,0.0,0.0
independent,BurntSushi_ripgrep_14.1.1_15.0.0,milestone_seed_5f5da48_1_sub-02,_codex_gpt-5.2_run_001,SWE-Milestone-log-results/BurntSushi_ripgrep_14.1.1_15.0.0/mstone_trial/_codex_gpt-5.2_run_001/milestone_seed_5f5da48_1_sub-02/evaluation/evaluation_result.json,1.0,1.0,1.0,1.0
independent,BurntSushi_ripgrep_14.1.1_15.0.0,milestone_seed_8c6595c_1,_codex_gpt-5.2_run_001,SWE-Milestone-log-results/BurntSushi_ripgrep_14.1.1_15.0.0/mstone_trial/_codex_gpt-5.2_run_001/milestone_seed_8c6595c_1/evaluation/evaluation_result.json,0.0,1.0,0.5,0.6666666666666666
independent,BurntSushi_ripgrep_14.1.1_15.0.0,milestone_seed_a6e0be3_1_sub-01,_codex_gpt-5.2_run_001,SWE-Milestone-log-results/BurntSushi_ripgrep_14.1.1_15.0.0/mstone_trial/_codex_gpt-5.2_run_001/milestone_seed_a6e0be3_1_sub-01/evaluation/evaluation_result.json,0.0,0.5,0.38461538461538464,0.4347826086956522
independent,BurntSushi_ripgrep_14.1.1_15.0.0,milestone_seed_a6e0be3_1_sub-02,_codex_gpt-5.2_run_001,SWE-Milestone-log-results/BurntSushi_ripgrep_14.1.1_15.0.0/mstone_trial/_codex_gpt-5.2_run_001/milestone_seed_a6e0be3_1_sub-02/evaluation/evaluation_result.json,0.0,0.0,0.0,0.0
independent,BurntSushi_ripgrep_14.1.1_15.0.0,milestone_seed_b610d1c_1,_codex_gpt-5.2_run_001,SWE-Milestone-log-results/BurntSushi_ripgrep_14.1.1_15.0.0/mstone_trial/_codex_gpt-5.2_run_001/milestone_seed_b610d1c_1/evaluation/evaluation_result.json,1.0,1.0,1.0,1.0
independent,BurntSushi_ripgrep_14.1.1_15.0.0,maintenance_fixes_1_sub-01,_codex_gpt-5.3-codex_run_002,SWE-Milestone-log-results/BurntSushi_ripgrep_14.1.1_15.0.0/mstone_trial/_codex_gpt-5.3-codex_run_002/maintenance_fixes_1_sub-01/evaluation/evaluation_result.json,0.0,0.5,1.0,0.6666666666666666
independent,BurntSushi_ripgrep_14.1.1_15.0.0,maintenance_fixes_1_sub-02,_codex_gpt-5.3-codex_run_002,SWE-Milestone-log-results/BurntSushi_ripgrep_14.1.1_15.0.0/mstone_trial/_codex_gpt-5.3-codex_run_002/maintenance_fixes_1_sub-02/evaluation/evaluation_result.json,1.0,1.0,1.0,1.0
independent,BurntSushi_ripgrep_14.1.1_15.0.0,maintenance_style_1,_codex_gpt-5.3-codex_run_002,SWE-Milestone-log-results/BurntSushi_ripgrep_14.1.1_15.0.0/mstone_trial/_codex_gpt-5.3-codex_run_002/maintenance_style_1/evaluation/evaluation_result.json,1.0,1.0,1.0,1.0
independent,BurntSushi_ripgrep_14.1.1_15.0.0,milestone_seed_119407d_1_sub-01,_codex_gpt-5.3-codex_run_002,SWE-Milestone-log-results/BurntSushi_ripgrep_14.1.1_15.0.0/mstone_trial/_codex_gpt-5.3-codex_run_002/milestone_seed_119407d_1_sub-01/evaluation/evaluation_result.json,1.0,1.0,1.0,1.0
independent,BurntSushi_ripgrep_14.1.1_15.0.0,milestone_seed_119407d_1_sub-02,_codex_gpt-5.3-codex_run_002,SWE-Milestone-log-results/BurntSushi_ripgrep_14.1.1_15.0.0/mstone_trial/_codex_gpt-5.3-codex_run_002/milestone_seed_119407d_1_sub-02/evaluation/evaluation_result.json,0.0,1.0,0.25,0.4
independent,BurntSushi_ripgrep_14.1.1_15.0.0,milestone_seed_2924d0c_1,_codex_gpt-5.3-codex_run_002,SWE-Milestone-log-results/BurntSushi_ripgrep_14.1.1_15.0.0/mstone_trial/_codex_gpt-5.3-codex_run_002/milestone_seed_2924d0c_1/evaluation/evaluation_result.json,1.0,1.0,1.0,1.0
independent,BurntSushi_ripgrep_14.1.1_15.0.0,milestone_seed_292bc54_1,_codex_gpt-5.3-codex_run_002,SWE-Milestone-log-results/BurntSushi_ripgrep_14.1.1_15.0.0/mstone_trial/_codex_gpt-5.3-codex_run_002/milestone_seed_292bc54_1/evaluation/evaluation_result.json,0.0,0.0,0.0,0.0
independent,BurntSushi_ripgrep_14.1.1_15.0.0,milestone_seed_5f5da48_1_sub-01,_codex_gpt-5.3-codex_run_002,SWE-Milestone-log-results/BurntSushi_ripgrep_14.1.1_15.0.0/mstone_trial/_codex_gpt-5.3-codex_run_002/milestone_seed_5f5da48_1_sub-01/evaluation/evaluation_result.json,1.0,1.0,1.0,1.0
independent,BurntSushi_ripgrep_14.1.1_15.0.0,milestone_seed_5f5da48_1_sub-02,_codex_gpt-5.3-codex_run_002,SWE-Milestone-log-results/BurntSushi_ripgrep_14.1.1_15.0.0/mstone_trial/_codex_gpt-5.3-codex_run_002/milestone_seed_5f5da48_1_sub-02/evaluation/evaluation_result.json,0.0,0.1,1.0,0.18181818181818182
independent,BurntSushi_ripgrep_14.1.1_15.0.0,milestone_seed_8c6595c_1,_codex_gpt-5.3-codex_run_002,SWE-Milestone-log-results/BurntSushi_ripgrep_14.1.1_15.0.0/mstone_trial/_codex_gpt-5.3-codex_run_002/milestone_seed_8c6595c_1/evaluation/evaluation_result.json,0.0,0.0,1.0,0.0
independent,BurntSushi_ripgrep_14.1.1_15.0.0,milestone_seed_a6e0be3_1_sub-01,_codex_gpt-5.3-codex_run_002,SWE-Milestone-log-results/BurntSushi_ripgrep_14.1.1_15.0.0/mstone_trial/_codex_gpt-5.3-codex_run_002/milestone_seed_a6e0be3_1_sub-01/evaluation/evaluation_result.json,0.0,0.125,1.0,0.2222222222222222
independent,BurntSushi_ripgrep_14.1.1_15.0.0,milestone_seed_a6e0be3_1_sub-02,_codex_gpt-5.3-codex_run_002,SWE-Milestone-log-results/BurntSushi_ripgrep_14.1.1_15.0.0/mstone_trial/_codex_gpt-5.3-codex_run_002/milestone_seed_a6e0be3_1_sub-02/evaluation/evaluation_result.json,1.0,1.0,1.0,1.0
independent,BurntSushi_ripgrep_14.1.1_15.0.0,milestone_seed_b610d1c_1,_codex_gpt-5.3-codex_run_002,SWE-Milestone-log-results/BurntSushi_ripgrep_14.1.1_15.0.0/mstone_trial/_codex_gpt-5.3-codex_run_002/milestone_seed_b610d1c_1/evaluation/evaluation_result.json,1.0,1.0,1.0,1.0
independent,BurntSushi_ripgrep_14.1.1_15.0.0,maintenance_fixes_1_sub-01,_gemini-cli_gemini-3-flash_run_001,SWE-Milestone-log-results/BurntSushi_ripgrep_14.1.1_15.0.0/mstone_trial/_gemini-cli_gemini-3-flash_run_001/maintenance_fixes_1_sub-01/evaluation/evaluation_result.json,0.0,0.0,0.0,0.0
independent,BurntSushi_ripgrep_14.1.1_15.0.0,maintenance_fixes_1_sub-02,_gemini-cli_gemini-3-flash_run_001,SWE-Milestone-log-results/BurntSushi_ripgrep_14.1.1_15.0.0/mstone_trial/_gemini-cli_gemini-3-flash_run_001/maintenance_fixes_1_sub-02/evaluation/evaluation_result.json,0.0,0.0,0.0,0.0
independent,BurntSushi_ripgrep_14.1.1_15.0.0,milestone_seed_119407d_1_sub-01,_gemini-cli_gemini-3-flash_run_001,SWE-Milestone-log-results/BurntSushi_ripgrep_14.1.1_15.0.0/mstone_trial/_gemini-cli_gemini-3-flash_run_001/milestone_seed_119407d_1_sub-01/evaluation/evaluation_result.json,1.0,1.0,1.0,1.0
independent,BurntSushi_ripgrep_14.1.1_15.0.0,milestone_seed_119407d_1_sub-02,_gemini-cli_gemini-3-flash_run_001,SWE-Milestone-log-results/BurntSushi_ripgrep_14.1.1_15.0.0/mstone_trial/_gemini-cli_gemini-3-flash_run_001/milestone_seed_119407d_1_sub-02/evaluation/evaluation_result.json,0.0,0.0,0.0,0.0
independent,BurntSushi_ripgrep_14.1.1_15.0.0,milestone_seed_2924d0c_1,_gemini-cli_gemini-3-flash_run_001,SWE-Milestone-log-results/BurntSushi_ripgrep_14.1.1_15.0.0/mstone_trial/_gemini-cli_gemini-3-flash_run_001/milestone_seed_2924d0c_1/evaluation/evaluation_result.json,1.0,1.0,1.0,1.0
independent,BurntSushi_ripgrep_14.1.1_15.0.0,milestone_seed_292bc54_1,_gemini-cli_gemini-3-flash_run_001,SWE-Milestone-log-results/BurntSushi_ripgrep_14.1.1_15.0.0/mstone_trial/_gemini-cli_gemini-3-flash_run_001/milestone_seed_292bc54_1/evaluation/evaluation_result.json,1.0,1.0,1.0,1.0
independent,BurntSushi_ripgrep_14.1.1_15.0.0,milestone_seed_5f5da48_1_sub-01,_gemini-cli_gemini-3-flash_run_001,SWE-Milestone-log-results/BurntSushi_ripgrep_14.1.1_15.0.0/mstone_trial/_gemini-cli_gemini-3-flash_run_001/milestone_seed_5f5da48_1_sub-01/evaluation/evaluation_result.json,1.0,1.0,1.0,1.0
independent,BurntSushi_ripgrep_14.1.1_15.0.0,milestone_seed_5f5da48_1_sub-02,_gemini-cli_gemini-3-flash_run_001,SWE-Milestone-log-results/BurntSushi_ripgrep_14.1.1_15.0.0/mstone_trial/_gemini-cli_gemini-3-flash_run_001/milestone_seed_5f5da48_1_sub-02/evaluation/evaluation_result.json,1.0,1.0,1.0,1.0
independent,BurntSushi_ripgrep_14.1.1_15.0.0,milestone_seed_8c6595c_1,_gemini-cli_gemini-3-flash_run_001,SWE-Milestone-log-results/BurntSushi_ripgrep_14.1.1_15.0.0/mstone_trial/_gemini-cli_gemini-3-flash_run_001/milestone_seed_8c6595c_1/evaluation/evaluation_result.json,0.0,1.0,0.75,0.8571428571428571
independent,BurntSushi_ripgrep_14.1.1_15.0.0,milestone_seed_a6e0be3_1_sub-01,_gemini-cli_gemini-3-flash_run_001,SWE-Milestone-log-results/BurntSushi_ripgrep_14.1.1_15.0.0/mstone_trial/_gemini-cli_gemini-3-flash_run_001/milestone_seed_a6e0be3_1_sub-01/evaluation/evaluation_result.json,0.0,0.625,1.0,0.7692307692307693
independent,BurntSushi_ripgrep_14.1.1_15.0.0,milestone_seed_a6e0be3_1_sub-02,_gemini-cli_gemini-3-flash_run_001,SWE-Milestone-log-results/BurntSushi_ripgrep_14.1.1_15.0.0/mstone_trial/_gemini-cli_gemini-3-flash_run_001/milestone_seed_a6e0be3_1_sub-02/evaluation/evaluation_result.json,0.0,0.0,0.0,0.0
independent,BurntSushi_ripgrep_14.1.1_15.0.0,milestone_seed_b610d1c_1,_gemini-cli_gemini-3-flash_run_001,SWE-Milestone-log-results/BurntSushi_ripgrep_14.1.1_15.0.0/mstone_trial/_gemini-cli_gemini-3-flash_run_001/milestone_seed_b610d1c_1/evaluation/evaluation_result.json,1.0,1.0,1.0,1.0
independent,BurntSushi_ripgrep_14.1.1_15.0.0,maintenance_fixes_1_sub-01,_gemini-cli_gemini-3-pro_run_001,SWE-Milestone-log-results/BurntSushi_ripgrep_14.1.1_15.0.0/mstone_trial/_gemini-cli_gemini-3-pro_run_001/maintenance_fixes_1_sub-01/evaluation/evaluation_result.json,1.0,1.0,1.0,1.0
independent,BurntSushi_ripgrep_14.1.1_15.0.0,maintenance_fixes_1_sub-02,_gemini-cli_gemini-3-pro_run_001,SWE-Milestone-log-results/BurntSushi_ripgrep_14.1.1_15.0.0/mstone_trial/_gemini-cli_gemini-3-pro_run_001/maintenance_fixes_1_sub-02/evaluation/evaluation_result.json,0.0,0.0,0.0,0.0
independent,BurntSushi_ripgrep_14.1.1_15.0.0,maintenance_style_1,_gemini-cli_gemini-3-pro_run_001,SWE-Milestone-log-results/BurntSushi_ripgrep_14.1.1_15.0.0/mstone_trial/_gemini-cli_gemini-3-pro_run_001/maintenance_style_1/evaluation/evaluation_result.json,1.0,1.0,1.0,1.0
independent,BurntSushi_ripgrep_14.1.1_15.0.0,milestone_seed_119407d_1_sub-01,_gemini-cli_gemini-3-pro_run_001,SWE-Milestone-log-results/BurntSushi_ripgrep_14.1.1_15.0.0/mstone_trial/_gemini-cli_gemini-3-pro_run_001/milestone_seed_119407d_1_sub-01/evaluation/evaluation_result.json,1.0,1.0,1.0,1.0
independent,BurntSushi_ripgrep_14.1.1_15.0.0,milestone_seed_119407d_1_sub-02,_gemini-cli_gemini-3-pro_run_001,SWE-Milestone-log-results/BurntSushi_ripgrep_14.1.1_15.0.0/mstone_trial/_gemini-cli_gemini-3-pro_run_001/milestone_seed_119407d_1_sub-02/evaluation/evaluation_result.json,0.0,0.0,0.0,0.0
independent,BurntSushi_ripgrep_14.1.1_15.0.0,milestone_seed_2924d0c_1,_gemini-cli_gemini-3-pro_run_001,SWE-Milestone-log-results/BurntSushi_ripgrep_14.1.1_15.0.0/mstone_trial/_gemini-cli_gemini-3-pro_run_001/milestone_seed_2924d0c_1/evaluation/evaluation_result.json,1.0,1.0,1.0,1.0
independent,BurntSushi_ripgrep_14.1.1_15.0.0,milestone_seed_292bc54_1,_gemini-cli_gemini-3-pro_run_001,SWE-Milestone-log-results/BurntSushi_ripgrep_14.1.1_15.0.0/mstone_trial/_gemini-cli_gemini-3-pro_run_001/milestone_seed_292bc54_1/evaluation/evaluation_result.json,1.0,1.0,1.0,1.0
independent,BurntSushi_ripgrep_14.1.1_15.0.0,milestone_seed_5f5da48_1_sub-01,_gemini-cli_gemini-3-pro_run_001,SWE-Milestone-log-results/BurntSushi_ripgrep_14.1.1_15.0.0/mstone_trial/_gemini-cli_gemini-3-pro_run_001/milestone_seed_5f5da48_1_sub-01/evaluation/evaluation_result.json,1.0,1.0,1.0,1.0
independent,BurntSushi_ripgrep_14.1.1_15.0.0,milestone_seed_5f5da48_1_sub-02,_gemini-cli_gemini-3-pro_run_001,SWE-Milestone-log-results/BurntSushi_ripgrep_14.1.1_15.0.0/mstone_trial/_gemini-cli_gemini-3-pro_run_001/milestone_seed_5f5da48_1_sub-02/evaluation/evaluation_result.json,1.0,1.0,1.0,1.0
independent,BurntSushi_ripgrep_14.1.1_15.0.0,milestone_seed_8c6595c_1,_gemini-cli_gemini-3-pro_run_001,SWE-Milestone-log-results/BurntSushi_ripgrep_14.1.1_15.0.0/mstone_trial/_gemini-cli_gemini-3-pro_run_001/milestone_seed_8c6595c_1/evaluation/evaluation_result.json,1.0,1.0,1.0,1.0
independent,BurntSushi_ripgrep_14.1.1_15.0.0,milestone_seed_a6e0be3_1_sub-01,_gemini-cli_gemini-3-pro_run_001,SWE-Milestone-log-results/BurntSushi_ripgrep_14.1.1_15.0.0/mstone_trial/_gemini-cli_gemini-3-pro_run_001/milestone_seed_a6e0be3_1_sub-01/evaluation/evaluation_result.json,0.0,0.5,1.0,0.6666666666666666
independent,BurntSushi_ripgrep_14.1.1_15.0.0,milestone_seed_a6e0be3_1_sub-02,_gemini-cli_gemini-3-pro_run_001,SWE-Milestone-log-results/BurntSushi_ripgrep_14.1.1_15.0.0/mstone_trial/_gemini-cli_gemini-3-pro_run_001/milestone_seed_a6e0be3_1_sub-02/evaluation/evaluation_result.json,1.0,1.0,1.0,1.0
independent,BurntSushi_ripgrep_14.1.1_15.0.0,milestone_seed_b610d1c_1,_gemini-cli_gemini-3-pro_run_001,SWE-Milestone-log-results/BurntSushi_ripgrep_14.1.1_15.0.0/mstone_trial/_gemini-cli_gemini-3-pro_run_001/milestone_seed_b610d1c_1/evaluation/evaluation_result.json,1.0,1.0,1.0,1.0
independent,BurntSushi_ripgrep_14.1.1_15.0.0,maintenance_fixes_1_sub-01,_gemini-cli_gemini-3.1-pro_run_002,SWE-Milestone-log-results/BurntSushi_ripgrep_14.1.1_15.0.0/mstone_trial/_gemini-cli_gemini-3.1-pro_run_002/maintenance_fixes_1_sub-01/evaluation/evaluation_result.json,1.0,1.0,1.0,1.0
independent,BurntSushi_ripgrep_14.1.1_15.0.0,maintenance_fixes_1_sub-02,_gemini-cli_gemini-3.1-pro_run_002,SWE-Milestone-log-results/BurntSushi_ripgrep_14.1.1_15.0.0/mstone_trial/_gemini-cli_gemini-3.1-pro_run_002/maintenance_fixes_1_sub-02/evaluation/evaluation_result.json,1.0,1.0,1.0,1.0
independent,BurntSushi_ripgrep_14.1.1_15.0.0,maintenance_style_1,_gemini-cli_gemini-3.1-pro_run_002,SWE-Milestone-log-results/BurntSushi_ripgrep_14.1.1_15.0.0/mstone_trial/_gemini-cli_gemini-3.1-pro_run_002/maintenance_style_1/evaluation/evaluation_result.json,1.0,1.0,1.0,1.0
independent,BurntSushi_ripgrep_14.1.1_15.0.0,milestone_seed_119407d_1_sub-01,_gemini-cli_gemini-3.1-pro_run_002,SWE-Milestone-log-results/BurntSushi_ripgrep_14.1.1_15.0.0/mstone_trial/_gemini-cli_gemini-3.1-pro_run_002/milestone_seed_119407d_1_sub-01/evaluation/evaluation_result.json,1.0,1.0,1.0,1.0
independent,BurntSushi_ripgrep_14.1.1_15.0.0,milestone_seed_119407d_1_sub-02,_gemini-cli_gemini-3.1-pro_run_002,SWE-Milestone-log-results/BurntSushi_ripgrep_14.1.1_15.0.0/mstone_trial/_gemini-cli_gemini-3.1-pro_run_002/milestone_seed_119407d_1_sub-02/evaluation/evaluation_result.json,0.0,0.0,0.0,0.0
independent,BurntSushi_ripgrep_14.1.1_15.0.0,milestone_seed_2924d0c_1,_gemini-cli_gemini-3.1-pro_run_002,SWE-Milestone-log-results/BurntSushi_ripgrep_14.1.1_15.0.0/mstone_trial/_gemini-cli_gemini-3.1-pro_run_002/milestone_seed_2924d0c_1/evaluation/evaluation_result.json,1.0,1.0,1.0,1.0
independent,BurntSushi_ripgrep_14.1.1_15.0.0,milestone_seed_292bc54_1,_gemini-cli_gemini-3.1-pro_run_002,SWE-Milestone-log-results/BurntSushi_ripgrep_14.1.1_15.0.0/mstone_trial/_gemini-cli_gemini-3.1-pro_run_002/milestone_seed_292bc54_1/evaluation/evaluation_result.json,1.0,1.0,1.0,1.0
independent,BurntSushi_ripgrep_14.1.1_15.0.0,milestone_seed_5f5da48_1_sub-01,_gemini-cli_gemini-3.1-pro_run_002,SWE-Milestone-log-results/BurntSushi_ripgrep_14.1.1_15.0.0/mstone_trial/_gemini-cli_gemini-3.1-pro_run_002/milestone_seed_5f5da48_1_sub-01/evaluation/evaluation_result.json,1.0,1.0,1.0,1.0
independent,BurntSushi_ripgrep_14.1.1_15.0.0,milestone_seed_5f5da48_1_sub-02,_gemini-cli_gemini-3.1-pro_run_002,SWE-Milestone-log-results/BurntSushi_ripgrep_14.1.1_15.0.0/mstone_trial/_gemini-cli_gemini-3.1-pro_run_002/milestone_seed_5f5da48_1_sub-02/evaluation/evaluation_result.json,1.0,1.0,1.0,1.0
independent,BurntSushi_ripgrep_14.1.1_15.0.0,milestone_seed_8c6595c_1,_gemini-cli_gemini-3.1-pro_run_002,SWE-Milestone-log-results/BurntSushi_ripgrep_14.1.1_15.0.0/mstone_trial/_gemini-cli_gemini-3.1-pro_run_002/milestone_seed_8c6595c_1/evaluation/evaluation_result.json,0.0,1.0,0.75,0.8571428571428571
independent,BurntSushi_ripgrep_14.1.1_15.0.0,milestone_seed_a6e0be3_1_sub-01,_gemini-cli_gemini-3.1-pro_run_002,SWE-Milestone-log-results/BurntSushi_ripgrep_14.1.1_15.0.0/mstone_trial/_gemini-cli_gemini-3.1-pro_run_002/milestone_seed_a6e0be3_1_sub-01/evaluation/evaluation_result.json,0.0,0.375,1.0,0.5454545454545454
independent,BurntSushi_ripgrep_14.1.1_15.0.0,milestone_seed_a6e0be3_1_sub-02,_gemini-cli_gemini-3.1-pro_run_002,SWE-Milestone-log-results/BurntSushi_ripgrep_14.1.1_15.0.0/mstone_trial/_gemini-cli_gemini-3.1-pro_run_002/milestone_seed_a6e0be3_1_sub-02/evaluation/evaluation_result.json,1.0,1.0,1.0,1.0
independent,BurntSushi_ripgrep_14.1.1_15.0.0,milestone_seed_b610d1c_1,_gemini-cli_gemini-3.1-pro_run_002,SWE-Milestone-log-results/BurntSushi_ripgrep_14.1.1_15.0.0/mstone_trial/_gemini-cli_gemini-3.1-pro_run_002/milestone_seed_b610d1c_1/evaluation/evaluation_result.json,1.0,1.0,1.0,1.0
e2e,BurntSushi_ripgrep_14.1.1_15.0.0,maintenance_fixes_1_sub-01,_claude-code_glm-5.1_refine_run_002,SWE-Milestone-log-results/BurntSushi_ripgrep_14.1.1_15.0.0/e2e_trial/_claude-code_glm-5.1_refine_run_002/evaluation/maintenance_fixes_1_sub-01/evaluation_result.json,1.0,1.0,1.0,1.0
e2e,BurntSushi_ripgrep_14.1.1_15.0.0,maintenance_fixes_1_sub-02,_claude-code_glm-5.1_refine_run_002,SWE-Milestone-log-results/BurntSushi_ripgrep_14.1.1_15.0.0/e2e_trial/_claude-code_glm-5.1_refine_run_002/evaluation/maintenance_fixes_1_sub-02/evaluation_result.json,1.0,1.0,1.0,1.0
e2e,BurntSushi_ripgrep_14.1.1_15.0.0,milestone_seed_119407d_1_sub-01,_claude-code_glm-5.1_refine_run_002,SWE-Milestone-log-results/BurntSushi_ripgrep_14.1.1_15.0.0/e2e_trial/_claude-code_glm-5.1_refine_run_002/evaluation/milestone_seed_119407d_1_sub-01/evaluation_result.json,1.0,1.0,1.0,1.0
e2e,BurntSushi_ripgrep_14.1.1_15.0.0,milestone_seed_2924d0c_1,_claude-code_glm-5.1_refine_run_002,SWE-Milestone-log-results/BurntSushi_ripgrep_14.1.1_15.0.0/e2e_trial/_claude-code_glm-5.1_refine_run_002/evaluation/milestone_seed_2924d0c_1/evaluation_result.json,1.0,1.0,1.0,1.0
e2e,BurntSushi_ripgrep_14.1.1_15.0.0,milestone_seed_292bc54_1,_claude-code_glm-5.1_refine_run_002,SWE-Milestone-log-results/BurntSushi_ripgrep_14.1.1_15.0.0/e2e_trial/_claude-code_glm-5.1_refine_run_002/evaluation/milestone_seed_292bc54_1/evaluation_result.json,0.0,0.0,1.0,0.0
e2e,BurntSushi_ripgrep_14.1.1_15.0.0,milestone_seed_5f5da48_1_sub-01,_claude-code_glm-5.1_refine_run_002,SWE-Milestone-log-results/BurntSushi_ripgrep_14.1.1_15.0.0/e2e_trial/_claude-code_glm-5.1_refine_run_002/evaluation/milestone_seed_5f5da48_1_sub-01/evaluation_result.json,1.0,1.0,1.0,1.0
e2e,BurntSushi_ripgrep_14.1.1_15.0.0,milestone_seed_5f5da48_1_sub-02,_claude-code_glm-5.1_refine_run_002,SWE-Milestone-log-results/BurntSushi_ripgrep_14.1.1_15.0.0/e2e_trial/_claude-code_glm-5.1_refine_run_002/evaluation/milestone_seed_5f5da48_1_sub-02/evaluation_result.json,1.0,1.0,1.0,1.0
e2e,BurntSushi_ripgrep_14.1.1_15.0.0,milestone_seed_8c6595c_1,_claude-code_glm-5.1_refine_run_002,SWE-Milestone-log-results/BurntSushi_ripgrep_14.1.1_15.0.0/e2e_trial/_claude-code_glm-5.1_refine_run_002/evaluation/milestone_seed_8c6595c_1/evaluation_result.json,0.0,0.0,0.1,0.0
e2e,BurntSushi_ripgrep_14.1.1_15.0.0,milestone_seed_a6e0be3_1_sub-01,_claude-code_glm-5.1_refine_run_002,SWE-Milestone-log-results/BurntSushi_ripgrep_14.1.1_15.0.0/e2e_trial/_claude-code_glm-5.1_refine_run_002/evaluation/milestone_seed_a6e0be3_1_sub-01/evaluation_result.json,0.0,0.125,0.6666666666666666,0.21052631578947367
e2e,BurntSushi_ripgrep_14.1.1_15.0.0,milestone_seed_a6e0be3_1_sub-02,_claude-code_glm-5.1_refine_run_002,SWE-Milestone-log-results/BurntSushi_ripgrep_14.1.1_15.0.0/e2e_trial/_claude-code_glm-5.1_refine_run_002/evaluation/milestone_seed_a6e0be3_1_sub-02/evaluation_result.json,0.0,1.0,0.0625,0.11764705882352941
e2e,BurntSushi_ripgrep_14.1.1_15.0.0,maintenance_fixes_1_sub-01,_claude-code_glm-5.1_run_002,SWE-Milestone-log-results/BurntSushi_ripgrep_14.1.1_15.0.0/e2e_trial/_claude-code_glm-5.1_run_002/evaluation/maintenance_fixes_1_sub-01/evaluation_result.json,1.0,1.0,1.0,1.0
e2e,BurntSushi_ripgrep_14.1.1_15.0.0,maintenance_fixes_1_sub-02,_claude-code_glm-5.1_run_002,SWE-Milestone-log-results/BurntSushi_ripgrep_14.1.1_15.0.0/e2e_trial/_claude-code_glm-5.1_run_002/evaluation/maintenance_fixes_1_sub-02/evaluation_result.json,0.0,0.8571428571428571,1.0,0.923076923076923
e2e,BurntSushi_ripgrep_14.1.1_15.0.0,milestone_seed_119407d_1_sub-01,_claude-code_glm-5.1_run_002,SWE-Milestone-log-results/BurntSushi_ripgrep_14.1.1_15.0.0/e2e_trial/_claude-code_glm-5.1_run_002/evaluation/milestone_seed_119407d_1_sub-01/evaluation_result.json,1.0,1.0,1.0,1.0
e2e,BurntSushi_ripgrep_14.1.1_15.0.0,milestone_seed_119407d_1_sub-02,_claude-code_glm-5.1_run_002,SWE-Milestone-log-results/BurntSushi_ripgrep_14.1.1_15.0.0/e2e_trial/_claude-code_glm-5.1_run_002/evaluation/milestone_seed_119407d_1_sub-02/evaluation_result.json,0.0,1.0,0.14285714285714285,0.25
e2e,BurntSushi_ripgrep_14.1.1_15.0.0,milestone_seed_2924d0c_1,_claude-code_glm-5.1_run_002,SWE-Milestone-log-results/BurntSushi_ripgrep_14.1.1_15.0.0/e2e_trial/_claude-code_glm-5.1_run_002/evaluation/milestone_seed_2924d0c_1/evaluation_result.json,1.0,1.0,1.0,1.0
e2e,BurntSushi_ripgrep_14.1.1_15.0.0,milestone_seed_292bc54_1,_claude-code_glm-5.1_run_002,SWE-Milestone-log-results/BurntSushi_ripgrep_14.1.1_15.0.0/e2e_trial/_claude-code_glm-5.1_run_002/evaluation/milestone_seed_292bc54_1/evaluation_result.json,1.0,1.0,1.0,1.0
e2e,BurntSushi_ripgrep_14.1.1_15.0.0,milestone_seed_5f5da48_1_sub-01,_claude-code_glm-5.1_run_002,SWE-Milestone-log-results/BurntSushi_ripgrep_14.1.1_15.0.0/e2e_trial/_claude-code_glm-5.1_run_002/evaluation/milestone_seed_5f5da48_1_sub-01/evaluation_result.json,0.0,0.6666666666666666,1.0,0.8
e2e,BurntSushi_ripgrep_14.1.1_15.0.0,milestone_seed_5f5da48_1_sub-02,_claude-code_glm-5.1_run_002,SWE-Milestone-log-results/BurntSushi_ripgrep_14.1.1_15.0.0/e2e_trial/_claude-code_glm-5.1_run_002/evaluation/milestone_seed_5f5da48_1_sub-02/evaluation_result.json,0.0,0.7,0.7272727272727273,0.7133757961783439
e2e,BurntSushi_ripgrep_14.1.1_15.0.0,milestone_seed_8c6595c_1,_claude-code_glm-5.1_run_002,SWE-Milestone-log-results/BurntSushi_ripgrep_14.1.1_15.0.0/e2e_trial/_claude-code_glm-5.1_run_002/evaluation/milestone_seed_8c6595c_1/evaluation_result.json,0.0,1.0,0.375,0.5454545454545454
e2e,BurntSushi_ripgrep_14.1.1_15.0.0,milestone_seed_a6e0be3_1_sub-01,_claude-code_glm-5.1_run_002,SWE-Milestone-log-results/BurntSushi_ripgrep_14.1.1_15.0.0/e2e_trial/_claude-code_glm-5.1_run_002/evaluation/milestone_seed_a6e0be3_1_sub-01/evaluation_result.json,0.0,0.625,1.0,0.7692307692307693
e2e,BurntSushi_ripgrep_14.1.1_15.0.0,milestone_seed_a6e0be3_1_sub-02,_claude-code_glm-5.1_run_002,SWE-Milestone-log-results/BurntSushi_ripgrep_14.1.1_15.0.0/e2e_trial/_claude-code_glm-5.1_run_002/evaluation/milestone_seed_a6e0be3_1_sub-02/evaluation_result.json,0.0,1.0,0.125,0.2222222222222222
e2e,BurntSushi_ripgrep_14.1.1_15.0.0,maintenance_fixes_1_sub-01,_claude-code_glm-5_refine_run_002,SWE-Milestone-log-results/BurntSushi_ripgrep_14.1.1_15.0.0/e2e_trial/_claude-code_glm-5_refine_run_002/evaluation/maintenance_fixes_1_sub-01/evaluation_result.json,1.0,1.0,1.0,1.0
e2e,BurntSushi_ripgrep_14.1.1_15.0.0,maintenance_fixes_1_sub-02,_claude-code_glm-5_refine_run_002,SWE-Milestone-log-results/BurntSushi_ripgrep_14.1.1_15.0.0/e2e_trial/_claude-code_glm-5_refine_run_002/evaluation/maintenance_fixes_1_sub-02/evaluation_result.json,0.0,0.0,0.5,0.0
e2e,BurntSushi_ripgrep_14.1.1_15.0.0,milestone_seed_119407d_1_sub-01,_claude-code_glm-5_refine_run_002,SWE-Milestone-log-results/BurntSushi_ripgrep_14.1.1_15.0.0/e2e_trial/_claude-code_glm-5_refine_run_002/evaluation/milestone_seed_119407d_1_sub-01/evaluation_result.json,1.0,1.0,1.0,1.0
e2e,BurntSushi_ripgrep_14.1.1_15.0.0,milestone_seed_2924d0c_1,_claude-code_glm-5_refine_run_002,SWE-Milestone-log-results/BurntSushi_ripgrep_14.1.1_15.0.0/e2e_trial/_claude-code_glm-5_refine_run_002/evaluation/milestone_seed_2924d0c_1/evaluation_result.json,0.0,0.0,1.0,0.0
e2e,BurntSushi_ripgrep_14.1.1_15.0.0,milestone_seed_292bc54_1,_claude-code_glm-5_refine_run_002,SWE-Milestone-log-results/BurntSushi_ripgrep_14.1.1_15.0.0/e2e_trial/_claude-code_glm-5_refine_run_002/evaluation/milestone_seed_292bc54_1/evaluation_result.json,0.0,1.0,0.6666666666666666,0.8
e2e,BurntSushi_ripgrep_14.1.1_15.0.0,milestone_seed_5f5da48_1_sub-01,_claude-code_glm-5_refine_run_002,SWE-Milestone-log-results/BurntSushi_ripgrep_14.1.1_15.0.0/e2e_trial/_claude-code_glm-5_refine_run_002/evaluation/milestone_seed_5f5da48_1_sub-01/evaluation_result.json,0.0,0.6666666666666666,0.875,0.7567567567567567
e2e,BurntSushi_ripgrep_14.1.1_15.0.0,milestone_seed_5f5da48_1_sub-02,_claude-code_glm-5_refine_run_002,SWE-Milestone-log-results/BurntSushi_ripgrep_14.1.1_15.0.0/e2e_trial/_claude-code_glm-5_refine_run_002/evaluation/milestone_seed_5f5da48_1_sub-02/evaluation_result.json,0.0,0.6,0.6363636363636364,0.6176470588235293
e2e,BurntSushi_ripgrep_14.1.1_15.0.0,milestone_seed_8c6595c_1,_claude-code_glm-5_refine_run_002,SWE-Milestone-log-results/BurntSushi_ripgrep_14.1.1_15.0.0/e2e_trial/_claude-code_glm-5_refine_run_002/evaluation/milestone_seed_8c6595c_1/evaluation_result.json,0.0,1.0,0.17647058823529413,0.3
e2e,BurntSushi_ripgrep_14.1.1_15.0.0,milestone_seed_a6e0be3_1_sub-01,_claude-code_glm-5_refine_run_002,SWE-Milestone-log-results/BurntSushi_ripgrep_14.1.1_15.0.0/e2e_trial/_claude-code_glm-5_refine_run_002/evaluation/milestone_seed_a6e0be3_1_sub-01/evaluation_result.json,0.0,0.375,0.8,0.5106382978723405
e2e,BurntSushi_ripgrep_14.1.1_15.0.0,milestone_seed_a6e0be3_1_sub-02,_claude-code_glm-5_refine_run_002,SWE-Milestone-log-results/BurntSushi_ripgrep_14.1.1_15.0.0/e2e_trial/_claude-code_glm-5_refine_run_002/evaluation/milestone_seed_a6e0be3_1_sub-02/evaluation_result.json,0.0,1.0,0.045454545454545456,0.08695652173913045
e2e,BurntSushi_ripgrep_14.1.1_15.0.0,maintenance_fixes_1_sub-01,_claude-code_glm-5_run_002,SWE-Milestone-log-results/BurntSushi_ripgrep_14.1.1_15.0.0/e2e_trial/_claude-code_glm-5_run_002/evaluation/maintenance_fixes_1_sub-01/evaluation_result.json,1.0,1.0,1.0,1.0
e2e,BurntSushi_ripgrep_14.1.1_15.0.0,maintenance_fixes_1_sub-02,_claude-code_glm-5_run_002,SWE-Milestone-log-results/BurntSushi_ripgrep_14.1.1_15.0.0/e2e_trial/_claude-code_glm-5_run_002/evaluation/maintenance_fixes_1_sub-02/evaluation_result.json,0.0,0.7142857142857143,0.8571428571428571,0.7792207792207793
e2e,BurntSushi_ripgrep_14.1.1_15.0.0,milestone_seed_119407d_1_sub-01,_claude-code_glm-5_run_002,SWE-Milestone-log-results/BurntSushi_ripgrep_14.1.1_15.0.0/e2e_trial/_claude-code_glm-5_run_002/evaluation/milestone_seed_119407d_1_sub-01/evaluation_result.json,0.0,1.0,0.5,0.6666666666666666
e2e,BurntSushi_ripgrep_14.1.1_15.0.0,milestone_seed_119407d_1_sub-02,_claude-code_glm-5_run_002,SWE-Milestone-log-results/BurntSushi_ripgrep_14.1.1_15.0.0/e2e_trial/_claude-code_glm-5_run_002/evaluation/milestone_seed_119407d_1_sub-02/evaluation_result.json,0.0,1.0,0.022222222222222223,0.04347826086956522
e2e,BurntSushi_ripgrep_14.1.1_15.0.0,milestone_seed_2924d0c_1,_claude-code_glm-5_run_002,SWE-Milestone-log-results/BurntSushi_ripgrep_14.1.1_15.0.0/e2e_trial/_claude-code_glm-5_run_002/evaluation/milestone_seed_2924d0c_1/evaluation_result.json,0.0,0.0,0.5,0.0
e2e,BurntSushi_ripgrep_14.1.1_15.0.0,milestone_seed_292bc54_1,_claude-code_glm-5_run_002,SWE-Milestone-log-results/BurntSushi_ripgrep_14.1.1_15.0.0/e2e_trial/_claude-code_glm-5_run_002/evaluation/milestone_seed_292bc54_1/evaluation_result.json,0.0,0.0,0.5,0.0
e2e,BurntSushi_ripgrep_14.1.1_15.0.0,milestone_seed_5f5da48_1_sub-01,_claude-code_glm-5_run_002,SWE-Milestone-log-results/BurntSushi_ripgrep_14.1.1_15.0.0/e2e_trial/_claude-code_glm-5_run_002/evaluation/milestone_seed_5f5da48_1_sub-01/evaluation_result.json,0.0,0.6666666666666666,0.875,0.7567567567567567
e2e,BurntSushi_ripgrep_14.1.1_15.0.0,milestone_seed_5f5da48_1_sub-02,_claude-code_glm-5_run_002,SWE-Milestone-log-results/BurntSushi_ripgrep_14.1.1_15.0.0/e2e_trial/_claude-code_glm-5_run_002/evaluation/milestone_seed_5f5da48_1_sub-02/evaluation_result.json,0.0,0.5,0.6,0.5454545454545454
e2e,BurntSushi_ripgrep_14.1.1_15.0.0,milestone_seed_8c6595c_1,_claude-code_glm-5_run_002,SWE-Milestone-log-results/BurntSushi_ripgrep_14.1.1_15.0.0/e2e_trial/_claude-code_glm-5_run_002/evaluation/milestone_seed_8c6595c_1/evaluation_result.json,0.0,0.0,0.021739130434782608,0.0
e2e,BurntSushi_ripgrep_14.1.1_15.0.0,milestone_seed_a6e0be3_1_sub-01,_claude-code_glm-5_run_002,SWE-Milestone-log-results/BurntSushi_ripgrep_14.1.1_15.0.0/e2e_trial/_claude-code_glm-5_run_002/evaluation/milestone_seed_a6e0be3_1_sub-01/evaluation_result.json,0.0,0.375,0.8,0.5106382978723405
e2e,BurntSushi_ripgrep_14.1.1_15.0.0,milestone_seed_a6e0be3_1_sub-02,_claude-code_glm-5_run_002,SWE-Milestone-log-results/BurntSushi_ripgrep_14.1.1_15.0.0/e2e_trial/_claude-code_glm-5_run_002/evaluation/milestone_seed_a6e0be3_1_sub-02/evaluation_result.json,0.0,1.0,0.02,0.0392156862745098
e2e,BurntSushi_ripgrep_14.1.1_15.0.0,maintenance_fixes_1_sub-01,_claude-code_kimi-k2.6_run_002,SWE-Milestone-log-results/BurntSushi_ripgrep_14.1.1_15.0.0/e2e_trial/_claude-code_kimi-k2.6_run_002/evaluation/maintenance_fixes_1_sub-01/evaluation_result.json,1.0,1.0,1.0,1.0
e2e,BurntSushi_ripgrep_14.1.1_15.0.0,maintenance_fixes_1_sub-02,_claude-code_kimi-k2.6_run_002,SWE-Milestone-log-results/BurntSushi_ripgrep_14.1.1_15.0.0/e2e_trial/_claude-code_kimi-k2.6_run_002/evaluation/maintenance_fixes_1_sub-02/evaluation_result.json,0.0,1.0,0.8888888888888888,0.9411764705882353
e2e,BurntSushi_ripgrep_14.1.1_15.0.0,milestone_seed_119407d_1_sub-01,_claude-code_kimi-k2.6_run_002,SWE-Milestone-log-results/BurntSushi_ripgrep_14.1.1_15.0.0/e2e_trial/_claude-code_kimi-k2.6_run_002/evaluation/milestone_seed_119407d_1_sub-01/evaluation_result.json,1.0,1.0,1.0,1.0
e2e,BurntSushi_ripgrep_14.1.1_15.0.0,milestone_seed_119407d_1_sub-02,_claude-code_kimi-k2.6_run_002,SWE-Milestone-log-results/BurntSushi_ripgrep_14.1.1_15.0.0/e2e_trial/_claude-code_kimi-k2.6_run_002/evaluation/milestone_seed_119407d_1_sub-02/evaluation_result.json,0.0,1.0,0.16666666666666666,0.2857142857142857
e2e,BurntSushi_ripgrep_14.1.1_15.0.0,milestone_seed_2924d0c_1,_claude-code_kimi-k2.6_run_002,SWE-Milestone-log-results/BurntSushi_ripgrep_14.1.1_15.0.0/e2e_trial/_claude-code_kimi-k2.6_run_002/evaluation/milestone_seed_2924d0c_1/evaluation_result.json,1.0,1.0,1.0,1.0
e2e,BurntSushi_ripgrep_14.1.1_15.0.0,milestone_seed_292bc54_1,_claude-code_kimi-k2.6_run_002,SWE-Milestone-log-results/BurntSushi_ripgrep_14.1.1_15.0.0/e2e_trial/_claude-code_kimi-k2.6_run_002/evaluation/milestone_seed_292bc54_1/evaluation_result.json,1.0,1.0,1.0,1.0
e2e,BurntSushi_ripgrep_14.1.1_15.0.0,milestone_seed_5f5da48_1_sub-01,_claude-code_kimi-k2.6_run_002,SWE-Milestone-log-results/BurntSushi_ripgrep_14.1.1_15.0.0/e2e_trial/_claude-code_kimi-k2.6_run_002/evaluation/milestone_seed_5f5da48_1_sub-01/evaluation_result.json,1.0,1.0,1.0,1.0
e2e,BurntSushi_ripgrep_14.1.1_15.0.0,milestone_seed_8c6595c_1,_claude-code_kimi-k2.6_run_002,SWE-Milestone-log-results/BurntSushi_ripgrep_14.1.1_15.0.0/e2e_trial/_claude-code_kimi-k2.6_run_002/evaluation/milestone_seed_8c6595c_1/evaluation_result.json,0.0,1.0,0.3333333333333333,0.5
e2e,BurntSushi_ripgrep_14.1.1_15.0.0,milestone_seed_a6e0be3_1_sub-01,_claude-code_kimi-k2.6_run_002,SWE-Milestone-log-results/BurntSushi_ripgrep_14.1.1_15.0.0/e2e_trial/_claude-code_kimi-k2.6_run_002/evaluation/milestone_seed_a6e0be3_1_sub-01/evaluation_result.json,0.0,0.75,0.875,0.8076923076923077
e2e,BurntSushi_ripgrep_14.1.1_15.0.0,milestone_seed_a6e0be3_1_sub-02,_claude-code_kimi-k2.6_run_002,SWE-Milestone-log-results/BurntSushi_ripgrep_14.1.1_15.0.0/e2e_trial/_claude-code_kimi-k2.6_run_002/evaluation/milestone_seed_a6e0be3_1_sub-02/evaluation_result.json,0.0,1.0,0.25,0.4
e2e,BurntSushi_ripgrep_14.1.1_15.0.0,milestone_seed_b610d1c_1,_claude-code_kimi-k2.6_run_002,SWE-Milestone-log-results/BurntSushi_ripgrep_14.1.1_15.0.0/e2e_trial/_claude-code_kimi-k2.6_run_002/evaluation/milestone_seed_b610d1c_1/evaluation_result.json,0.0,1.0,0.25,0.4
e2e,BurntSushi_ripgrep_14.1.1_15.0.0,maintenance_fixes_1_sub-01,_claude-code_opus-4.5_run_002,SWE-Milestone-log-results/BurntSushi_ripgrep_14.1.1_15.0.0/e2e_trial/_claude-code_opus-4.5_run_002/evaluation/maintenance_fixes_1_sub-01/evaluation_result.json,1.0,1.0,1.0,1.0
e2e,BurntSushi_ripgrep_14.1.1_15.0.0,maintenance_fixes_1_sub-02,_claude-code_opus-4.5_run_002,SWE-Milestone-log-results/BurntSushi_ripgrep_14.1.1_15.0.0/e2e_trial/_claude-code_opus-4.5_run_002/evaluation/maintenance_fixes_1_sub-02/evaluation_result.json,0.0,1.0,0.8888888888888888,0.9411764705882353
e2e,BurntSushi_ripgrep_14.1.1_15.0.0,milestone_seed_119407d_1_sub-01,_claude-code_opus-4.5_run_002,SWE-Milestone-log-results/BurntSushi_ripgrep_14.1.1_15.0.0/e2e_trial/_claude-code_opus-4.5_run_002/evaluation/milestone_seed_119407d_1_sub-01/evaluation_result.json,0.0,1.0,0.5,0.6666666666666666
e2e,BurntSushi_ripgrep_14.1.1_15.0.0,milestone_seed_119407d_1_sub-02,_claude-code_opus-4.5_run_002,SWE-Milestone-log-results/BurntSushi_ripgrep_14.1.1_15.0.0/e2e_trial/_claude-code_opus-4.5_run_002/evaluation/milestone_seed_119407d_1_sub-02/evaluation_result.json,0.0,1.0,0.5,0.6666666666666666
e2e,BurntSushi_ripgrep_14.1.1_15.0.0,milestone_seed_2924d0c_1,_claude-code_opus-4.5_run_002,SWE-Milestone-log-results/BurntSushi_ripgrep_14.1.1_15.0.0/e2e_trial/_claude-code_opus-4.5_run_002/evaluation/milestone_seed_2924d0c_1/evaluation_result.json,0.0,1.0,0.6666666666666666,0.8
e2e,BurntSushi_ripgrep_14.1.1_15.0.0,milestone_seed_292bc54_1,_claude-code_opus-4.5_run_002,SWE-Milestone-log-results/BurntSushi_ripgrep_14.1.1_15.0.0/e2e_trial/_claude-code_opus-4.5_run_002/evaluation/milestone_seed_292bc54_1/evaluation_result.json,0.0,0.0,0.5,0.0
e2e,BurntSushi_ripgrep_14.1.1_15.0.0,milestone_seed_5f5da48_1_sub-01,_claude-code_opus-4.5_run_002,SWE-Milestone-log-results/BurntSushi_ripgrep_14.1.1_15.0.0/e2e_trial/_claude-code_opus-4.5_run_002/evaluation/milestone_seed_5f5da48_1_sub-01/evaluation_result.json,0.0,0.6666666666666666,0.875,0.7567567567567567
e2e,BurntSushi_ripgrep_14.1.1_15.0.0,milestone_seed_5f5da48_1_sub-02,_claude-code_opus-4.5_run_002,SWE-Milestone-log-results/BurntSushi_ripgrep_14.1.1_15.0.0/e2e_trial/_claude-code_opus-4.5_run_002/evaluation/milestone_seed_5f5da48_1_sub-02/evaluation_result.json,0.0,0.7,0.6666666666666666,0.6829268292682926
e2e,BurntSushi_ripgrep_14.1.1_15.0.0,milestone_seed_8c6595c_1,_claude-code_opus-4.5_run_002,SWE-Milestone-log-results/BurntSushi_ripgrep_14.1.1_15.0.0/e2e_trial/_claude-code_opus-4.5_run_002/evaluation/milestone_seed_8c6595c_1/evaluation_result.json,0.0,0.0,0.16666666666666666,0.0
e2e,BurntSushi_ripgrep_14.1.1_15.0.0,milestone_seed_a6e0be3_1_sub-01,_claude-code_opus-4.5_run_002,SWE-Milestone-log-results/BurntSushi_ripgrep_14.1.1_15.0.0/e2e_trial/_claude-code_opus-4.5_run_002/evaluation/milestone_seed_a6e0be3_1_sub-01/evaluation_result.json,0.0,0.625,0.8571428571428571,0.7228915662650602
e2e,BurntSushi_ripgrep_14.1.1_15.0.0,milestone_seed_a6e0be3_1_sub-02,_claude-code_opus-4.5_run_002,SWE-Milestone-log-results/BurntSushi_ripgrep_14.1.1_15.0.0/e2e_trial/_claude-code_opus-4.5_run_002/evaluation/milestone_seed_a6e0be3_1_sub-02/evaluation_result.json,0.0,1.0,0.14285714285714285,0.25
e2e,BurntSushi_ripgrep_14.1.1_15.0.0,milestone_seed_b610d1c_1,_claude-code_opus-4.5_run_002,SWE-Milestone-log-results/BurntSushi_ripgrep_14.1.1_15.0.0/e2e_trial/_claude-code_opus-4.5_run_002/evaluation/milestone_seed_b610d1c_1/evaluation_result.json,0.0,1.0,0.3333333333333333,0.5
e2e,BurntSushi_ripgrep_14.1.1_15.0.0,maintenance_fixes_1_sub-01,_claude-code_opus-4.6_run_002,SWE-Milestone-log-results/BurntSushi_ripgrep_14.1.1_15.0.0/e2e_trial/_claude-code_opus-4.6_run_002/evaluation/maintenance_fixes_1_sub-01/evaluation_result.json,1.0,1.0,1.0,1.0
e2e,BurntSushi_ripgrep_14.1.1_15.0.0,maintenance_fixes_1_sub-02,_claude-code_opus-4.6_run_002,SWE-Milestone-log-results/BurntSushi_ripgrep_14.1.1_15.0.0/e2e_trial/_claude-code_opus-4.6_run_002/evaluation/maintenance_fixes_1_sub-02/evaluation_result.json,0.0,0.8571428571428571,1.0,0.923076923076923
e2e,BurntSushi_ripgrep_14.1.1_15.0.0,milestone_seed_119407d_1_sub-01,_claude-code_opus-4.6_run_002,SWE-Milestone-log-results/BurntSushi_ripgrep_14.1.1_15.0.0/e2e_trial/_claude-code_opus-4.6_run_002/evaluation/milestone_seed_119407d_1_sub-01/evaluation_result.json,1.0,1.0,1.0,1.0
e2e,BurntSushi_ripgrep_14.1.1_15.0.0,milestone_seed_2924d0c_1,_claude-code_opus-4.6_run_002,SWE-Milestone-log-results/BurntSushi_ripgrep_14.1.1_15.0.0/e2e_trial/_claude-code_opus-4.6_run_002/evaluation/milestone_seed_2924d0c_1/evaluation_result.json,1.0,1.0,1.0,1.0
e2e,BurntSushi_ripgrep_14.1.1_15.0.0,milestone_seed_292bc54_1,_claude-code_opus-4.6_run_002,SWE-Milestone-log-results/BurntSushi_ripgrep_14.1.1_15.0.0/e2e_trial/_claude-code_opus-4.6_run_002/evaluation/milestone_seed_292bc54_1/evaluation_result.json,1.0,1.0,1.0,1.0
e2e,BurntSushi_ripgrep_14.1.1_15.0.0,milestone_seed_5f5da48_1_sub-01,_claude-code_opus-4.6_run_002,SWE-Milestone-log-results/BurntSushi_ripgrep_14.1.1_15.0.0/e2e_trial/_claude-code_opus-4.6_run_002/evaluation/milestone_seed_5f5da48_1_sub-01/evaluation_result.json,0.0,0.6666666666666666,1.0,0.8
e2e,BurntSushi_ripgrep_14.1.1_15.0.0,milestone_seed_5f5da48_1_sub-02,_claude-code_opus-4.6_run_002,SWE-Milestone-log-results/BurntSushi_ripgrep_14.1.1_15.0.0/e2e_trial/_claude-code_opus-4.6_run_002/evaluation/milestone_seed_5f5da48_1_sub-02/evaluation_result.json,0.0,0.7,0.7272727272727273,0.7133757961783439
e2e,BurntSushi_ripgrep_14.1.1_15.0.0,milestone_seed_8c6595c_1,_claude-code_opus-4.6_run_002,SWE-Milestone-log-results/BurntSushi_ripgrep_14.1.1_15.0.0/e2e_trial/_claude-code_opus-4.6_run_002/evaluation/milestone_seed_8c6595c_1/evaluation_result.json,0.0,1.0,0.375,0.5454545454545454
e2e,BurntSushi_ripgrep_14.1.1_15.0.0,milestone_seed_a6e0be3_1_sub-01,_claude-code_opus-4.6_run_002,SWE-Milestone-log-results/BurntSushi_ripgrep_14.1.1_15.0.0/e2e_trial/_claude-code_opus-4.6_run_002/evaluation/milestone_seed_a6e0be3_1_sub-01/evaluation_result.json,0.0,0.5,1.0,0.6666666666666666
e2e,BurntSushi_ripgrep_14.1.1_15.0.0,milestone_seed_a6e0be3_1_sub-02,_claude-code_opus-4.6_run_002,SWE-Milestone-log-results/BurntSushi_ripgrep_14.1.1_15.0.0/e2e_trial/_claude-code_opus-4.6_run_002/evaluation/milestone_seed_a6e0be3_1_sub-02/evaluation_result.json,0.0,1.0,0.08333333333333333,0.15384615384615385
e2e,BurntSushi_ripgrep_14.1.1_15.0.0,maintenance_fixes_1_sub-01,_claude-code_opus-4.7-xhigh-1m_run_002,SWE-Milestone-log-results/BurntSushi_ripgrep_14.1.1_15.0.0/e2e_trial/_claude-code_opus-4.7-xhigh-1m_run_002/evaluation/maintenance_fixes_1_sub-01/evaluation_result.json,1.0,1.0,1.0,1.0
e2e,BurntSushi_ripgrep_14.1.1_15.0.0,maintenance_fixes_1_sub-02,_claude-code_opus-4.7-xhigh-1m_run_002,SWE-Milestone-log-results/BurntSushi_ripgrep_14.1.1_15.0.0/e2e_trial/_claude-code_opus-4.7-xhigh-1m_run_002/evaluation/maintenance_fixes_1_sub-02/evaluation_result.json,0.0,0.5714285714285714,0.5555555555555556,0.5633802816901409
e2e,BurntSushi_ripgrep_14.1.1_15.0.0,milestone_seed_119407d_1_sub-01,_claude-code_opus-4.7-xhigh-1m_run_002,SWE-Milestone-log-results/BurntSushi_ripgrep_14.1.1_15.0.0/e2e_trial/_claude-code_opus-4.7-xhigh-1m_run_002/evaluation/milestone_seed_119407d_1_sub-01/evaluation_result.json,1.0,1.0,1.0,1.0
e2e,BurntSushi_ripgrep_14.1.1_15.0.0,milestone_seed_119407d_1_sub-02,_claude-code_opus-4.7-xhigh-1m_run_002,SWE-Milestone-log-results/BurntSushi_ripgrep_14.1.1_15.0.0/e2e_trial/_claude-code_opus-4.7-xhigh-1m_run_002/evaluation/milestone_seed_119407d_1_sub-02/evaluation_result.json,0.0,1.0,0.2,0.33333333333333337
e2e,BurntSushi_ripgrep_14.1.1_15.0.0,milestone_seed_2924d0c_1,_claude-code_opus-4.7-xhigh-1m_run_002,SWE-Milestone-log-results/BurntSushi_ripgrep_14.1.1_15.0.0/e2e_trial/_claude-code_opus-4.7-xhigh-1m_run_002/evaluation/milestone_seed_2924d0c_1/evaluation_result.json,1.0,1.0,1.0,1.0
e2e,BurntSushi_ripgrep_14.1.1_15.0.0,milestone_seed_292bc54_1,_claude-code_opus-4.7-xhigh-1m_run_002,SWE-Milestone-log-results/BurntSushi_ripgrep_14.1.1_15.0.0/e2e_trial/_claude-code_opus-4.7-xhigh-1m_run_002/evaluation/milestone_seed_292bc54_1/evaluation_result.json,1.0,1.0,1.0,1.0
e2e,BurntSushi_ripgrep_14.1.1_15.0.0,milestone_seed_5f5da48_1_sub-01,_claude-code_opus-4.7-xhigh-1m_run_002,SWE-Milestone-log-results/BurntSushi_ripgrep_14.1.1_15.0.0/e2e_trial/_claude-code_opus-4.7-xhigh-1m_run_002/evaluation/milestone_seed_5f5da48_1_sub-01/evaluation_result.json,1.0,1.0,1.0,1.0
e2e,BurntSushi_ripgrep_14.1.1_15.0.0,milestone_seed_5f5da48_1_sub-02,_claude-code_opus-4.7-xhigh-1m_run_002,SWE-Milestone-log-results/BurntSushi_ripgrep_14.1.1_15.0.0/e2e_trial/_claude-code_opus-4.7-xhigh-1m_run_002/evaluation/milestone_seed_5f5da48_1_sub-02/evaluation_result.json,1.0,1.0,1.0,1.0
e2e,BurntSushi_ripgrep_14.1.1_15.0.0,milestone_seed_8c6595c_1,_claude-code_opus-4.7-xhigh-1m_run_002,SWE-Milestone-log-results/BurntSushi_ripgrep_14.1.1_15.0.0/e2e_trial/_claude-code_opus-4.7-xhigh-1m_run_002/evaluation/milestone_seed_8c6595c_1/evaluation_result.json,0.0,1.0,0.3333333333333333,0.5
e2e,BurntSushi_ripgrep_14.1.1_15.0.0,milestone_seed_a6e0be3_1_sub-01,_claude-code_opus-4.7-xhigh-1m_run_002,SWE-Milestone-log-results/BurntSushi_ripgrep_14.1.1_15.0.0/e2e_trial/_claude-code_opus-4.7-xhigh-1m_run_002/evaluation/milestone_seed_a6e0be3_1_sub-01/evaluation_result.json,0.0,0.625,0.8571428571428571,0.7228915662650602
e2e,BurntSushi_ripgrep_14.1.1_15.0.0,milestone_seed_a6e0be3_1_sub-02,_claude-code_opus-4.7-xhigh-1m_run_002,SWE-Milestone-log-results/BurntSushi_ripgrep_14.1.1_15.0.0/e2e_trial/_claude-code_opus-4.7-xhigh-1m_run_002/evaluation/milestone_seed_a6e0be3_1_sub-02/evaluation_result.json,0.0,1.0,0.1111111111111111,0.19999999999999998
e2e,BurntSushi_ripgrep_14.1.1_15.0.0,milestone_seed_b610d1c_1,_claude-code_opus-4.7-xhigh-1m_run_002,SWE-Milestone-log-results/BurntSushi_ripgrep_14.1.1_15.0.0/e2e_trial/_claude-code_opus-4.7-xhigh-1m_run_002/evaluation/milestone_seed_b610d1c_1/evaluation_result.json,0.0,1.0,0.18181818181818182,0.3076923076923077
e2e,BurntSushi_ripgrep_14.1.1_15.0.0,maintenance_fixes_1_sub-01,_claude-code_opus-4.7-xhigh_run_002,SWE-Milestone-log-results/BurntSushi_ripgrep_14.1.1_15.0.0/e2e_trial/_claude-code_opus-4.7-xhigh_run_002/evaluation/maintenance_fixes_1_sub-01/evaluation_result.json,0.0,1.0,0.8333333333333334,0.9090909090909091
e2e,BurntSushi_ripgrep_14.1.1_15.0.0,maintenance_fixes_1_sub-02,_claude-code_opus-4.7-xhigh_run_002,SWE-Milestone-log-results/BurntSushi_ripgrep_14.1.1_15.0.0/e2e_trial/_claude-code_opus-4.7-xhigh_run_002/evaluation/maintenance_fixes_1_sub-02/evaluation_result.json,0.0,1.0,0.6153846153846154,0.761904761904762
e2e,BurntSushi_ripgrep_14.1.1_15.0.0,maintenance_style_1,_claude-code_opus-4.7-xhigh_run_002,SWE-Milestone-log-results/BurntSushi_ripgrep_14.1.1_15.0.0/e2e_trial/_claude-code_opus-4.7-xhigh_run_002/evaluation/maintenance_style_1/evaluation_result.json,0.0,1.0,0.14285714285714285,0.25
e2e,BurntSushi_ripgrep_14.1.1_15.0.0,milestone_seed_119407d_1_sub-01,_claude-code_opus-4.7-xhigh_run_002,SWE-Milestone-log-results/BurntSushi_ripgrep_14.1.1_15.0.0/e2e_trial/_claude-code_opus-4.7-xhigh_run_002/evaluation/milestone_seed_119407d_1_sub-01/evaluation_result.json,0.0,1.0,0.5,0.6666666666666666
e2e,BurntSushi_ripgrep_14.1.1_15.0.0,milestone_seed_119407d_1_sub-02,_claude-code_opus-4.7-xhigh_run_002,SWE-Milestone-log-results/BurntSushi_ripgrep_14.1.1_15.0.0/e2e_trial/_claude-code_opus-4.7-xhigh_run_002/evaluation/milestone_seed_119407d_1_sub-02/evaluation_result.json,0.0,1.0,0.16666666666666666,0.2857142857142857
e2e,BurntSushi_ripgrep_14.1.1_15.0.0,milestone_seed_2924d0c_1,_claude-code_opus-4.7-xhigh_run_002,SWE-Milestone-log-results/BurntSushi_ripgrep_14.1.1_15.0.0/e2e_trial/_claude-code_opus-4.7-xhigh_run_002/evaluation/milestone_seed_2924d0c_1/evaluation_result.json,0.0,1.0,0.6666666666666666,0.8
e2e,BurntSushi_ripgrep_14.1.1_15.0.0,milestone_seed_292bc54_1,_claude-code_opus-4.7-xhigh_run_002,SWE-Milestone-log-results/BurntSushi_ripgrep_14.1.1_15.0.0/e2e_trial/_claude-code_opus-4.7-xhigh_run_002/evaluation/milestone_seed_292bc54_1/evaluation_result.json,0.0,1.0,0.6666666666666666,0.8
e2e,BurntSushi_ripgrep_14.1.1_15.0.0,milestone_seed_5f5da48_1_sub-01,_claude-code_opus-4.7-xhigh_run_002,SWE-Milestone-log-results/BurntSushi_ripgrep_14.1.1_15.0.0/e2e_trial/_claude-code_opus-4.7-xhigh_run_002/evaluation/milestone_seed_5f5da48_1_sub-01/evaluation_result.json,1.0,1.0,1.0,1.0
e2e,BurntSushi_ripgrep_14.1.1_15.0.0,milestone_seed_5f5da48_1_sub-02,_claude-code_opus-4.7-xhigh_run_002,SWE-Milestone-log-results/BurntSushi_ripgrep_14.1.1_15.0.0/e2e_trial/_claude-code_opus-4.7-xhigh_run_002/evaluation/milestone_seed_5f5da48_1_sub-02/evaluation_result.json,1.0,1.0,1.0,1.0
e2e,BurntSushi_ripgrep_14.1.1_15.0.0,milestone_seed_8c6595c_1,_claude-code_opus-4.7-xhigh_run_002,SWE-Milestone-log-results/BurntSushi_ripgrep_14.1.1_15.0.0/e2e_trial/_claude-code_opus-4.7-xhigh_run_002/evaluation/milestone_seed_8c6595c_1/evaluation_result.json,0.0,1.0,0.3333333333333333,0.5
e2e,BurntSushi_ripgrep_14.1.1_15.0.0,milestone_seed_a6e0be3_1_sub-01,_claude-code_opus-4.7-xhigh_run_002,SWE-Milestone-log-results/BurntSushi_ripgrep_14.1.1_15.0.0/e2e_trial/_claude-code_opus-4.7-xhigh_run_002/evaluation/milestone_seed_a6e0be3_1_sub-01/evaluation_result.json,0.0,0.75,0.875,0.8076923076923077
e2e,BurntSushi_ripgrep_14.1.1_15.0.0,milestone_seed_a6e0be3_1_sub-02,_claude-code_opus-4.7-xhigh_run_002,SWE-Milestone-log-results/BurntSushi_ripgrep_14.1.1_15.0.0/e2e_trial/_claude-code_opus-4.7-xhigh_run_002/evaluation/milestone_seed_a6e0be3_1_sub-02/evaluation_result.json,0.0,1.0,0.125,0.2222222222222222
e2e,BurntSushi_ripgrep_14.1.1_15.0.0,milestone_seed_b610d1c_1,_claude-code_opus-4.7-xhigh_run_002,SWE-Milestone-log-results/BurntSushi_ripgrep_14.1.1_15.0.0/e2e_trial/_claude-code_opus-4.7-xhigh_run_002/evaluation/milestone_seed_b610d1c_1/evaluation_result.json,0.0,1.0,0.25,0.4
e2e,BurntSushi_ripgrep_14.1.1_15.0.0,maintenance_fixes_1_sub-01,_claude-code_sonnet-4.5_run_002,SWE-Milestone-log-results/BurntSushi_ripgrep_14.1.1_15.0.0/e2e_trial/_claude-code_sonnet-4.5_run_002/evaluation/maintenance_fixes_1_sub-01/evaluation_result.json,1.0,1.0,1.0,1.0
e2e,BurntSushi_ripgrep_14.1.1_15.0.0,maintenance_fixes_1_sub-02,_claude-code_sonnet-4.5_run_002,SWE-Milestone-log-results/BurntSushi_ripgrep_14.1.1_15.0.0/e2e_trial/_claude-code_sonnet-4.5_run_002/evaluation/maintenance_fixes_1_sub-02/evaluation_result.json,0.0,1.0,0.16326530612244897,0.2807017543859649
e2e,BurntSushi_ripgrep_14.1.1_15.0.0,milestone_seed_119407d_1_sub-01,_claude-code_sonnet-4.5_run_002,SWE-Milestone-log-results/BurntSushi_ripgrep_14.1.1_15.0.0/e2e_trial/_claude-code_sonnet-4.5_run_002/evaluation/milestone_seed_119407d_1_sub-01/evaluation_result.json,0.0,1.0,0.5,0.6666666666666666
e2e,BurntSushi_ripgrep_14.1.1_15.0.0,milestone_seed_2924d0c_1,_claude-code_sonnet-4.5_run_002,SWE-Milestone-log-results/BurntSushi_ripgrep_14.1.1_15.0.0/e2e_trial/_claude-code_sonnet-4.5_run_002/evaluation/milestone_seed_2924d0c_1/evaluation_result.json,0.0,0.0,0.5,0.0
e2e,BurntSushi_ripgrep_14.1.1_15.0.0,milestone_seed_292bc54_1,_claude-code_sonnet-4.5_run_002,SWE-Milestone-log-results/BurntSushi_ripgrep_14.1.1_15.0.0/e2e_trial/_claude-code_sonnet-4.5_run_002/evaluation/milestone_seed_292bc54_1/evaluation_result.json,0.0,1.0,0.6666666666666666,0.8
e2e,BurntSushi_ripgrep_14.1.1_15.0.0,milestone_seed_5f5da48_1_sub-01,_claude-code_sonnet-4.5_run_002,SWE-Milestone-log-results/BurntSushi_ripgrep_14.1.1_15.0.0/e2e_trial/_claude-code_sonnet-4.5_run_002/evaluation/milestone_seed_5f5da48_1_sub-01/evaluation_result.json,0.0,0.1111111111111111,0.6666666666666666,0.1904761904761905
e2e,BurntSushi_ripgrep_14.1.1_15.0.0,milestone_seed_5f5da48_1_sub-02,_claude-code_sonnet-4.5_run_002,SWE-Milestone-log-results/BurntSushi_ripgrep_14.1.1_15.0.0/e2e_trial/_claude-code_sonnet-4.5_run_002/evaluation/milestone_seed_5f5da48_1_sub-02/evaluation_result.json,0.0,0.1,0.18181818181818182,0.12903225806451613
e2e,BurntSushi_ripgrep_14.1.1_15.0.0,milestone_seed_8c6595c_1,_claude-code_sonnet-4.5_run_002,SWE-Milestone-log-results/BurntSushi_ripgrep_14.1.1_15.0.0/e2e_trial/_claude-code_sonnet-4.5_run_002/evaluation/milestone_seed_8c6595c_1/evaluation_result.json,0.0,0.0,0.022727272727272728,0.0
e2e,BurntSushi_ripgrep_14.1.1_15.0.0,milestone_seed_a6e0be3_1_sub-01,_claude-code_sonnet-4.5_run_002,SWE-Milestone-log-results/BurntSushi_ripgrep_14.1.1_15.0.0/e2e_trial/_claude-code_sonnet-4.5_run_002/evaluation/milestone_seed_a6e0be3_1_sub-01/evaluation_result.json,0.0,0.625,0.8571428571428571,0.7228915662650602
e2e,BurntSushi_ripgrep_14.1.1_15.0.0,milestone_seed_a6e0be3_1_sub-02,_claude-code_sonnet-4.5_run_002,SWE-Milestone-log-results/BurntSushi_ripgrep_14.1.1_15.0.0/e2e_trial/_claude-code_sonnet-4.5_run_002/evaluation/milestone_seed_a6e0be3_1_sub-02/evaluation_result.json,0.0,1.0,0.022222222222222223,0.04347826086956522
e2e,BurntSushi_ripgrep_14.1.1_15.0.0,maintenance_fixes_1_sub-01,_claude-code_sonnet-4.6_run_002,SWE-Milestone-log-results/BurntSushi_ripgrep_14.1.1_15.0.0/e2e_trial/_claude-code_sonnet-4.6_run_002/evaluation/maintenance_fixes_1_sub-01/evaluation_result.json,1.0,1.0,1.0,1.0
e2e,BurntSushi_ripgrep_14.1.1_15.0.0,maintenance_fixes_1_sub-02,_claude-code_sonnet-4.6_run_002,SWE-Milestone-log-results/BurntSushi_ripgrep_14.1.1_15.0.0/e2e_trial/_claude-code_sonnet-4.6_run_002/evaluation/maintenance_fixes_1_sub-02/evaluation_result.json,0.0,0.8571428571428571,1.0,0.923076923076923
e2e,BurntSushi_ripgrep_14.1.1_15.0.0,milestone_seed_119407d_1_sub-01,_claude-code_sonnet-4.6_run_002,SWE-Milestone-log-results/BurntSushi_ripgrep_14.1.1_15.0.0/e2e_trial/_claude-code_sonnet-4.6_run_002/evaluation/milestone_seed_119407d_1_sub-01/evaluation_result.json,1.0,1.0,1.0,1.0
e2e,BurntSushi_ripgrep_14.1.1_15.0.0,milestone_seed_2924d0c_1,_claude-code_sonnet-4.6_run_002,SWE-Milestone-log-results/BurntSushi_ripgrep_14.1.1_15.0.0/e2e_trial/_claude-code_sonnet-4.6_run_002/evaluation/milestone_seed_2924d0c_1/evaluation_result.json,1.0,1.0,1.0,1.0
e2e,BurntSushi_ripgrep_14.1.1_15.0.0,milestone_seed_292bc54_1,_claude-code_sonnet-4.6_run_002,SWE-Milestone-log-results/BurntSushi_ripgrep_14.1.1_15.0.0/e2e_trial/_claude-code_sonnet-4.6_run_002/evaluation/milestone_seed_292bc54_1/evaluation_result.json,1.0,1.0,1.0,1.0
e2e,BurntSushi_ripgrep_14.1.1_15.0.0,milestone_seed_5f5da48_1_sub-01,_claude-code_sonnet-4.6_run_002,SWE-Milestone-log-results/BurntSushi_ripgrep_14.1.1_15.0.0/e2e_trial/_claude-code_sonnet-4.6_run_002/evaluation/milestone_seed_5f5da48_1_sub-01/evaluation_result.json,0.0,0.6666666666666666,1.0,0.8
e2e,BurntSushi_ripgrep_14.1.1_15.0.0,milestone_seed_5f5da48_1_sub-02,_claude-code_sonnet-4.6_run_002,SWE-Milestone-log-results/BurntSushi_ripgrep_14.1.1_15.0.0/e2e_trial/_claude-code_sonnet-4.6_run_002/evaluation/milestone_seed_5f5da48_1_sub-02/evaluation_result.json,0.0,0.7,0.7272727272727273,0.7133757961783439
e2e,BurntSushi_ripgrep_14.1.1_15.0.0,milestone_seed_8c6595c_1,_claude-code_sonnet-4.6_run_002,SWE-Milestone-log-results/BurntSushi_ripgrep_14.1.1_15.0.0/e2e_trial/_claude-code_sonnet-4.6_run_002/evaluation/milestone_seed_8c6595c_1/evaluation_result.json,0.0,1.0,0.375,0.5454545454545454
e2e,BurntSushi_ripgrep_14.1.1_15.0.0,milestone_seed_a6e0be3_1_sub-01,_claude-code_sonnet-4.6_run_002,SWE-Milestone-log-results/BurntSushi_ripgrep_14.1.1_15.0.0/e2e_trial/_claude-code_sonnet-4.6_run_002/evaluation/milestone_seed_a6e0be3_1_sub-01/evaluation_result.json,0.0,0.5,1.0,0.6666666666666666
e2e,BurntSushi_ripgrep_14.1.1_15.0.0,milestone_seed_a6e0be3_1_sub-02,_claude-code_sonnet-4.6_run_002,SWE-Milestone-log-results/BurntSushi_ripgrep_14.1.1_15.0.0/e2e_trial/_claude-code_sonnet-4.6_run_002/evaluation/milestone_seed_a6e0be3_1_sub-02/evaluation_result.json,0.0,1.0,0.1111111111111111,0.19999999999999998
e2e,BurntSushi_ripgrep_14.1.1_15.0.0,maintenance_fixes_1_sub-01,_codex_gpt-5.2-codex_run_002,SWE-Milestone-log-results/BurntSushi_ripgrep_14.1.1_15.0.0/e2e_trial/_codex_gpt-5.2-codex_run_002/evaluation/maintenance_fixes_1_sub-01/evaluation_result.json,1.0,1.0,1.0,1.0
e2e,BurntSushi_ripgrep_14.1.1_15.0.0,maintenance_fixes_1_sub-02,_codex_gpt-5.2-codex_run_002,SWE-Milestone-log-results/BurntSushi_ripgrep_14.1.1_15.0.0/e2e_trial/_codex_gpt-5.2-codex_run_002/evaluation/maintenance_fixes_1_sub-02/evaluation_result.json,0.0,0.8571428571428571,0.4375,0.5793103448275861
e2e,BurntSushi_ripgrep_14.1.1_15.0.0,milestone_seed_119407d_1_sub-01,_codex_gpt-5.2-codex_run_002,SWE-Milestone-log-results/BurntSushi_ripgrep_14.1.1_15.0.0/e2e_trial/_codex_gpt-5.2-codex_run_002/evaluation/milestone_seed_119407d_1_sub-01/evaluation_result.json,1.0,1.0,1.0,1.0
e2e,BurntSushi_ripgrep_14.1.1_15.0.0,milestone_seed_2924d0c_1,_codex_gpt-5.2-codex_run_002,SWE-Milestone-log-results/BurntSushi_ripgrep_14.1.1_15.0.0/e2e_trial/_codex_gpt-5.2-codex_run_002/evaluation/milestone_seed_2924d0c_1/evaluation_result.json,0.0,1.0,0.18181818181818182,0.3076923076923077
e2e,BurntSushi_ripgrep_14.1.1_15.0.0,maintenance_fixes_1_sub-01,_codex_gpt-5.2_run_002,SWE-Milestone-log-results/BurntSushi_ripgrep_14.1.1_15.0.0/e2e_trial/_codex_gpt-5.2_run_002/evaluation/maintenance_fixes_1_sub-01/evaluation_result.json,1.0,1.0,1.0,1.0
e2e,BurntSushi_ripgrep_14.1.1_15.0.0,maintenance_fixes_1_sub-02,_codex_gpt-5.2_run_002,SWE-Milestone-log-results/BurntSushi_ripgrep_14.1.1_15.0.0/e2e_trial/_codex_gpt-5.2_run_002/evaluation/maintenance_fixes_1_sub-02/evaluation_result.json,0.0,0.7142857142857143,0.42857142857142855,0.5357142857142858
e2e,BurntSushi_ripgrep_14.1.1_15.0.0,milestone_seed_119407d_1_sub-01,_codex_gpt-5.2_run_002,SWE-Milestone-log-results/BurntSushi_ripgrep_14.1.1_15.0.0/e2e_trial/_codex_gpt-5.2_run_002/evaluation/milestone_seed_119407d_1_sub-01/evaluation_result.json,1.0,1.0,1.0,1.0
e2e,BurntSushi_ripgrep_14.1.1_15.0.0,milestone_seed_2924d0c_1,_codex_gpt-5.2_run_002,SWE-Milestone-log-results/BurntSushi_ripgrep_14.1.1_15.0.0/e2e_trial/_codex_gpt-5.2_run_002/evaluation/milestone_seed_2924d0c_1/evaluation_result.json,0.0,1.0,0.2,0.33333333333333337
e2e,BurntSushi_ripgrep_14.1.1_15.0.0,milestone_seed_292bc54_1,_codex_gpt-5.3-codex_run_002,SWE-Milestone-log-results/BurntSushi_ripgrep_14.1.1_15.0.0/e2e_trial/_codex_gpt-5.3-codex_run_002/evaluation/milestone_seed_292bc54_1/evaluation_result.json,0.0,1.0,0.18181818181818182,0.3076923076923077
e2e,BurntSushi_ripgrep_14.1.1_15.0.0,milestone_seed_5f5da48_1_sub-01,_codex_gpt-5.3-codex_run_002,SWE-Milestone-log-results/BurntSushi_ripgrep_14.1.1_15.0.0/e2e_trial/_codex_gpt-5.3-codex_run_002/evaluation/milestone_seed_5f5da48_1_sub-01/evaluation_result.json,0.0,1.0,0.5263157894736842,0.6896551724137931
e2e,BurntSushi_ripgrep_14.1.1_15.0.0,milestone_seed_5f5da48_1_sub-02,_codex_gpt-5.3-codex_run_002,SWE-Milestone-log-results/BurntSushi_ripgrep_14.1.1_15.0.0/e2e_trial/_codex_gpt-5.3-codex_run_002/evaluation/milestone_seed_5f5da48_1_sub-02/evaluation_result.json,0.0,1.0,0.5238095238095238,0.6875000000000001
e2e,BurntSushi_ripgrep_14.1.1_15.0.0,milestone_seed_8c6595c_1,_codex_gpt-5.3-codex_run_002,SWE-Milestone-log-results/BurntSushi_ripgrep_14.1.1_15.0.0/e2e_trial/_codex_gpt-5.3-codex_run_002/evaluation/milestone_seed_8c6595c_1/evaluation_result.json,0.0,1.0,0.16666666666666666,0.2857142857142857
e2e,BurntSushi_ripgrep_14.1.1_15.0.0,milestone_seed_a6e0be3_1_sub-01,_codex_gpt-5.3-codex_run_002,SWE-Milestone-log-results/BurntSushi_ripgrep_14.1.1_15.0.0/e2e_trial/_codex_gpt-5.3-codex_run_002/evaluation/milestone_seed_a6e0be3_1_sub-01/evaluation_result.json,0.0,0.875,0.42105263157894735,0.5685279187817258
e2e,BurntSushi_ripgrep_14.1.1_15.0.0,milestone_seed_a6e0be3_1_sub-02,_codex_gpt-5.3-codex_run_002,SWE-Milestone-log-results/BurntSushi_ripgrep_14.1.1_15.0.0/e2e_trial/_codex_gpt-5.3-codex_run_002/evaluation/milestone_seed_a6e0be3_1_sub-02/evaluation_result.json,0.0,1.0,0.05555555555555555,0.10526315789473684
e2e,BurntSushi_ripgrep_14.1.1_15.0.0,maintenance_fixes_1_sub-01,_codex_gpt-5.4_run_002,SWE-Milestone-log-results/BurntSushi_ripgrep_14.1.1_15.0.0/e2e_trial/_codex_gpt-5.4_run_002/evaluation/maintenance_fixes_1_sub-01/evaluation_result.json,1.0,1.0,1.0,1.0
e2e,BurntSushi_ripgrep_14.1.1_15.0.0,maintenance_fixes_1_sub-02,_codex_gpt-5.4_run_002,SWE-Milestone-log-results/BurntSushi_ripgrep_14.1.1_15.0.0/e2e_trial/_codex_gpt-5.4_run_002/evaluation/maintenance_fixes_1_sub-02/evaluation_result.json,1.0,1.0,1.0,1.0
e2e,BurntSushi_ripgrep_14.1.1_15.0.0,maintenance_style_1,_codex_gpt-5.4_run_002,SWE-Milestone-log-results/BurntSushi_ripgrep_14.1.1_15.0.0/e2e_trial/_codex_gpt-5.4_run_002/evaluation/maintenance_style_1/evaluation_result.json,0.0,1.0,0.2,0.33333333333333337
e2e,BurntSushi_ripgrep_14.1.1_15.0.0,milestone_seed_119407d_1_sub-01,_codex_gpt-5.4_run_002,SWE-Milestone-log-results/BurntSushi_ripgrep_14.1.1_15.0.0/e2e_trial/_codex_gpt-5.4_run_002/evaluation/milestone_seed_119407d_1_sub-01/evaluation_result.json,1.0,1.0,1.0,1.0
e2e,BurntSushi_ripgrep_14.1.1_15.0.0,milestone_seed_119407d_1_sub-02,_codex_gpt-5.4_run_002,SWE-Milestone-log-results/BurntSushi_ripgrep_14.1.1_15.0.0/e2e_trial/_codex_gpt-5.4_run_002/evaluation/milestone_seed_119407d_1_sub-02/evaluation_result.json,0.0,1.0,0.2,0.33333333333333337
e2e,BurntSushi_ripgrep_14.1.1_15.0.0,milestone_seed_2924d0c_1,_codex_gpt-5.4_run_002,SWE-Milestone-log-results/BurntSushi_ripgrep_14.1.1_15.0.0/e2e_trial/_codex_gpt-5.4_run_002/evaluation/milestone_seed_2924d0c_1/evaluation_result.json,1.0,1.0,1.0,1.0
e2e,BurntSushi_ripgrep_14.1.1_15.0.0,milestone_seed_292bc54_1,_codex_gpt-5.4_run_002,SWE-Milestone-log-results/BurntSushi_ripgrep_14.1.1_15.0.0/e2e_trial/_codex_gpt-5.4_run_002/evaluation/milestone_seed_292bc54_1/evaluation_result.json,1.0,1.0,1.0,1.0
e2e,BurntSushi_ripgrep_14.1.1_15.0.0,milestone_seed_5f5da48_1_sub-01,_codex_gpt-5.4_run_002,SWE-Milestone-log-results/BurntSushi_ripgrep_14.1.1_15.0.0/e2e_trial/_codex_gpt-5.4_run_002/evaluation/milestone_seed_5f5da48_1_sub-01/evaluation_result.json,1.0,1.0,1.0,1.0
e2e,BurntSushi_ripgrep_14.1.1_15.0.0,milestone_seed_5f5da48_1_sub-02,_codex_gpt-5.4_run_002,SWE-Milestone-log-results/BurntSushi_ripgrep_14.1.1_15.0.0/e2e_trial/_codex_gpt-5.4_run_002/evaluation/milestone_seed_5f5da48_1_sub-02/evaluation_result.json,1.0,1.0,1.0,1.0
e2e,BurntSushi_ripgrep_14.1.1_15.0.0,milestone_seed_8c6595c_1,_codex_gpt-5.4_run_002,SWE-Milestone-log-results/BurntSushi_ripgrep_14.1.1_15.0.0/e2e_trial/_codex_gpt-5.4_run_002/evaluation/milestone_seed_8c6595c_1/evaluation_result.json,0.0,1.0,0.42857142857142855,0.6
e2e,BurntSushi_ripgrep_14.1.1_15.0.0,milestone_seed_a6e0be3_1_sub-01,_codex_gpt-5.4_run_002,SWE-Milestone-log-results/BurntSushi_ripgrep_14.1.1_15.0.0/e2e_trial/_codex_gpt-5.4_run_002/evaluation/milestone_seed_a6e0be3_1_sub-01/evaluation_result.json,0.0,0.875,0.8888888888888888,0.8818897637795274
e2e,BurntSushi_ripgrep_14.1.1_15.0.0,milestone_seed_a6e0be3_1_sub-02,_codex_gpt-5.4_run_002,SWE-Milestone-log-results/BurntSushi_ripgrep_14.1.1_15.0.0/e2e_trial/_codex_gpt-5.4_run_002/evaluation/milestone_seed_a6e0be3_1_sub-02/evaluation_result.json,0.0,1.0,0.16666666666666666,0.2857142857142857
e2e,BurntSushi_ripgrep_14.1.1_15.0.0,milestone_seed_b610d1c_1,_codex_gpt-5.4_run_002,SWE-Milestone-log-results/BurntSushi_ripgrep_14.1.1_15.0.0/e2e_trial/_codex_gpt-5.4_run_002/evaluation/milestone_seed_b610d1c_1/evaluation_result.json,0.0,1.0,0.3333333333333333,0.5
e2e,BurntSushi_ripgrep_14.1.1_15.0.0,maintenance_fixes_1_sub-01,_codex_gpt-5.5_run_002,SWE-Milestone-log-results/BurntSushi_ripgrep_14.1.1_15.0.0/e2e_trial/_codex_gpt-5.5_run_002/evaluation/maintenance_fixes_1_sub-01/evaluation_result.json,1.0,1.0,1.0,1.0
e2e,BurntSushi_ripgrep_14.1.1_15.0.0,maintenance_fixes_1_sub-02,_codex_gpt-5.5_run_002,SWE-Milestone-log-results/BurntSushi_ripgrep_14.1.1_15.0.0/e2e_trial/_codex_gpt-5.5_run_002/evaluation/maintenance_fixes_1_sub-02/evaluation_result.json,1.0,1.0,1.0,1.0
e2e,BurntSushi_ripgrep_14.1.1_15.0.0,maintenance_style_1,_codex_gpt-5.5_run_002,SWE-Milestone-log-results/BurntSushi_ripgrep_14.1.1_15.0.0/e2e_trial/_codex_gpt-5.5_run_002/evaluation/maintenance_style_1/evaluation_result.json,0.0,1.0,0.125,0.2222222222222222
e2e,BurntSushi_ripgrep_14.1.1_15.0.0,milestone_seed_119407d_1_sub-01,_codex_gpt-5.5_run_002,SWE-Milestone-log-results/BurntSushi_ripgrep_14.1.1_15.0.0/e2e_trial/_codex_gpt-5.5_run_002/evaluation/milestone_seed_119407d_1_sub-01/evaluation_result.json,1.0,1.0,1.0,1.0
e2e,BurntSushi_ripgrep_14.1.1_15.0.0,milestone_seed_119407d_1_sub-02,_codex_gpt-5.5_run_002,SWE-Milestone-log-results/BurntSushi_ripgrep_14.1.1_15.0.0/e2e_trial/_codex_gpt-5.5_run_002/evaluation/milestone_seed_119407d_1_sub-02/evaluation_result.json,0.0,1.0,0.14285714285714285,0.25
e2e,BurntSushi_ripgrep_14.1.1_15.0.0,milestone_seed_2924d0c_1,_codex_gpt-5.5_run_002,SWE-Milestone-log-results/BurntSushi_ripgrep_14.1.1_15.0.0/e2e_trial/_codex_gpt-5.5_run_002/evaluation/milestone_seed_2924d0c_1/evaluation_result.json,1.0,1.0,1.0,1.0
e2e,BurntSushi_ripgrep_14.1.1_15.0.0,milestone_seed_292bc54_1,_codex_gpt-5.5_run_002,SWE-Milestone-log-results/BurntSushi_ripgrep_14.1.1_15.0.0/e2e_trial/_codex_gpt-5.5_run_002/evaluation/milestone_seed_292bc54_1/evaluation_result.json,1.0,1.0,1.0,1.0
e2e,BurntSushi_ripgrep_14.1.1_15.0.0,milestone_seed_5f5da48_1_sub-01,_codex_gpt-5.5_run_002,SWE-Milestone-log-results/BurntSushi_ripgrep_14.1.1_15.0.0/e2e_trial/_codex_gpt-5.5_run_002/evaluation/milestone_seed_5f5da48_1_sub-01/evaluation_result.json,1.0,1.0,1.0,1.0
e2e,BurntSushi_ripgrep_14.1.1_15.0.0,milestone_seed_5f5da48_1_sub-02,_codex_gpt-5.5_run_002,SWE-Milestone-log-results/BurntSushi_ripgrep_14.1.1_15.0.0/e2e_trial/_codex_gpt-5.5_run_002/evaluation/milestone_seed_5f5da48_1_sub-02/evaluation_result.json,1.0,1.0,1.0,1.0
e2e,BurntSushi_ripgrep_14.1.1_15.0.0,milestone_seed_8c6595c_1,_codex_gpt-5.5_run_002,SWE-Milestone-log-results/BurntSushi_ripgrep_14.1.1_15.0.0/e2e_trial/_codex_gpt-5.5_run_002/evaluation/milestone_seed_8c6595c_1/evaluation_result.json,0.0,1.0,0.3333333333333333,0.5
e2e,BurntSushi_ripgrep_14.1.1_15.0.0,milestone_seed_a6e0be3_1_sub-01,_codex_gpt-5.5_run_002,SWE-Milestone-log-results/BurntSushi_ripgrep_14.1.1_15.0.0/e2e_trial/_codex_gpt-5.5_run_002/evaluation/milestone_seed_a6e0be3_1_sub-01/evaluation_result.json,0.0,0.875,0.8888888888888888,0.8818897637795274
e2e,BurntSushi_ripgrep_14.1.1_15.0.0,milestone_seed_a6e0be3_1_sub-02,_codex_gpt-5.5_run_002,SWE-Milestone-log-results/BurntSushi_ripgrep_14.1.1_15.0.0/e2e_trial/_codex_gpt-5.5_run_002/evaluation/milestone_seed_a6e0be3_1_sub-02/evaluation_result.json,0.0,1.0,0.1111111111111111,0.19999999999999998
e2e,BurntSushi_ripgrep_14.1.1_15.0.0,milestone_seed_b610d1c_1,_codex_gpt-5.5_run_002,SWE-Milestone-log-results/BurntSushi_ripgrep_14.1.1_15.0.0/e2e_trial/_codex_gpt-5.5_run_002/evaluation/milestone_seed_b610d1c_1/evaluation_result.json,0.0,1.0,0.2222222222222222,0.3636363636363636
e2e,BurntSushi_ripgrep_14.1.1_15.0.0,maintenance_fixes_1_sub-01,_gemini-cli_gemini-3-flash_run_002,SWE-Milestone-log-results/BurntSushi_ripgrep_14.1.1_15.0.0/e2e_trial/_gemini-cli_gemini-3-flash_run_002/evaluation/maintenance_fixes_1_sub-01/evaluation_result.json,1.0,1.0,1.0,1.0
e2e,BurntSushi_ripgrep_14.1.1_15.0.0,maintenance_fixes_1_sub-02,_gemini-cli_gemini-3-flash_run_002,SWE-Milestone-log-results/BurntSushi_ripgrep_14.1.1_15.0.0/e2e_trial/_gemini-cli_gemini-3-flash_run_002/evaluation/maintenance_fixes_1_sub-02/evaluation_result.json,0.0,0.8571428571428571,0.4375,0.5793103448275861
e2e,BurntSushi_ripgrep_14.1.1_15.0.0,maintenance_style_1,_gemini-cli_gemini-3-flash_run_002,SWE-Milestone-log-results/BurntSushi_ripgrep_14.1.1_15.0.0/e2e_trial/_gemini-cli_gemini-3-flash_run_002/evaluation/maintenance_style_1/evaluation_result.json,0.0,1.0,0.0625,0.11764705882352941
e2e,BurntSushi_ripgrep_14.1.1_15.0.0,milestone_seed_119407d_1_sub-01,_gemini-cli_gemini-3-flash_run_002,SWE-Milestone-log-results/BurntSushi_ripgrep_14.1.1_15.0.0/e2e_trial/_gemini-cli_gemini-3-flash_run_002/evaluation/milestone_seed_119407d_1_sub-01/evaluation_result.json,1.0,1.0,1.0,1.0
e2e,BurntSushi_ripgrep_14.1.1_15.0.0,milestone_seed_119407d_1_sub-02,_gemini-cli_gemini-3-flash_run_002,SWE-Milestone-log-results/BurntSushi_ripgrep_14.1.1_15.0.0/e2e_trial/_gemini-cli_gemini-3-flash_run_002/evaluation/milestone_seed_119407d_1_sub-02/evaluation_result.json,0.0,1.0,0.07142857142857142,0.13333333333333333
e2e,BurntSushi_ripgrep_14.1.1_15.0.0,milestone_seed_2924d0c_1,_gemini-cli_gemini-3-flash_run_002,SWE-Milestone-log-results/BurntSushi_ripgrep_14.1.1_15.0.0/e2e_trial/_gemini-cli_gemini-3-flash_run_002/evaluation/milestone_seed_2924d0c_1/evaluation_result.json,1.0,1.0,1.0,1.0
e2e,BurntSushi_ripgrep_14.1.1_15.0.0,milestone_seed_292bc54_1,_gemini-cli_gemini-3-flash_run_002,SWE-Milestone-log-results/BurntSushi_ripgrep_14.1.1_15.0.0/e2e_trial/_gemini-cli_gemini-3-flash_run_002/evaluation/milestone_seed_292bc54_1/evaluation_result.json,1.0,1.0,1.0,1.0
e2e,BurntSushi_ripgrep_14.1.1_15.0.0,milestone_seed_5f5da48_1_sub-01,_gemini-cli_gemini-3-flash_run_002,SWE-Milestone-log-results/BurntSushi_ripgrep_14.1.1_15.0.0/e2e_trial/_gemini-cli_gemini-3-flash_run_002/evaluation/milestone_seed_5f5da48_1_sub-01/evaluation_result.json,1.0,1.0,1.0,1.0
e2e,BurntSushi_ripgrep_14.1.1_15.0.0,milestone_seed_5f5da48_1_sub-02,_gemini-cli_gemini-3-flash_run_002,SWE-Milestone-log-results/BurntSushi_ripgrep_14.1.1_15.0.0/e2e_trial/_gemini-cli_gemini-3-flash_run_002/evaluation/milestone_seed_5f5da48_1_sub-02/evaluation_result.json,0.0,1.0,0.5789473684210527,0.7333333333333334
e2e,BurntSushi_ripgrep_14.1.1_15.0.0,milestone_seed_8c6595c_1,_gemini-cli_gemini-3-flash_run_002,SWE-Milestone-log-results/BurntSushi_ripgrep_14.1.1_15.0.0/e2e_trial/_gemini-cli_gemini-3-flash_run_002/evaluation/milestone_seed_8c6595c_1/evaluation_result.json,0.0,1.0,0.17647058823529413,0.3
e2e,BurntSushi_ripgrep_14.1.1_15.0.0,milestone_seed_a6e0be3_1_sub-01,_gemini-cli_gemini-3-flash_run_002,SWE-Milestone-log-results/BurntSushi_ripgrep_14.1.1_15.0.0/e2e_trial/_gemini-cli_gemini-3-flash_run_002/evaluation/milestone_seed_a6e0be3_1_sub-01/evaluation_result.json,0.0,0.625,0.8571428571428571,0.7228915662650602
e2e,BurntSushi_ripgrep_14.1.1_15.0.0,milestone_seed_a6e0be3_1_sub-02,_gemini-cli_gemini-3-flash_run_002,SWE-Milestone-log-results/BurntSushi_ripgrep_14.1.1_15.0.0/e2e_trial/_gemini-cli_gemini-3-flash_run_002/evaluation/milestone_seed_a6e0be3_1_sub-02/evaluation_result.json,0.0,1.0,0.058823529411764705,0.1111111111111111
e2e,BurntSushi_ripgrep_14.1.1_15.0.0,milestone_seed_b610d1c_1,_gemini-cli_gemini-3-flash_run_002,SWE-Milestone-log-results/BurntSushi_ripgrep_14.1.1_15.0.0/e2e_trial/_gemini-cli_gemini-3-flash_run_002/evaluation/milestone_seed_b610d1c_1/evaluation_result.json,0.0,1.0,0.1111111111111111,0.19999999999999998
e2e,BurntSushi_ripgrep_14.1.1_15.0.0,maintenance_fixes_1_sub-01,_gemini-cli_gemini-3-pro_run_002,SWE-Milestone-log-results/BurntSushi_ripgrep_14.1.1_15.0.0/e2e_trial/_gemini-cli_gemini-3-pro_run_002/evaluation/maintenance_fixes_1_sub-01/evaluation_result.json,1.0,1.0,1.0,1.0
e2e,BurntSushi_ripgrep_14.1.1_15.0.0,maintenance_fixes_1_sub-02,_gemini-cli_gemini-3-pro_run_002,SWE-Milestone-log-results/BurntSushi_ripgrep_14.1.1_15.0.0/e2e_trial/_gemini-cli_gemini-3-pro_run_002/evaluation/maintenance_fixes_1_sub-02/evaluation_result.json,0.0,0.8571428571428571,1.0,0.923076923076923
e2e,BurntSushi_ripgrep_14.1.1_15.0.0,milestone_seed_119407d_1_sub-01,_gemini-cli_gemini-3-pro_run_002,SWE-Milestone-log-results/BurntSushi_ripgrep_14.1.1_15.0.0/e2e_trial/_gemini-cli_gemini-3-pro_run_002/evaluation/milestone_seed_119407d_1_sub-01/evaluation_result.json,1.0,1.0,1.0,1.0
e2e,BurntSushi_ripgrep_14.1.1_15.0.0,milestone_seed_2924d0c_1,_gemini-cli_gemini-3-pro_run_002,SWE-Milestone-log-results/BurntSushi_ripgrep_14.1.1_15.0.0/e2e_trial/_gemini-cli_gemini-3-pro_run_002/evaluation/milestone_seed_2924d0c_1/evaluation_result.json,1.0,1.0,1.0,1.0
e2e,BurntSushi_ripgrep_14.1.1_15.0.0,milestone_seed_292bc54_1,_gemini-cli_gemini-3-pro_run_002,SWE-Milestone-log-results/BurntSushi_ripgrep_14.1.1_15.0.0/e2e_trial/_gemini-cli_gemini-3-pro_run_002/evaluation/milestone_seed_292bc54_1/evaluation_result.json,1.0,1.0,1.0,1.0
e2e,BurntSushi_ripgrep_14.1.1_15.0.0,milestone_seed_5f5da48_1_sub-01,_gemini-cli_gemini-3-pro_run_002,SWE-Milestone-log-results/BurntSushi_ripgrep_14.1.1_15.0.0/e2e_trial/_gemini-cli_gemini-3-pro_run_002/evaluation/milestone_seed_5f5da48_1_sub-01/evaluation_result.json,1.0,1.0,1.0,1.0
e2e,BurntSushi_ripgrep_14.1.1_15.0.0,milestone_seed_5f5da48_1_sub-02,_gemini-cli_gemini-3-pro_run_002,SWE-Milestone-log-results/BurntSushi_ripgrep_14.1.1_15.0.0/e2e_trial/_gemini-cli_gemini-3-pro_run_002/evaluation/milestone_seed_5f5da48_1_sub-02/evaluation_result.json,1.0,1.0,1.0,1.0
e2e,BurntSushi_ripgrep_14.1.1_15.0.0,milestone_seed_8c6595c_1,_gemini-cli_gemini-3-pro_run_002,SWE-Milestone-log-results/BurntSushi_ripgrep_14.1.1_15.0.0/e2e_trial/_gemini-cli_gemini-3-pro_run_002/evaluation/milestone_seed_8c6595c_1/evaluation_result.json,0.0,1.0,0.2727272727272727,0.42857142857142855
e2e,BurntSushi_ripgrep_14.1.1_15.0.0,milestone_seed_a6e0be3_1_sub-01,_gemini-cli_gemini-3-pro_run_002,SWE-Milestone-log-results/BurntSushi_ripgrep_14.1.1_15.0.0/e2e_trial/_gemini-cli_gemini-3-pro_run_002/evaluation/milestone_seed_a6e0be3_1_sub-01/evaluation_result.json,0.0,0.5,0.8333333333333334,0.625
e2e,BurntSushi_ripgrep_14.1.1_15.0.0,milestone_seed_a6e0be3_1_sub-02,_gemini-cli_gemini-3-pro_run_002,SWE-Milestone-log-results/BurntSushi_ripgrep_14.1.1_15.0.0/e2e_trial/_gemini-cli_gemini-3-pro_run_002/evaluation/milestone_seed_a6e0be3_1_sub-02/evaluation_result.json,0.0,1.0,0.14285714285714285,0.25
e2e,BurntSushi_ripgrep_14.1.1_15.0.0,maintenance_fixes_1_sub-01,_gemini-cli_gemini-3.1-pro_run_002,SWE-Milestone-log-results/BurntSushi_ripgrep_14.1.1_15.0.0/e2e_trial/_gemini-cli_gemini-3.1-pro_run_002/evaluation/maintenance_fixes_1_sub-01/evaluation_result.json,1.0,1.0,1.0,1.0
e2e,BurntSushi_ripgrep_14.1.1_15.0.0,maintenance_fixes_1_sub-02,_gemini-cli_gemini-3.1-pro_run_002,SWE-Milestone-log-results/BurntSushi_ripgrep_14.1.1_15.0.0/e2e_trial/_gemini-cli_gemini-3.1-pro_run_002/evaluation/maintenance_fixes_1_sub-02/evaluation_result.json,0.0,0.8571428571428571,0.4666666666666667,0.60431654676259
e2e,BurntSushi_ripgrep_14.1.1_15.0.0,milestone_seed_119407d_1_sub-01,_gemini-cli_gemini-3.1-pro_run_002,SWE-Milestone-log-results/BurntSushi_ripgrep_14.1.1_15.0.0/e2e_trial/_gemini-cli_gemini-3.1-pro_run_002/evaluation/milestone_seed_119407d_1_sub-01/evaluation_result.json,1.0,1.0,1.0,1.0
e2e,BurntSushi_ripgrep_14.1.1_15.0.0,milestone_seed_2924d0c_1,_gemini-cli_gemini-3.1-pro_run_002,SWE-Milestone-log-results/BurntSushi_ripgrep_14.1.1_15.0.0/e2e_trial/_gemini-cli_gemini-3.1-pro_run_002/evaluation/milestone_seed_2924d0c_1/evaluation_result.json,1.0,1.0,1.0,1.0
e2e,BurntSushi_ripgrep_14.1.1_15.0.0,milestone_seed_292bc54_1,_gemini-cli_gemini-3.1-pro_run_002,SWE-Milestone-log-results/BurntSushi_ripgrep_14.1.1_15.0.0/e2e_trial/_gemini-cli_gemini-3.1-pro_run_002/evaluation/milestone_seed_292bc54_1/evaluation_result.json,0.0,1.0,0.2,0.33333333333333337
e2e,BurntSushi_ripgrep_14.1.1_15.0.0,milestone_seed_5f5da48_1_sub-01,_gemini-cli_gemini-3.1-pro_run_002,SWE-Milestone-log-results/BurntSushi_ripgrep_14.1.1_15.0.0/e2e_trial/_gemini-cli_gemini-3.1-pro_run_002/evaluation/milestone_seed_5f5da48_1_sub-01/evaluation_result.json,0.0,1.0,0.5555555555555556,0.7142857142857143
e2e,BurntSushi_ripgrep_14.1.1_15.0.0,milestone_seed_5f5da48_1_sub-02,_gemini-cli_gemini-3.1-pro_run_002,SWE-Milestone-log-results/BurntSushi_ripgrep_14.1.1_15.0.0/e2e_trial/_gemini-cli_gemini-3.1-pro_run_002/evaluation/milestone_seed_5f5da48_1_sub-02/evaluation_result.json,1.0,1.0,1.0,1.0
e2e,BurntSushi_ripgrep_14.1.1_15.0.0,milestone_seed_8c6595c_1,_gemini-cli_gemini-3.1-pro_run_002,SWE-Milestone-log-results/BurntSushi_ripgrep_14.1.1_15.0.0/e2e_trial/_gemini-cli_gemini-3.1-pro_run_002/evaluation/milestone_seed_8c6595c_1/evaluation_result.json,0.0,1.0,0.21428571428571427,0.35294117647058826
e2e,BurntSushi_ripgrep_14.1.1_15.0.0,milestone_seed_a6e0be3_1_sub-02,_gemini-cli_gemini-3.1-pro_run_002,SWE-Milestone-log-results/BurntSushi_ripgrep_14.1.1_15.0.0/e2e_trial/_gemini-cli_gemini-3.1-pro_run_002/evaluation/milestone_seed_a6e0be3_1_sub-02/evaluation_result.json,0.0,1.0,0.125,0.2222222222222222
e2e,BurntSushi_ripgrep_14.1.1_15.0.0,maintenance_fixes_1_sub-01,_openhands_gemini-3-flash_run_002,SWE-Milestone-log-results/BurntSushi_ripgrep_14.1.1_15.0.0/e2e_trial/_openhands_gemini-3-flash_run_002/evaluation/maintenance_fixes_1_sub-01/evaluation_result.json,1.0,1.0,1.0,1.0
e2e,BurntSushi_ripgrep_14.1.1_15.0.0,maintenance_fixes_1_sub-02,_openhands_gemini-3-flash_run_002,SWE-Milestone-log-results/BurntSushi_ripgrep_14.1.1_15.0.0/e2e_trial/_openhands_gemini-3-flash_run_002/evaluation/maintenance_fixes_1_sub-02/evaluation_result.json,0.0,0.8571428571428571,0.4375,0.5793103448275861
e2e,BurntSushi_ripgrep_14.1.1_15.0.0,milestone_seed_119407d_1_sub-01,_openhands_gemini-3-flash_run_002,SWE-Milestone-log-results/BurntSushi_ripgrep_14.1.1_15.0.0/e2e_trial/_openhands_gemini-3-flash_run_002/evaluation/milestone_seed_119407d_1_sub-01/evaluation_result.json,1.0,1.0,1.0,1.0
e2e,BurntSushi_ripgrep_14.1.1_15.0.0,milestone_seed_2924d0c_1,_openhands_gemini-3-flash_run_002,SWE-Milestone-log-results/BurntSushi_ripgrep_14.1.1_15.0.0/e2e_trial/_openhands_gemini-3-flash_run_002/evaluation/milestone_seed_2924d0c_1/evaluation_result.json,1.0,1.0,1.0,1.0
e2e,BurntSushi_ripgrep_14.1.1_15.0.0,milestone_seed_292bc54_1,_openhands_gemini-3-flash_run_002,SWE-Milestone-log-results/BurntSushi_ripgrep_14.1.1_15.0.0/e2e_trial/_openhands_gemini-3-flash_run_002/evaluation/milestone_seed_292bc54_1/evaluation_result.json,1.0,1.0,1.0,1.0
e2e,BurntSushi_ripgrep_14.1.1_15.0.0,milestone_seed_5f5da48_1_sub-01,_openhands_gemini-3-flash_run_002,SWE-Milestone-log-results/BurntSushi_ripgrep_14.1.1_15.0.0/e2e_trial/_openhands_gemini-3-flash_run_002/evaluation/milestone_seed_5f5da48_1_sub-01/evaluation_result.json,0.0,0.0,1.0,0.0
e2e,BurntSushi_ripgrep_14.1.1_15.0.0,milestone_seed_5f5da48_1_sub-02,_openhands_gemini-3-flash_run_002,SWE-Milestone-log-results/BurntSushi_ripgrep_14.1.1_15.0.0/e2e_trial/_openhands_gemini-3-flash_run_002/evaluation/milestone_seed_5f5da48_1_sub-02/evaluation_result.json,0.0,1.0,0.5789473684210527,0.7333333333333334
e2e,BurntSushi_ripgrep_14.1.1_15.0.0,milestone_seed_a6e0be3_1_sub-01,_openhands_gemini-3-flash_run_002,SWE-Milestone-log-results/BurntSushi_ripgrep_14.1.1_15.0.0/e2e_trial/_openhands_gemini-3-flash_run_002/evaluation/milestone_seed_a6e0be3_1_sub-01/evaluation_result.json,0.0,0.75,0.4375,0.5526315789473685
e2e,BurntSushi_ripgrep_14.1.1_15.0.0,maintenance_fixes_1_sub-01,_openhands_glm-5_run_002,SWE-Milestone-log-results/BurntSushi_ripgrep_14.1.1_15.0.0/e2e_trial/_openhands_glm-5_run_002/evaluation/maintenance_fixes_1_sub-01/evaluation_result.json,1.0,1.0,1.0,1.0
e2e,BurntSushi_ripgrep_14.1.1_15.0.0,maintenance_fixes_1_sub-02,_openhands_glm-5_run_002,SWE-Milestone-log-results/BurntSushi_ripgrep_14.1.1_15.0.0/e2e_trial/_openhands_glm-5_run_002/evaluation/maintenance_fixes_1_sub-02/evaluation_result.json,0.0,0.14285714285714285,0.6666666666666666,0.23529411764705882
e2e,BurntSushi_ripgrep_14.1.1_15.0.0,milestone_seed_119407d_1_sub-01,_openhands_glm-5_run_002,SWE-Milestone-log-results/BurntSushi_ripgrep_14.1.1_15.0.0/e2e_trial/_openhands_glm-5_run_002/evaluation/milestone_seed_119407d_1_sub-01/evaluation_result.json,0.0,1.0,0.5,0.6666666666666666
e2e,BurntSushi_ripgrep_14.1.1_15.0.0,milestone_seed_119407d_1_sub-02,_openhands_glm-5_run_002,SWE-Milestone-log-results/BurntSushi_ripgrep_14.1.1_15.0.0/e2e_trial/_openhands_glm-5_run_002/evaluation/milestone_seed_119407d_1_sub-02/evaluation_result.json,0.0,1.0,0.1111111111111111,0.19999999999999998
e2e,BurntSushi_ripgrep_14.1.1_15.0.0,milestone_seed_2924d0c_1,_openhands_glm-5_run_002,SWE-Milestone-log-results/BurntSushi_ripgrep_14.1.1_15.0.0/e2e_trial/_openhands_glm-5_run_002/evaluation/milestone_seed_2924d0c_1/evaluation_result.json,0.0,0.0,0.5,0.0
e2e,BurntSushi_ripgrep_14.1.1_15.0.0,milestone_seed_292bc54_1,_openhands_glm-5_run_002,SWE-Milestone-log-results/BurntSushi_ripgrep_14.1.1_15.0.0/e2e_trial/_openhands_glm-5_run_002/evaluation/milestone_seed_292bc54_1/evaluation_result.json,0.0,1.0,0.6666666666666666,0.8
e2e,BurntSushi_ripgrep_14.1.1_15.0.0,milestone_seed_5f5da48_1_sub-01,_openhands_glm-5_run_002,SWE-Milestone-log-results/BurntSushi_ripgrep_14.1.1_15.0.0/e2e_trial/_openhands_glm-5_run_002/evaluation/milestone_seed_5f5da48_1_sub-01/evaluation_result.json,0.0,1.0,0.9090909090909091,0.9523809523809523
e2e,BurntSushi_ripgrep_14.1.1_15.0.0,milestone_seed_5f5da48_1_sub-02,_openhands_glm-5_run_002,SWE-Milestone-log-results/BurntSushi_ripgrep_14.1.1_15.0.0/e2e_trial/_openhands_glm-5_run_002/evaluation/milestone_seed_5f5da48_1_sub-02/evaluation_result.json,0.0,0.6,0.875,0.711864406779661
e2e,BurntSushi_ripgrep_14.1.1_15.0.0,milestone_seed_8c6595c_1,_openhands_glm-5_run_002,SWE-Milestone-log-results/BurntSushi_ripgrep_14.1.1_15.0.0/e2e_trial/_openhands_glm-5_run_002/evaluation/milestone_seed_8c6595c_1/evaluation_result.json,0.0,1.0,0.2727272727272727,0.42857142857142855
e2e,BurntSushi_ripgrep_14.1.1_15.0.0,milestone_seed_a6e0be3_1_sub-01,_openhands_glm-5_run_002,SWE-Milestone-log-results/BurntSushi_ripgrep_14.1.1_15.0.0/e2e_trial/_openhands_glm-5_run_002/evaluation/milestone_seed_a6e0be3_1_sub-01/evaluation_result.json,0.0,0.5,0.7142857142857143,0.588235294117647
e2e,BurntSushi_ripgrep_14.1.1_15.0.0,milestone_seed_a6e0be3_1_sub-02,_openhands_glm-5_run_002,SWE-Milestone-log-results/BurntSushi_ripgrep_14.1.1_15.0.0/e2e_trial/_openhands_glm-5_run_002/evaluation/milestone_seed_a6e0be3_1_sub-02/evaluation_result.json,0.0,1.0,0.1,0.18181818181818182
e2e,BurntSushi_ripgrep_14.1.1_15.0.0,maintenance_fixes_1_sub-01,_openhands_gpt-5.3-codex_run_002,SWE-Milestone-log-results/BurntSushi_ripgrep_14.1.1_15.0.0/e2e_trial/_openhands_gpt-5.3-codex_run_002/evaluation/maintenance_fixes_1_sub-01/evaluation_result.json,1.0,1.0,1.0,1.0
e2e,BurntSushi_ripgrep_14.1.1_15.0.0,maintenance_fixes_1_sub-02,_openhands_gpt-5.3-codex_run_002,SWE-Milestone-log-results/BurntSushi_ripgrep_14.1.1_15.0.0/e2e_trial/_openhands_gpt-5.3-codex_run_002/evaluation/maintenance_fixes_1_sub-02/evaluation_result.json,0.0,0.7142857142857143,1.0,0.8333333333333333
e2e,BurntSushi_ripgrep_14.1.1_15.0.0,milestone_seed_119407d_1_sub-01,_openhands_gpt-5.3-codex_run_002,SWE-Milestone-log-results/BurntSushi_ripgrep_14.1.1_15.0.0/e2e_trial/_openhands_gpt-5.3-codex_run_002/evaluation/milestone_seed_119407d_1_sub-01/evaluation_result.json,1.0,1.0,1.0,1.0
e2e,BurntSushi_ripgrep_14.1.1_15.0.0,milestone_seed_2924d0c_1,_openhands_gpt-5.3-codex_run_002,SWE-Milestone-log-results/BurntSushi_ripgrep_14.1.1_15.0.0/e2e_trial/_openhands_gpt-5.3-codex_run_002/evaluation/milestone_seed_2924d0c_1/evaluation_result.json,1.0,1.0,1.0,1.0
e2e,BurntSushi_ripgrep_14.1.1_15.0.0,milestone_seed_292bc54_1,_openhands_gpt-5.3-codex_run_002,SWE-Milestone-log-results/BurntSushi_ripgrep_14.1.1_15.0.0/e2e_trial/_openhands_gpt-5.3-codex_run_002/evaluation/milestone_seed_292bc54_1/evaluation_result.json,1.0,1.0,1.0,1.0
e2e,BurntSushi_ripgrep_14.1.1_15.0.0,milestone_seed_5f5da48_1_sub-01,_openhands_gpt-5.3-codex_run_002,SWE-Milestone-log-results/BurntSushi_ripgrep_14.1.1_15.0.0/e2e_trial/_openhands_gpt-5.3-codex_run_002/evaluation/milestone_seed_5f5da48_1_sub-01/evaluation_result.json,1.0,1.0,1.0,1.0
e2e,BurntSushi_ripgrep_14.1.1_15.0.0,milestone_seed_5f5da48_1_sub-02,_openhands_gpt-5.3-codex_run_002,SWE-Milestone-log-results/BurntSushi_ripgrep_14.1.1_15.0.0/e2e_trial/_openhands_gpt-5.3-codex_run_002/evaluation/milestone_seed_5f5da48_1_sub-02/evaluation_result.json,1.0,1.0,1.0,1.0
e2e,BurntSushi_ripgrep_14.1.1_15.0.0,milestone_seed_8c6595c_1,_openhands_gpt-5.3-codex_run_002,SWE-Milestone-log-results/BurntSushi_ripgrep_14.1.1_15.0.0/e2e_trial/_openhands_gpt-5.3-codex_run_002/evaluation/milestone_seed_8c6595c_1/evaluation_result.json,0.0,1.0,0.5,0.6666666666666666
e2e,BurntSushi_ripgrep_14.1.1_15.0.0,milestone_seed_a6e0be3_1_sub-01,_openhands_gpt-5.3-codex_run_002,SWE-Milestone-log-results/BurntSushi_ripgrep_14.1.1_15.0.0/e2e_trial/_openhands_gpt-5.3-codex_run_002/evaluation/milestone_seed_a6e0be3_1_sub-01/evaluation_result.json,0.0,0.875,0.8888888888888888,0.8818897637795274
e2e,BurntSushi_ripgrep_14.1.1_15.0.0,milestone_seed_a6e0be3_1_sub-02,_openhands_gpt-5.3-codex_run_002,SWE-Milestone-log-results/BurntSushi_ripgrep_14.1.1_15.0.0/e2e_trial/_openhands_gpt-5.3-codex_run_002/evaluation/milestone_seed_a6e0be3_1_sub-02/evaluation_result.json,0.0,1.0,0.25,0.4
e2e,BurntSushi_ripgrep_14.1.1_15.0.0,maintenance_fixes_1_sub-01,_openhands_kimi-k2.5_run_002,SWE-Milestone-log-results/BurntSushi_ripgrep_14.1.1_15.0.0/e2e_trial/_openhands_kimi-k2.5_run_002/evaluation/maintenance_fixes_1_sub-01/evaluation_result.json,1.0,1.0,1.0,1.0
e2e,BurntSushi_ripgrep_14.1.1_15.0.0,maintenance_fixes_1_sub-02,_openhands_kimi-k2.5_run_002,SWE-Milestone-log-results/BurntSushi_ripgrep_14.1.1_15.0.0/e2e_trial/_openhands_kimi-k2.5_run_002/evaluation/maintenance_fixes_1_sub-02/evaluation_result.json,0.0,0.5714285714285714,1.0,0.7272727272727273
e2e,BurntSushi_ripgrep_14.1.1_15.0.0,maintenance_style_1,_openhands_kimi-k2.5_run_002,SWE-Milestone-log-results/BurntSushi_ripgrep_14.1.1_15.0.0/e2e_trial/_openhands_kimi-k2.5_run_002/evaluation/maintenance_style_1/evaluation_result.json,0.0,1.0,0.25,0.4
e2e,BurntSushi_ripgrep_14.1.1_15.0.0,milestone_seed_119407d_1_sub-01,_openhands_kimi-k2.5_run_002,SWE-Milestone-log-results/BurntSushi_ripgrep_14.1.1_15.0.0/e2e_trial/_openhands_kimi-k2.5_run_002/evaluation/milestone_seed_119407d_1_sub-01/evaluation_result.json,1.0,1.0,1.0,1.0
e2e,BurntSushi_ripgrep_14.1.1_15.0.0,milestone_seed_119407d_1_sub-02,_openhands_kimi-k2.5_run_002,SWE-Milestone-log-results/BurntSushi_ripgrep_14.1.1_15.0.0/e2e_trial/_openhands_kimi-k2.5_run_002/evaluation/milestone_seed_119407d_1_sub-02/evaluation_result.json,1.0,1.0,1.0,1.0
e2e,BurntSushi_ripgrep_14.1.1_15.0.0,milestone_seed_2924d0c_1,_openhands_kimi-k2.5_run_002,SWE-Milestone-log-results/BurntSushi_ripgrep_14.1.1_15.0.0/e2e_trial/_openhands_kimi-k2.5_run_002/evaluation/milestone_seed_2924d0c_1/evaluation_result.json,1.0,1.0,1.0,1.0
e2e,BurntSushi_ripgrep_14.1.1_15.0.0,milestone_seed_292bc54_1,_openhands_kimi-k2.5_run_002,SWE-Milestone-log-results/BurntSushi_ripgrep_14.1.1_15.0.0/e2e_trial/_openhands_kimi-k2.5_run_002/evaluation/milestone_seed_292bc54_1/evaluation_result.json,0.0,0.0,1.0,0.0
e2e,BurntSushi_ripgrep_14.1.1_15.0.0,milestone_seed_5f5da48_1_sub-01,_openhands_kimi-k2.5_run_002,SWE-Milestone-log-results/BurntSushi_ripgrep_14.1.1_15.0.0/e2e_trial/_openhands_kimi-k2.5_run_002/evaluation/milestone_seed_5f5da48_1_sub-01/evaluation_result.json,0.0,0.0,1.0,0.0
e2e,BurntSushi_ripgrep_14.1.1_15.0.0,milestone_seed_5f5da48_1_sub-02,_openhands_kimi-k2.5_run_002,SWE-Milestone-log-results/BurntSushi_ripgrep_14.1.1_15.0.0/e2e_trial/_openhands_kimi-k2.5_run_002/evaluation/milestone_seed_5f5da48_1_sub-02/evaluation_result.json,0.0,0.7,1.0,0.8235294117647058
e2e,BurntSushi_ripgrep_14.1.1_15.0.0,milestone_seed_8c6595c_1,_openhands_kimi-k2.5_run_002,SWE-Milestone-log-results/BurntSushi_ripgrep_14.1.1_15.0.0/e2e_trial/_openhands_kimi-k2.5_run_002/evaluation/milestone_seed_8c6595c_1/evaluation_result.json,0.0,0.0,0.125,0.0
e2e,BurntSushi_ripgrep_14.1.1_15.0.0,milestone_seed_a6e0be3_1_sub-01,_openhands_kimi-k2.5_run_002,SWE-Milestone-log-results/BurntSushi_ripgrep_14.1.1_15.0.0/e2e_trial/_openhands_kimi-k2.5_run_002/evaluation/milestone_seed_a6e0be3_1_sub-01/evaluation_result.json,0.0,0.625,0.8571428571428571,0.7228915662650602
e2e,BurntSushi_ripgrep_14.1.1_15.0.0,milestone_seed_a6e0be3_1_sub-02,_openhands_kimi-k2.5_run_002,SWE-Milestone-log-results/BurntSushi_ripgrep_14.1.1_15.0.0/e2e_trial/_openhands_kimi-k2.5_run_002/evaluation/milestone_seed_a6e0be3_1_sub-02/evaluation_result.json,0.0,1.0,0.2,0.33333333333333337
e2e,BurntSushi_ripgrep_14.1.1_15.0.0,milestone_seed_b610d1c_1,_openhands_kimi-k2.5_run_002,SWE-Milestone-log-results/BurntSushi_ripgrep_14.1.1_15.0.0/e2e_trial/_openhands_kimi-k2.5_run_002/evaluation/milestone_seed_b610d1c_1/evaluation_result.json,0.0,0.0,0.2,0.0
e2e,BurntSushi_ripgrep_14.1.1_15.0.0,maintenance_fixes_1_sub-01,_openhands_kimi-k2.6_run_002,SWE-Milestone-log-results/BurntSushi_ripgrep_14.1.1_15.0.0/e2e_trial/_openhands_kimi-k2.6_run_002/evaluation/maintenance_fixes_1_sub-01/evaluation_result.json,1.0,1.0,1.0,1.0
e2e,BurntSushi_ripgrep_14.1.1_15.0.0,maintenance_fixes_1_sub-02,_openhands_kimi-k2.6_run_002,SWE-Milestone-log-results/BurntSushi_ripgrep_14.1.1_15.0.0/e2e_trial/_openhands_kimi-k2.6_run_002/evaluation/maintenance_fixes_1_sub-02/evaluation_result.json,0.0,0.42857142857142855,1.0,0.6
e2e,BurntSushi_ripgrep_14.1.1_15.0.0,maintenance_style_1,_openhands_kimi-k2.6_run_002,SWE-Milestone-log-results/BurntSushi_ripgrep_14.1.1_15.0.0/e2e_trial/_openhands_kimi-k2.6_run_002/evaluation/maintenance_style_1/evaluation_result.json,0.0,1.0,0.16666666666666666,0.2857142857142857
e2e,BurntSushi_ripgrep_14.1.1_15.0.0,milestone_seed_119407d_1_sub-01,_openhands_kimi-k2.6_run_002,SWE-Milestone-log-results/BurntSushi_ripgrep_14.1.1_15.0.0/e2e_trial/_openhands_kimi-k2.6_run_002/evaluation/milestone_seed_119407d_1_sub-01/evaluation_result.json,1.0,1.0,1.0,1.0
e2e,BurntSushi_ripgrep_14.1.1_15.0.0,milestone_seed_2924d0c_1,_openhands_kimi-k2.6_run_002,SWE-Milestone-log-results/BurntSushi_ripgrep_14.1.1_15.0.0/e2e_trial/_openhands_kimi-k2.6_run_002/evaluation/milestone_seed_2924d0c_1/evaluation_result.json,0.0,0.0,1.0,0.0
e2e,BurntSushi_ripgrep_14.1.1_15.0.0,milestone_seed_292bc54_1,_openhands_kimi-k2.6_run_002,SWE-Milestone-log-results/BurntSushi_ripgrep_14.1.1_15.0.0/e2e_trial/_openhands_kimi-k2.6_run_002/evaluation/milestone_seed_292bc54_1/evaluation_result.json,1.0,1.0,1.0,1.0
e2e,BurntSushi_ripgrep_14.1.1_15.0.0,milestone_seed_5f5da48_1_sub-01,_openhands_kimi-k2.6_run_002,SWE-Milestone-log-results/BurntSushi_ripgrep_14.1.1_15.0.0/e2e_trial/_openhands_kimi-k2.6_run_002/evaluation/milestone_seed_5f5da48_1_sub-01/evaluation_result.json,1.0,1.0,1.0,1.0
e2e,BurntSushi_ripgrep_14.1.1_15.0.0,milestone_seed_5f5da48_1_sub-02,_openhands_kimi-k2.6_run_002,SWE-Milestone-log-results/BurntSushi_ripgrep_14.1.1_15.0.0/e2e_trial/_openhands_kimi-k2.6_run_002/evaluation/milestone_seed_5f5da48_1_sub-02/evaluation_result.json,0.0,0.7,1.0,0.8235294117647058
e2e,BurntSushi_ripgrep_14.1.1_15.0.0,milestone_seed_8c6595c_1,_openhands_kimi-k2.6_run_002,SWE-Milestone-log-results/BurntSushi_ripgrep_14.1.1_15.0.0/e2e_trial/_openhands_kimi-k2.6_run_002/evaluation/milestone_seed_8c6595c_1/evaluation_result.json,0.0,0.0,0.14285714285714285,0.0
e2e,BurntSushi_ripgrep_14.1.1_15.0.0,milestone_seed_a6e0be3_1_sub-01,_openhands_kimi-k2.6_run_002,SWE-Milestone-log-results/BurntSushi_ripgrep_14.1.1_15.0.0/e2e_trial/_openhands_kimi-k2.6_run_002/evaluation/milestone_seed_a6e0be3_1_sub-01/evaluation_result.json,0.0,0.5,0.8333333333333334,0.625
e2e,BurntSushi_ripgrep_14.1.1_15.0.0,milestone_seed_a6e0be3_1_sub-02,_openhands_kimi-k2.6_run_002,SWE-Milestone-log-results/BurntSushi_ripgrep_14.1.1_15.0.0/e2e_trial/_openhands_kimi-k2.6_run_002/evaluation/milestone_seed_a6e0be3_1_sub-02/evaluation_result.json,0.0,1.0,0.16666666666666666,0.2857142857142857
e2e,BurntSushi_ripgrep_14.1.1_15.0.0,milestone_seed_b610d1c_1,_openhands_kimi-k2.6_run_002,SWE-Milestone-log-results/BurntSushi_ripgrep_14.1.1_15.0.0/e2e_trial/_openhands_kimi-k2.6_run_002/evaluation/milestone_seed_b610d1c_1/evaluation_result.json,0.0,1.0,0.2,0.33333333333333337
e2e,BurntSushi_ripgrep_14.1.1_15.0.0,maintenance_fixes_1_sub-01,_openhands_minimax-m2.5_run_002,SWE-Milestone-log-results/BurntSushi_ripgrep_14.1.1_15.0.0/e2e_trial/_openhands_minimax-m2.5_run_002/evaluation/maintenance_fixes_1_sub-01/evaluation_result.json,1.0,1.0,1.0,1.0
e2e,BurntSushi_ripgrep_14.1.1_15.0.0,maintenance_fixes_1_sub-02,_openhands_minimax-m2.5_run_002,SWE-Milestone-log-results/BurntSushi_ripgrep_14.1.1_15.0.0/e2e_trial/_openhands_minimax-m2.5_run_002/evaluation/maintenance_fixes_1_sub-02/evaluation_result.json,0.0,0.14285714285714285,1.0,0.25
e2e,BurntSushi_ripgrep_14.1.1_15.0.0,milestone_seed_119407d_1_sub-01,_openhands_minimax-m2.5_run_002,SWE-Milestone-log-results/BurntSushi_ripgrep_14.1.1_15.0.0/e2e_trial/_openhands_minimax-m2.5_run_002/evaluation/milestone_seed_119407d_1_sub-01/evaluation_result.json,1.0,1.0,1.0,1.0
e2e,BurntSushi_ripgrep_14.1.1_15.0.0,milestone_seed_119407d_1_sub-02,_openhands_minimax-m2.5_run_002,SWE-Milestone-log-results/BurntSushi_ripgrep_14.1.1_15.0.0/e2e_trial/_openhands_minimax-m2.5_run_002/evaluation/milestone_seed_119407d_1_sub-02/evaluation_result.json,0.0,1.0,0.25,0.4
e2e,BurntSushi_ripgrep_14.1.1_15.0.0,milestone_seed_2924d0c_1,_openhands_minimax-m2.5_run_002,SWE-Milestone-log-results/BurntSushi_ripgrep_14.1.1_15.0.0/e2e_trial/_openhands_minimax-m2.5_run_002/evaluation/milestone_seed_2924d0c_1/evaluation_result.json,0.0,0.0,1.0,0.0
e2e,BurntSushi_ripgrep_14.1.1_15.0.0,milestone_seed_292bc54_1,_openhands_minimax-m2.5_run_002,SWE-Milestone-log-results/BurntSushi_ripgrep_14.1.1_15.0.0/e2e_trial/_openhands_minimax-m2.5_run_002/evaluation/milestone_seed_292bc54_1/evaluation_result.json,0.0,0.0,1.0,0.0
e2e,BurntSushi_ripgrep_14.1.1_15.0.0,milestone_seed_5f5da48_1_sub-01,_openhands_minimax-m2.5_run_002,SWE-Milestone-log-results/BurntSushi_ripgrep_14.1.1_15.0.0/e2e_trial/_openhands_minimax-m2.5_run_002/evaluation/milestone_seed_5f5da48_1_sub-01/evaluation_result.json,0.0,0.4444444444444444,1.0,0.6153846153846153
e2e,BurntSushi_ripgrep_14.1.1_15.0.0,milestone_seed_5f5da48_1_sub-02,_openhands_minimax-m2.5_run_002,SWE-Milestone-log-results/BurntSushi_ripgrep_14.1.1_15.0.0/e2e_trial/_openhands_minimax-m2.5_run_002/evaluation/milestone_seed_5f5da48_1_sub-02/evaluation_result.json,0.0,0.7,0.6153846153846154,0.6549707602339182
e2e,BurntSushi_ripgrep_14.1.1_15.0.0,milestone_seed_8c6595c_1,_openhands_minimax-m2.5_run_002,SWE-Milestone-log-results/BurntSushi_ripgrep_14.1.1_15.0.0/e2e_trial/_openhands_minimax-m2.5_run_002/evaluation/milestone_seed_8c6595c_1/evaluation_result.json,0.0,0.0,0.125,0.0
e2e,BurntSushi_ripgrep_14.1.1_15.0.0,milestone_seed_a6e0be3_1_sub-01,_openhands_minimax-m2.5_run_002,SWE-Milestone-log-results/BurntSushi_ripgrep_14.1.1_15.0.0/e2e_trial/_openhands_minimax-m2.5_run_002/evaluation/milestone_seed_a6e0be3_1_sub-01/evaluation_result.json,0.0,0.25,1.0,0.4
e2e,BurntSushi_ripgrep_14.1.1_15.0.0,milestone_seed_a6e0be3_1_sub-02,_openhands_minimax-m2.5_run_002,SWE-Milestone-log-results/BurntSushi_ripgrep_14.1.1_15.0.0/e2e_trial/_openhands_minimax-m2.5_run_002/evaluation/milestone_seed_a6e0be3_1_sub-02/evaluation_result.json,0.0,1.0,0.125,0.2222222222222222
e2e,BurntSushi_ripgrep_14.1.1_15.0.0,maintenance_fixes_1_sub-01,_openhands_opus-4.6_run_002,SWE-Milestone-log-results/BurntSushi_ripgrep_14.1.1_15.0.0/e2e_trial/_openhands_opus-4.6_run_002/evaluation/maintenance_fixes_1_sub-01/evaluation_result.json,1.0,1.0,1.0,1.0
e2e,BurntSushi_ripgrep_14.1.1_15.0.0,maintenance_fixes_1_sub-02,_openhands_opus-4.6_run_002,SWE-Milestone-log-results/BurntSushi_ripgrep_14.1.1_15.0.0/e2e_trial/_openhands_opus-4.6_run_002/evaluation/maintenance_fixes_1_sub-02/evaluation_result.json,0.0,0.7142857142857143,1.0,0.8333333333333333
e2e,BurntSushi_ripgrep_14.1.1_15.0.0,milestone_seed_119407d_1_sub-01,_openhands_opus-4.6_run_002,SWE-Milestone-log-results/BurntSushi_ripgrep_14.1.1_15.0.0/e2e_trial/_openhands_opus-4.6_run_002/evaluation/milestone_seed_119407d_1_sub-01/evaluation_result.json,1.0,1.0,1.0,1.0
e2e,BurntSushi_ripgrep_14.1.1_15.0.0,milestone_seed_2924d0c_1,_openhands_opus-4.6_run_002,SWE-Milestone-log-results/BurntSushi_ripgrep_14.1.1_15.0.0/e2e_trial/_openhands_opus-4.6_run_002/evaluation/milestone_seed_2924d0c_1/evaluation_result.json,1.0,1.0,1.0,1.0
e2e,BurntSushi_ripgrep_14.1.1_15.0.0,milestone_seed_292bc54_1,_openhands_opus-4.6_run_002,SWE-Milestone-log-results/BurntSushi_ripgrep_14.1.1_15.0.0/e2e_trial/_openhands_opus-4.6_run_002/evaluation/milestone_seed_292bc54_1/evaluation_result.json,0.0,0.0,1.0,0.0
e2e,BurntSushi_ripgrep_14.1.1_15.0.0,milestone_seed_5f5da48_1_sub-01,_openhands_opus-4.6_run_002,SWE-Milestone-log-results/BurntSushi_ripgrep_14.1.1_15.0.0/e2e_trial/_openhands_opus-4.6_run_002/evaluation/milestone_seed_5f5da48_1_sub-01/evaluation_result.json,0.0,0.6666666666666666,1.0,0.8
e2e,BurntSushi_ripgrep_14.1.1_15.0.0,milestone_seed_5f5da48_1_sub-02,_openhands_opus-4.6_run_002,SWE-Milestone-log-results/BurntSushi_ripgrep_14.1.1_15.0.0/e2e_trial/_openhands_opus-4.6_run_002/evaluation/milestone_seed_5f5da48_1_sub-02/evaluation_result.json,0.0,0.7,0.7272727272727273,0.7133757961783439
e2e,BurntSushi_ripgrep_14.1.1_15.0.0,milestone_seed_8c6595c_1,_openhands_opus-4.6_run_002,SWE-Milestone-log-results/BurntSushi_ripgrep_14.1.1_15.0.0/e2e_trial/_openhands_opus-4.6_run_002/evaluation/milestone_seed_8c6595c_1/evaluation_result.json,0.0,1.0,0.375,0.5454545454545454
e2e,BurntSushi_ripgrep_14.1.1_15.0.0,milestone_seed_a6e0be3_1_sub-01,_openhands_opus-4.6_run_002,SWE-Milestone-log-results/BurntSushi_ripgrep_14.1.1_15.0.0/e2e_trial/_openhands_opus-4.6_run_002/evaluation/milestone_seed_a6e0be3_1_sub-01/evaluation_result.json,0.0,0.5,1.0,0.6666666666666666
e2e,BurntSushi_ripgrep_14.1.1_15.0.0,milestone_seed_a6e0be3_1_sub-02,_openhands_opus-4.6_run_002,SWE-Milestone-log-results/BurntSushi_ripgrep_14.1.1_15.0.0/e2e_trial/_openhands_opus-4.6_run_002/evaluation/milestone_seed_a6e0be3_1_sub-02/evaluation_result.json,0.0,1.0,0.14285714285714285,0.25
independent,apache_dubbo_dubbo-3.3.3_dubbo-3.3.6,M001.1,_claude-code_opus-4.5_run_001,SWE-Milestone-log-results/apache_dubbo_dubbo-3.3.3_dubbo-3.3.6/mstone_trial/_claude-code_opus-4.5_run_001/M001.1/evaluation/evaluation_result_filtered.json,0.0,0.5,0.5,0.5
independent,apache_dubbo_dubbo-3.3.3_dubbo-3.3.6,M001.2,_claude-code_opus-4.5_run_001,SWE-Milestone-log-results/apache_dubbo_dubbo-3.3.3_dubbo-3.3.6/mstone_trial/_claude-code_opus-4.5_run_001/M001.2/evaluation/evaluation_result_filtered.json,0.0,0.0,0.015625,0.0
independent,apache_dubbo_dubbo-3.3.3_dubbo-3.3.6,M003.1,_claude-code_opus-4.5_run_001,SWE-Milestone-log-results/apache_dubbo_dubbo-3.3.3_dubbo-3.3.6/mstone_trial/_claude-code_opus-4.5_run_001/M003.1/evaluation/evaluation_result_filtered.json,1.0,1.0,1.0,1.0
independent,apache_dubbo_dubbo-3.3.3_dubbo-3.3.6,M003.2,_claude-code_opus-4.5_run_001,SWE-Milestone-log-results/apache_dubbo_dubbo-3.3.3_dubbo-3.3.6/mstone_trial/_claude-code_opus-4.5_run_001/M003.2/evaluation/evaluation_result_filtered.json,1.0,1.0,1.0,1.0
independent,apache_dubbo_dubbo-3.3.3_dubbo-3.3.6,M003.3,_claude-code_opus-4.5_run_001,SWE-Milestone-log-results/apache_dubbo_dubbo-3.3.3_dubbo-3.3.6/mstone_trial/_claude-code_opus-4.5_run_001/M003.3/evaluation/evaluation_result_filtered.json,0.0,0.0,0.00014427932477276007,0.0
independent,apache_dubbo_dubbo-3.3.3_dubbo-3.3.6,M004,_claude-code_opus-4.5_run_001,SWE-Milestone-log-results/apache_dubbo_dubbo-3.3.3_dubbo-3.3.6/mstone_trial/_claude-code_opus-4.5_run_001/M004/evaluation/evaluation_result_filtered.json,0.0,0.0,0.0004897159647404506,0.0
independent,apache_dubbo_dubbo-3.3.3_dubbo-3.3.6,M006,_claude-code_opus-4.5_run_001,SWE-Milestone-log-results/apache_dubbo_dubbo-3.3.3_dubbo-3.3.6/mstone_trial/_claude-code_opus-4.5_run_001/M006/evaluation/evaluation_result_filtered.json,1.0,1.0,1.0,1.0
independent,apache_dubbo_dubbo-3.3.3_dubbo-3.3.6,M011,_claude-code_opus-4.5_run_001,SWE-Milestone-log-results/apache_dubbo_dubbo-3.3.3_dubbo-3.3.6/mstone_trial/_claude-code_opus-4.5_run_001/M011/evaluation/evaluation_result_filtered.json,1.0,1.0,1.0,1.0
independent,apache_dubbo_dubbo-3.3.3_dubbo-3.3.6,M016.1,_claude-code_opus-4.5_run_001,SWE-Milestone-log-results/apache_dubbo_dubbo-3.3.3_dubbo-3.3.6/mstone_trial/_claude-code_opus-4.5_run_001/M016.1/evaluation/evaluation_result_filtered.json,0.0,1.0,0.875,0.9333333333333333
independent,apache_dubbo_dubbo-3.3.3_dubbo-3.3.6,M017,_claude-code_opus-4.5_run_001,SWE-Milestone-log-results/apache_dubbo_dubbo-3.3.3_dubbo-3.3.6/mstone_trial/_claude-code_opus-4.5_run_001/M017/evaluation/evaluation_result_filtered.json,1.0,1.0,1.0,1.0
independent,apache_dubbo_dubbo-3.3.3_dubbo-3.3.6,M018,_claude-code_opus-4.5_run_001,SWE-Milestone-log-results/apache_dubbo_dubbo-3.3.3_dubbo-3.3.6/mstone_trial/_claude-code_opus-4.5_run_001/M018/evaluation/evaluation_result_filtered.json,1.0,1.0,1.0,1.0
independent,apache_dubbo_dubbo-3.3.3_dubbo-3.3.6,M019,_claude-code_opus-4.5_run_001,SWE-Milestone-log-results/apache_dubbo_dubbo-3.3.3_dubbo-3.3.6/mstone_trial/_claude-code_opus-4.5_run_001/M019/evaluation/evaluation_result_filtered.json,1.0,1.0,1.0,1.0
independent,apache_dubbo_dubbo-3.3.3_dubbo-3.3.6,M025,_claude-code_opus-4.5_run_001,SWE-Milestone-log-results/apache_dubbo_dubbo-3.3.3_dubbo-3.3.6/mstone_trial/_claude-code_opus-4.5_run_001/M025/evaluation/evaluation_result_filtered.json,1.0,1.0,1.0,1.0
independent,apache_dubbo_dubbo-3.3.3_dubbo-3.3.6,M001.1,_claude-code_opus-4.6_run_001,SWE-Milestone-log-results/apache_dubbo_dubbo-3.3.3_dubbo-3.3.6/mstone_trial/_claude-code_opus-4.6_run_001/M001.1/evaluation/evaluation_result_filtered.json,0.0,0.0,0.01098901098901099,0.0
independent,apache_dubbo_dubbo-3.3.3_dubbo-3.3.6,M001.2,_claude-code_opus-4.6_run_001,SWE-Milestone-log-results/apache_dubbo_dubbo-3.3.3_dubbo-3.3.6/mstone_trial/_claude-code_opus-4.6_run_001/M001.2/evaluation/evaluation_result_filtered.json,0.0,0.0,0.015625,0.0
independent,apache_dubbo_dubbo-3.3.3_dubbo-3.3.6,M003.1,_claude-code_opus-4.6_run_001,SWE-Milestone-log-results/apache_dubbo_dubbo-3.3.3_dubbo-3.3.6/mstone_trial/_claude-code_opus-4.6_run_001/M003.1/evaluation/evaluation_result_filtered.json,1.0,1.0,1.0,1.0
independent,apache_dubbo_dubbo-3.3.3_dubbo-3.3.6,M003.2,_claude-code_opus-4.6_run_001,SWE-Milestone-log-results/apache_dubbo_dubbo-3.3.3_dubbo-3.3.6/mstone_trial/_claude-code_opus-4.6_run_001/M003.2/evaluation/evaluation_result_filtered.json,1.0,1.0,1.0,1.0
independent,apache_dubbo_dubbo-3.3.3_dubbo-3.3.6,M003.3,_claude-code_opus-4.6_run_001,SWE-Milestone-log-results/apache_dubbo_dubbo-3.3.3_dubbo-3.3.6/mstone_trial/_claude-code_opus-4.6_run_001/M003.3/evaluation/evaluation_result_filtered.json,0.0,0.0,0.00014427932477276007,0.0
independent,apache_dubbo_dubbo-3.3.3_dubbo-3.3.6,M004,_claude-code_opus-4.6_run_001,SWE-Milestone-log-results/apache_dubbo_dubbo-3.3.3_dubbo-3.3.6/mstone_trial/_claude-code_opus-4.6_run_001/M004/evaluation/evaluation_result_filtered.json,0.0,0.0,0.0004897159647404506,0.0
independent,apache_dubbo_dubbo-3.3.3_dubbo-3.3.6,M006,_claude-code_opus-4.6_run_001,SWE-Milestone-log-results/apache_dubbo_dubbo-3.3.3_dubbo-3.3.6/mstone_trial/_claude-code_opus-4.6_run_001/M006/evaluation/evaluation_result_filtered.json,1.0,1.0,1.0,1.0
independent,apache_dubbo_dubbo-3.3.3_dubbo-3.3.6,M011,_claude-code_opus-4.6_run_001,SWE-Milestone-log-results/apache_dubbo_dubbo-3.3.3_dubbo-3.3.6/mstone_trial/_claude-code_opus-4.6_run_001/M011/evaluation/evaluation_result_filtered.json,1.0,1.0,1.0,1.0
independent,apache_dubbo_dubbo-3.3.3_dubbo-3.3.6,M016.1,_claude-code_opus-4.6_run_001,SWE-Milestone-log-results/apache_dubbo_dubbo-3.3.3_dubbo-3.3.6/mstone_trial/_claude-code_opus-4.6_run_001/M016.1/evaluation/evaluation_result_filtered.json,0.0,1.0,0.875,0.9333333333333333
independent,apache_dubbo_dubbo-3.3.3_dubbo-3.3.6,M017,_claude-code_opus-4.6_run_001,SWE-Milestone-log-results/apache_dubbo_dubbo-3.3.3_dubbo-3.3.6/mstone_trial/_claude-code_opus-4.6_run_001/M017/evaluation/evaluation_result_filtered.json,1.0,1.0,1.0,1.0
independent,apache_dubbo_dubbo-3.3.3_dubbo-3.3.6,M018,_claude-code_opus-4.6_run_001,SWE-Milestone-log-results/apache_dubbo_dubbo-3.3.3_dubbo-3.3.6/mstone_trial/_claude-code_opus-4.6_run_001/M018/evaluation/evaluation_result_filtered.json,1.0,1.0,1.0,1.0
independent,apache_dubbo_dubbo-3.3.3_dubbo-3.3.6,M019,_claude-code_opus-4.6_run_001,SWE-Milestone-log-results/apache_dubbo_dubbo-3.3.3_dubbo-3.3.6/mstone_trial/_claude-code_opus-4.6_run_001/M019/evaluation/evaluation_result_filtered.json,1.0,1.0,1.0,1.0
independent,apache_dubbo_dubbo-3.3.3_dubbo-3.3.6,M025,_claude-code_opus-4.6_run_001,SWE-Milestone-log-results/apache_dubbo_dubbo-3.3.3_dubbo-3.3.6/mstone_trial/_claude-code_opus-4.6_run_001/M025/evaluation/evaluation_result_filtered.json,1.0,1.0,1.0,1.0
independent,apache_dubbo_dubbo-3.3.3_dubbo-3.3.6,M001.1,_claude-code_sonnet-4.5_run_001,SWE-Milestone-log-results/apache_dubbo_dubbo-3.3.3_dubbo-3.3.6/mstone_trial/_claude-code_sonnet-4.5_run_001/M001.1/evaluation/evaluation_result_filtered.json,0.0,0.0,0.01098901098901099,0.0
independent,apache_dubbo_dubbo-3.3.3_dubbo-3.3.6,M001.2,_claude-code_sonnet-4.5_run_001,SWE-Milestone-log-results/apache_dubbo_dubbo-3.3.3_dubbo-3.3.6/mstone_trial/_claude-code_sonnet-4.5_run_001/M001.2/evaluation/evaluation_result_filtered.json,0.0,0.0,0.015384615384615385,0.0
independent,apache_dubbo_dubbo-3.3.3_dubbo-3.3.6,M003.1,_claude-code_sonnet-4.5_run_001,SWE-Milestone-log-results/apache_dubbo_dubbo-3.3.3_dubbo-3.3.6/mstone_trial/_claude-code_sonnet-4.5_run_001/M003.1/evaluation/evaluation_result_filtered.json,1.0,1.0,1.0,1.0
independent,apache_dubbo_dubbo-3.3.3_dubbo-3.3.6,M003.2,_claude-code_sonnet-4.5_run_001,SWE-Milestone-log-results/apache_dubbo_dubbo-3.3.3_dubbo-3.3.6/mstone_trial/_claude-code_sonnet-4.5_run_001/M003.2/evaluation/evaluation_result_filtered.json,1.0,1.0,1.0,1.0
independent,apache_dubbo_dubbo-3.3.3_dubbo-3.3.6,M003.3,_claude-code_sonnet-4.5_run_001,SWE-Milestone-log-results/apache_dubbo_dubbo-3.3.3_dubbo-3.3.6/mstone_trial/_claude-code_sonnet-4.5_run_001/M003.3/evaluation/evaluation_result_filtered.json,0.0,0.0,0.023255813953488372,0.0
independent,apache_dubbo_dubbo-3.3.3_dubbo-3.3.6,M004,_claude-code_sonnet-4.5_run_001,SWE-Milestone-log-results/apache_dubbo_dubbo-3.3.3_dubbo-3.3.6/mstone_trial/_claude-code_sonnet-4.5_run_001/M004/evaluation/evaluation_result_filtered.json,0.0,0.0,0.0004897159647404506,0.0
independent,apache_dubbo_dubbo-3.3.3_dubbo-3.3.6,M006,_claude-code_sonnet-4.5_run_001,SWE-Milestone-log-results/apache_dubbo_dubbo-3.3.3_dubbo-3.3.6/mstone_trial/_claude-code_sonnet-4.5_run_001/M006/evaluation/evaluation_result_filtered.json,0.0,1.0,0.75,0.8571428571428571
independent,apache_dubbo_dubbo-3.3.3_dubbo-3.3.6,M011,_claude-code_sonnet-4.5_run_001,SWE-Milestone-log-results/apache_dubbo_dubbo-3.3.3_dubbo-3.3.6/mstone_trial/_claude-code_sonnet-4.5_run_001/M011/evaluation/evaluation_result_filtered.json,1.0,1.0,1.0,1.0
independent,apache_dubbo_dubbo-3.3.3_dubbo-3.3.6,M016.1,_claude-code_sonnet-4.5_run_001,SWE-Milestone-log-results/apache_dubbo_dubbo-3.3.3_dubbo-3.3.6/mstone_trial/_claude-code_sonnet-4.5_run_001/M016.1/evaluation/evaluation_result_filtered.json,0.0,0.0,0.0,0.0
independent,apache_dubbo_dubbo-3.3.3_dubbo-3.3.6,M017,_claude-code_sonnet-4.5_run_001,SWE-Milestone-log-results/apache_dubbo_dubbo-3.3.3_dubbo-3.3.6/mstone_trial/_claude-code_sonnet-4.5_run_001/M017/evaluation/evaluation_result_filtered.json,1.0,1.0,1.0,1.0
independent,apache_dubbo_dubbo-3.3.3_dubbo-3.3.6,M018,_claude-code_sonnet-4.5_run_001,SWE-Milestone-log-results/apache_dubbo_dubbo-3.3.3_dubbo-3.3.6/mstone_trial/_claude-code_sonnet-4.5_run_001/M018/evaluation/evaluation_result_filtered.json,1.0,1.0,1.0,1.0
independent,apache_dubbo_dubbo-3.3.3_dubbo-3.3.6,M019,_claude-code_sonnet-4.5_run_001,SWE-Milestone-log-results/apache_dubbo_dubbo-3.3.3_dubbo-3.3.6/mstone_trial/_claude-code_sonnet-4.5_run_001/M019/evaluation/evaluation_result_filtered.json,0.0,1.0,0.005279034690799397,0.010502625656414105
independent,apache_dubbo_dubbo-3.3.3_dubbo-3.3.6,M025,_claude-code_sonnet-4.5_run_001,SWE-Milestone-log-results/apache_dubbo_dubbo-3.3.3_dubbo-3.3.6/mstone_trial/_claude-code_sonnet-4.5_run_001/M025/evaluation/evaluation_result_filtered.json,1.0,1.0,1.0,1.0
independent,apache_dubbo_dubbo-3.3.3_dubbo-3.3.6,M001.1,_claude-code_sonnet-4.6_run_002,SWE-Milestone-log-results/apache_dubbo_dubbo-3.3.3_dubbo-3.3.6/mstone_trial/_claude-code_sonnet-4.6_run_002/M001.1/evaluation/evaluation_result_filtered.json,0.0,0.0,0.012658227848101266,0.0
independent,apache_dubbo_dubbo-3.3.3_dubbo-3.3.6,M001.2,_claude-code_sonnet-4.6_run_002,SWE-Milestone-log-results/apache_dubbo_dubbo-3.3.3_dubbo-3.3.6/mstone_trial/_claude-code_sonnet-4.6_run_002/M001.2/evaluation/evaluation_result_filtered.json,0.0,0.0,0.017241379310344827,0.0
independent,apache_dubbo_dubbo-3.3.3_dubbo-3.3.6,M003.1,_claude-code_sonnet-4.6_run_002,SWE-Milestone-log-results/apache_dubbo_dubbo-3.3.3_dubbo-3.3.6/mstone_trial/_claude-code_sonnet-4.6_run_002/M003.1/evaluation/evaluation_result_filtered.json,1.0,1.0,1.0,1.0
independent,apache_dubbo_dubbo-3.3.3_dubbo-3.3.6,M003.2,_claude-code_sonnet-4.6_run_002,SWE-Milestone-log-results/apache_dubbo_dubbo-3.3.3_dubbo-3.3.6/mstone_trial/_claude-code_sonnet-4.6_run_002/M003.2/evaluation/evaluation_result_filtered.json,1.0,1.0,1.0,1.0
independent,apache_dubbo_dubbo-3.3.3_dubbo-3.3.6,M003.3,_claude-code_sonnet-4.6_run_002,SWE-Milestone-log-results/apache_dubbo_dubbo-3.3.3_dubbo-3.3.6/mstone_trial/_claude-code_sonnet-4.6_run_002/M003.3/evaluation/evaluation_result_filtered.json,0.0,0.0,0.0001443209698369173,0.0
independent,apache_dubbo_dubbo-3.3.3_dubbo-3.3.6,M004,_claude-code_sonnet-4.6_run_002,SWE-Milestone-log-results/apache_dubbo_dubbo-3.3.3_dubbo-3.3.6/mstone_trial/_claude-code_sonnet-4.6_run_002/M004/evaluation/evaluation_result_filtered.json,0.0,0.0,0.0004911591355599214,0.0
independent,apache_dubbo_dubbo-3.3.3_dubbo-3.3.6,M006,_claude-code_sonnet-4.6_run_002,SWE-Milestone-log-results/apache_dubbo_dubbo-3.3.3_dubbo-3.3.6/mstone_trial/_claude-code_sonnet-4.6_run_002/M006/evaluation/evaluation_result_filtered.json,1.0,1.0,1.0,1.0
independent,apache_dubbo_dubbo-3.3.3_dubbo-3.3.6,M011,_claude-code_sonnet-4.6_run_002,SWE-Milestone-log-results/apache_dubbo_dubbo-3.3.3_dubbo-3.3.6/mstone_trial/_claude-code_sonnet-4.6_run_002/M011/evaluation/evaluation_result_filtered.json,1.0,1.0,1.0,1.0
independent,apache_dubbo_dubbo-3.3.3_dubbo-3.3.6,M016.1,_claude-code_sonnet-4.6_run_002,SWE-Milestone-log-results/apache_dubbo_dubbo-3.3.3_dubbo-3.3.6/mstone_trial/_claude-code_sonnet-4.6_run_002/M016.1/evaluation/evaluation_result_filtered.json,0.0,1.0,0.875,0.9333333333333333
independent,apache_dubbo_dubbo-3.3.3_dubbo-3.3.6,M017,_claude-code_sonnet-4.6_run_002,SWE-Milestone-log-results/apache_dubbo_dubbo-3.3.3_dubbo-3.3.6/mstone_trial/_claude-code_sonnet-4.6_run_002/M017/evaluation/evaluation_result_filtered.json,0.0,1.0,0.25,0.4
independent,apache_dubbo_dubbo-3.3.3_dubbo-3.3.6,M018,_claude-code_sonnet-4.6_run_002,SWE-Milestone-log-results/apache_dubbo_dubbo-3.3.3_dubbo-3.3.6/mstone_trial/_claude-code_sonnet-4.6_run_002/M018/evaluation/evaluation_result_filtered.json,1.0,1.0,1.0,1.0
independent,apache_dubbo_dubbo-3.3.3_dubbo-3.3.6,M019,_claude-code_sonnet-4.6_run_002,SWE-Milestone-log-results/apache_dubbo_dubbo-3.3.3_dubbo-3.3.6/mstone_trial/_claude-code_sonnet-4.6_run_002/M019/evaluation/evaluation_result_filtered.json,1.0,1.0,1.0,1.0
independent,apache_dubbo_dubbo-3.3.3_dubbo-3.3.6,M025,_claude-code_sonnet-4.6_run_002,SWE-Milestone-log-results/apache_dubbo_dubbo-3.3.3_dubbo-3.3.6/mstone_trial/_claude-code_sonnet-4.6_run_002/M025/evaluation/evaluation_result_filtered.json,0.0,1.0,0.5,0.6666666666666666
independent,apache_dubbo_dubbo-3.3.3_dubbo-3.3.6,M001.1,_codex_gpt-5.2-codex_run_001,SWE-Milestone-log-results/apache_dubbo_dubbo-3.3.3_dubbo-3.3.6/mstone_trial/_codex_gpt-5.2-codex_run_001/M001.1/evaluation/evaluation_result_filtered.json,0.0,0.0,0.01098901098901099,0.0
independent,apache_dubbo_dubbo-3.3.3_dubbo-3.3.6,M001.2,_codex_gpt-5.2-codex_run_001,SWE-Milestone-log-results/apache_dubbo_dubbo-3.3.3_dubbo-3.3.6/mstone_trial/_codex_gpt-5.2-codex_run_001/M001.2/evaluation/evaluation_result_filtered.json,0.0,0.0,0.015625,0.0
independent,apache_dubbo_dubbo-3.3.3_dubbo-3.3.6,M003.1,_codex_gpt-5.2-codex_run_001,SWE-Milestone-log-results/apache_dubbo_dubbo-3.3.3_dubbo-3.3.6/mstone_trial/_codex_gpt-5.2-codex_run_001/M003.1/evaluation/evaluation_result_filtered.json,1.0,1.0,1.0,1.0
independent,apache_dubbo_dubbo-3.3.3_dubbo-3.3.6,M003.2,_codex_gpt-5.2-codex_run_001,SWE-Milestone-log-results/apache_dubbo_dubbo-3.3.3_dubbo-3.3.6/mstone_trial/_codex_gpt-5.2-codex_run_001/M003.2/evaluation/evaluation_result_filtered.json,1.0,1.0,1.0,1.0
independent,apache_dubbo_dubbo-3.3.3_dubbo-3.3.6,M003.3,_codex_gpt-5.2-codex_run_001,SWE-Milestone-log-results/apache_dubbo_dubbo-3.3.3_dubbo-3.3.6/mstone_trial/_codex_gpt-5.2-codex_run_001/M003.3/evaluation/evaluation_result_filtered.json,0.0,0.0,0.00014427932477276007,0.0
independent,apache_dubbo_dubbo-3.3.3_dubbo-3.3.6,M004,_codex_gpt-5.2-codex_run_001,SWE-Milestone-log-results/apache_dubbo_dubbo-3.3.3_dubbo-3.3.6/mstone_trial/_codex_gpt-5.2-codex_run_001/M004/evaluation/evaluation_result_filtered.json,0.0,0.0,0.0004897159647404506,0.0
independent,apache_dubbo_dubbo-3.3.3_dubbo-3.3.6,M006,_codex_gpt-5.2-codex_run_001,SWE-Milestone-log-results/apache_dubbo_dubbo-3.3.3_dubbo-3.3.6/mstone_trial/_codex_gpt-5.2-codex_run_001/M006/evaluation/evaluation_result_filtered.json,1.0,1.0,1.0,1.0
independent,apache_dubbo_dubbo-3.3.3_dubbo-3.3.6,M011,_codex_gpt-5.2-codex_run_001,SWE-Milestone-log-results/apache_dubbo_dubbo-3.3.3_dubbo-3.3.6/mstone_trial/_codex_gpt-5.2-codex_run_001/M011/evaluation/evaluation_result_filtered.json,1.0,1.0,1.0,1.0
independent,apache_dubbo_dubbo-3.3.3_dubbo-3.3.6,M016.1,_codex_gpt-5.2-codex_run_001,SWE-Milestone-log-results/apache_dubbo_dubbo-3.3.3_dubbo-3.3.6/mstone_trial/_codex_gpt-5.2-codex_run_001/M016.1/evaluation/evaluation_result_filtered.json,0.0,0.0,0.0004887585532746823,0.0
independent,apache_dubbo_dubbo-3.3.3_dubbo-3.3.6,M017,_codex_gpt-5.2-codex_run_001,SWE-Milestone-log-results/apache_dubbo_dubbo-3.3.3_dubbo-3.3.6/mstone_trial/_codex_gpt-5.2-codex_run_001/M017/evaluation/evaluation_result_filtered.json,0.0,1.0,0.13333333333333333,0.23529411764705882
independent,apache_dubbo_dubbo-3.3.3_dubbo-3.3.6,M018,_codex_gpt-5.2-codex_run_001,SWE-Milestone-log-results/apache_dubbo_dubbo-3.3.3_dubbo-3.3.6/mstone_trial/_codex_gpt-5.2-codex_run_001/M018/evaluation/evaluation_result_filtered.json,1.0,1.0,1.0,1.0
independent,apache_dubbo_dubbo-3.3.3_dubbo-3.3.6,M019,_codex_gpt-5.2-codex_run_001,SWE-Milestone-log-results/apache_dubbo_dubbo-3.3.3_dubbo-3.3.6/mstone_trial/_codex_gpt-5.2-codex_run_001/M019/evaluation/evaluation_result_filtered.json,0.0,0.0,0.0,0.0
independent,apache_dubbo_dubbo-3.3.3_dubbo-3.3.6,M025,_codex_gpt-5.2-codex_run_001,SWE-Milestone-log-results/apache_dubbo_dubbo-3.3.3_dubbo-3.3.6/mstone_trial/_codex_gpt-5.2-codex_run_001/M025/evaluation/evaluation_result_filtered.json,1.0,1.0,1.0,1.0
independent,apache_dubbo_dubbo-3.3.3_dubbo-3.3.6,M001.1,_codex_gpt-5.2_run_001,SWE-Milestone-log-results/apache_dubbo_dubbo-3.3.3_dubbo-3.3.6/mstone_trial/_codex_gpt-5.2_run_001/M001.1/evaluation/evaluation_result_filtered.json,0.0,0.0,0.01098901098901099,0.0
independent,apache_dubbo_dubbo-3.3.3_dubbo-3.3.6,M001.2,_codex_gpt-5.2_run_001,SWE-Milestone-log-results/apache_dubbo_dubbo-3.3.3_dubbo-3.3.6/mstone_trial/_codex_gpt-5.2_run_001/M001.2/evaluation/evaluation_result_filtered.json,0.0,0.0,0.015625,0.0
independent,apache_dubbo_dubbo-3.3.3_dubbo-3.3.6,M003.1,_codex_gpt-5.2_run_001,SWE-Milestone-log-results/apache_dubbo_dubbo-3.3.3_dubbo-3.3.6/mstone_trial/_codex_gpt-5.2_run_001/M003.1/evaluation/evaluation_result_filtered.json,1.0,1.0,1.0,1.0
independent,apache_dubbo_dubbo-3.3.3_dubbo-3.3.6,M003.2,_codex_gpt-5.2_run_001,SWE-Milestone-log-results/apache_dubbo_dubbo-3.3.3_dubbo-3.3.6/mstone_trial/_codex_gpt-5.2_run_001/M003.2/evaluation/evaluation_result_filtered.json,1.0,1.0,1.0,1.0
independent,apache_dubbo_dubbo-3.3.3_dubbo-3.3.6,M003.3,_codex_gpt-5.2_run_001,SWE-Milestone-log-results/apache_dubbo_dubbo-3.3.3_dubbo-3.3.6/mstone_trial/_codex_gpt-5.2_run_001/M003.3/evaluation/evaluation_result_filtered.json,1.0,1.0,1.0,1.0
independent,apache_dubbo_dubbo-3.3.3_dubbo-3.3.6,M004,_codex_gpt-5.2_run_001,SWE-Milestone-log-results/apache_dubbo_dubbo-3.3.3_dubbo-3.3.6/mstone_trial/_codex_gpt-5.2_run_001/M004/evaluation/evaluation_result_filtered.json,0.0,0.0,0.0004897159647404506,0.0
independent,apache_dubbo_dubbo-3.3.3_dubbo-3.3.6,M006,_codex_gpt-5.2_run_001,SWE-Milestone-log-results/apache_dubbo_dubbo-3.3.3_dubbo-3.3.6/mstone_trial/_codex_gpt-5.2_run_001/M006/evaluation/evaluation_result_filtered.json,1.0,1.0,1.0,1.0
independent,apache_dubbo_dubbo-3.3.3_dubbo-3.3.6,M011,_codex_gpt-5.2_run_001,SWE-Milestone-log-results/apache_dubbo_dubbo-3.3.3_dubbo-3.3.6/mstone_trial/_codex_gpt-5.2_run_001/M011/evaluation/evaluation_result_filtered.json,1.0,1.0,1.0,1.0
independent,apache_dubbo_dubbo-3.3.3_dubbo-3.3.6,M016.1,_codex_gpt-5.2_run_001,SWE-Milestone-log-results/apache_dubbo_dubbo-3.3.3_dubbo-3.3.6/mstone_trial/_codex_gpt-5.2_run_001/M016.1/evaluation/evaluation_result_filtered.json,1.0,1.0,1.0,1.0
independent,apache_dubbo_dubbo-3.3.3_dubbo-3.3.6,M017,_codex_gpt-5.2_run_001,SWE-Milestone-log-results/apache_dubbo_dubbo-3.3.3_dubbo-3.3.6/mstone_trial/_codex_gpt-5.2_run_001/M017/evaluation/evaluation_result_filtered.json,0.0,1.0,0.13333333333333333,0.23529411764705882
independent,apache_dubbo_dubbo-3.3.3_dubbo-3.3.6,M018,_codex_gpt-5.2_run_001,SWE-Milestone-log-results/apache_dubbo_dubbo-3.3.3_dubbo-3.3.6/mstone_trial/_codex_gpt-5.2_run_001/M018/evaluation/evaluation_result_filtered.json,1.0,1.0,1.0,1.0
independent,apache_dubbo_dubbo-3.3.3_dubbo-3.3.6,M019,_codex_gpt-5.2_run_001,SWE-Milestone-log-results/apache_dubbo_dubbo-3.3.3_dubbo-3.3.6/mstone_trial/_codex_gpt-5.2_run_001/M019/evaluation/evaluation_result_filtered.json,0.0,1.0,0.005279034690799397,0.010502625656414105
independent,apache_dubbo_dubbo-3.3.3_dubbo-3.3.6,M025,_codex_gpt-5.2_run_001,SWE-Milestone-log-results/apache_dubbo_dubbo-3.3.3_dubbo-3.3.6/mstone_trial/_codex_gpt-5.2_run_001/M025/evaluation/evaluation_result_filtered.json,1.0,1.0,1.0,1.0
independent,apache_dubbo_dubbo-3.3.3_dubbo-3.3.6,M001.1,_codex_gpt-5.3-codex_run_002,SWE-Milestone-log-results/apache_dubbo_dubbo-3.3.3_dubbo-3.3.6/mstone_trial/_codex_gpt-5.3-codex_run_002/M001.1/evaluation/evaluation_result_filtered.json,0.0,0.0,0.012658227848101266,0.0
independent,apache_dubbo_dubbo-3.3.3_dubbo-3.3.6,M001.2,_codex_gpt-5.3-codex_run_002,SWE-Milestone-log-results/apache_dubbo_dubbo-3.3.3_dubbo-3.3.6/mstone_trial/_codex_gpt-5.3-codex_run_002/M001.2/evaluation/evaluation_result_filtered.json,0.0,0.0,0.017241379310344827,0.0
independent,apache_dubbo_dubbo-3.3.3_dubbo-3.3.6,M003.1,_codex_gpt-5.3-codex_run_002,SWE-Milestone-log-results/apache_dubbo_dubbo-3.3.3_dubbo-3.3.6/mstone_trial/_codex_gpt-5.3-codex_run_002/M003.1/evaluation/evaluation_result_filtered.json,1.0,1.0,1.0,1.0
independent,apache_dubbo_dubbo-3.3.3_dubbo-3.3.6,M003.2,_codex_gpt-5.3-codex_run_002,SWE-Milestone-log-results/apache_dubbo_dubbo-3.3.3_dubbo-3.3.6/mstone_trial/_codex_gpt-5.3-codex_run_002/M003.2/evaluation/evaluation_result_filtered.json,1.0,1.0,1.0,1.0
independent,apache_dubbo_dubbo-3.3.3_dubbo-3.3.6,M003.3,_codex_gpt-5.3-codex_run_002,SWE-Milestone-log-results/apache_dubbo_dubbo-3.3.3_dubbo-3.3.6/mstone_trial/_codex_gpt-5.3-codex_run_002/M003.3/evaluation/evaluation_result_filtered.json,0.0,0.9473684210526315,1.0,0.972972972972973
independent,apache_dubbo_dubbo-3.3.3_dubbo-3.3.6,M004,_codex_gpt-5.3-codex_run_002,SWE-Milestone-log-results/apache_dubbo_dubbo-3.3.3_dubbo-3.3.6/mstone_trial/_codex_gpt-5.3-codex_run_002/M004/evaluation/evaluation_result_filtered.json,0.0,0.0,0.0004911591355599214,0.0
independent,apache_dubbo_dubbo-3.3.3_dubbo-3.3.6,M006,_codex_gpt-5.3-codex_run_002,SWE-Milestone-log-results/apache_dubbo_dubbo-3.3.3_dubbo-3.3.6/mstone_trial/_codex_gpt-5.3-codex_run_002/M006/evaluation/evaluation_result_filtered.json,1.0,1.0,1.0,1.0
independent,apache_dubbo_dubbo-3.3.3_dubbo-3.3.6,M011,_codex_gpt-5.3-codex_run_002,SWE-Milestone-log-results/apache_dubbo_dubbo-3.3.3_dubbo-3.3.6/mstone_trial/_codex_gpt-5.3-codex_run_002/M011/evaluation/evaluation_result_filtered.json,1.0,1.0,1.0,1.0
independent,apache_dubbo_dubbo-3.3.3_dubbo-3.3.6,M016.1,_codex_gpt-5.3-codex_run_002,SWE-Milestone-log-results/apache_dubbo_dubbo-3.3.3_dubbo-3.3.6/mstone_trial/_codex_gpt-5.3-codex_run_002/M016.1/evaluation/evaluation_result_filtered.json,0.0,1.0,0.875,0.9333333333333333
independent,apache_dubbo_dubbo-3.3.3_dubbo-3.3.6,M017,_codex_gpt-5.3-codex_run_002,SWE-Milestone-log-results/apache_dubbo_dubbo-3.3.3_dubbo-3.3.6/mstone_trial/_codex_gpt-5.3-codex_run_002/M017/evaluation/evaluation_result_filtered.json,1.0,1.0,1.0,1.0
independent,apache_dubbo_dubbo-3.3.3_dubbo-3.3.6,M018,_codex_gpt-5.3-codex_run_002,SWE-Milestone-log-results/apache_dubbo_dubbo-3.3.3_dubbo-3.3.6/mstone_trial/_codex_gpt-5.3-codex_run_002/M018/evaluation/evaluation_result_filtered.json,1.0,1.0,1.0,1.0
independent,apache_dubbo_dubbo-3.3.3_dubbo-3.3.6,M019,_codex_gpt-5.3-codex_run_002,SWE-Milestone-log-results/apache_dubbo_dubbo-3.3.3_dubbo-3.3.6/mstone_trial/_codex_gpt-5.3-codex_run_002/M019/evaluation/evaluation_result_filtered.json,1.0,1.0,1.0,1.0
independent,apache_dubbo_dubbo-3.3.3_dubbo-3.3.6,M025,_codex_gpt-5.3-codex_run_002,SWE-Milestone-log-results/apache_dubbo_dubbo-3.3.3_dubbo-3.3.6/mstone_trial/_codex_gpt-5.3-codex_run_002/M025/evaluation/evaluation_result_filtered.json,1.0,1.0,1.0,1.0
independent,apache_dubbo_dubbo-3.3.3_dubbo-3.3.6,M001.1,_gemini-cli_gemini-3-flash_run_001,SWE-Milestone-log-results/apache_dubbo_dubbo-3.3.3_dubbo-3.3.6/mstone_trial/_gemini-cli_gemini-3-flash_run_001/M001.1/evaluation/evaluation_result_filtered.json,0.0,0.0,0.01098901098901099,0.0
independent,apache_dubbo_dubbo-3.3.3_dubbo-3.3.6,M001.2,_gemini-cli_gemini-3-flash_run_001,SWE-Milestone-log-results/apache_dubbo_dubbo-3.3.3_dubbo-3.3.6/mstone_trial/_gemini-cli_gemini-3-flash_run_001/M001.2/evaluation/evaluation_result_filtered.json,0.0,0.0,0.015625,0.0
independent,apache_dubbo_dubbo-3.3.3_dubbo-3.3.6,M003.1,_gemini-cli_gemini-3-flash_run_001,SWE-Milestone-log-results/apache_dubbo_dubbo-3.3.3_dubbo-3.3.6/mstone_trial/_gemini-cli_gemini-3-flash_run_001/M003.1/evaluation/evaluation_result_filtered.json,1.0,1.0,1.0,1.0
independent,apache_dubbo_dubbo-3.3.3_dubbo-3.3.6,M003.2,_gemini-cli_gemini-3-flash_run_001,SWE-Milestone-log-results/apache_dubbo_dubbo-3.3.3_dubbo-3.3.6/mstone_trial/_gemini-cli_gemini-3-flash_run_001/M003.2/evaluation/evaluation_result_filtered.json,1.0,1.0,1.0,1.0
independent,apache_dubbo_dubbo-3.3.3_dubbo-3.3.6,M003.3,_gemini-cli_gemini-3-flash_run_001,SWE-Milestone-log-results/apache_dubbo_dubbo-3.3.3_dubbo-3.3.6/mstone_trial/_gemini-cli_gemini-3-flash_run_001/M003.3/evaluation/evaluation_result_filtered.json,0.0,0.0,0.023255813953488372,0.0
independent,apache_dubbo_dubbo-3.3.3_dubbo-3.3.6,M004,_gemini-cli_gemini-3-flash_run_001,SWE-Milestone-log-results/apache_dubbo_dubbo-3.3.3_dubbo-3.3.6/mstone_trial/_gemini-cli_gemini-3-flash_run_001/M004/evaluation/evaluation_result_filtered.json,0.0,0.0,0.0004897159647404506,0.0
independent,apache_dubbo_dubbo-3.3.3_dubbo-3.3.6,M006,_gemini-cli_gemini-3-flash_run_001,SWE-Milestone-log-results/apache_dubbo_dubbo-3.3.3_dubbo-3.3.6/mstone_trial/_gemini-cli_gemini-3-flash_run_001/M006/evaluation/evaluation_result_filtered.json,1.0,1.0,1.0,1.0
independent,apache_dubbo_dubbo-3.3.3_dubbo-3.3.6,M011,_gemini-cli_gemini-3-flash_run_001,SWE-Milestone-log-results/apache_dubbo_dubbo-3.3.3_dubbo-3.3.6/mstone_trial/_gemini-cli_gemini-3-flash_run_001/M011/evaluation/evaluation_result_filtered.json,1.0,1.0,1.0,1.0
independent,apache_dubbo_dubbo-3.3.3_dubbo-3.3.6,M016.1,_gemini-cli_gemini-3-flash_run_001,SWE-Milestone-log-results/apache_dubbo_dubbo-3.3.3_dubbo-3.3.6/mstone_trial/_gemini-cli_gemini-3-flash_run_001/M016.1/evaluation/evaluation_result_filtered.json,0.0,1.0,0.875,0.9333333333333333
independent,apache_dubbo_dubbo-3.3.3_dubbo-3.3.6,M017,_gemini-cli_gemini-3-flash_run_001,SWE-Milestone-log-results/apache_dubbo_dubbo-3.3.3_dubbo-3.3.6/mstone_trial/_gemini-cli_gemini-3-flash_run_001/M017/evaluation/evaluation_result_filtered.json,0.0,1.0,0.05263157894736842,0.1
independent,apache_dubbo_dubbo-3.3.3_dubbo-3.3.6,M018,_gemini-cli_gemini-3-flash_run_001,SWE-Milestone-log-results/apache_dubbo_dubbo-3.3.3_dubbo-3.3.6/mstone_trial/_gemini-cli_gemini-3-flash_run_001/M018/evaluation/evaluation_result_filtered.json,1.0,1.0,1.0,1.0
independent,apache_dubbo_dubbo-3.3.3_dubbo-3.3.6,M019,_gemini-cli_gemini-3-flash_run_001,SWE-Milestone-log-results/apache_dubbo_dubbo-3.3.3_dubbo-3.3.6/mstone_trial/_gemini-cli_gemini-3-flash_run_001/M019/evaluation/evaluation_result_filtered.json,0.0,0.0,0.00546448087431694,0.0
independent,apache_dubbo_dubbo-3.3.3_dubbo-3.3.6,M025,_gemini-cli_gemini-3-flash_run_001,SWE-Milestone-log-results/apache_dubbo_dubbo-3.3.3_dubbo-3.3.6/mstone_trial/_gemini-cli_gemini-3-flash_run_001/M025/evaluation/evaluation_result_filtered.json,1.0,1.0,1.0,1.0
independent,apache_dubbo_dubbo-3.3.3_dubbo-3.3.6,M001.1,_gemini-cli_gemini-3-pro_run_001,SWE-Milestone-log-results/apache_dubbo_dubbo-3.3.3_dubbo-3.3.6/mstone_trial/_gemini-cli_gemini-3-pro_run_001/M001.1/evaluation/evaluation_result_filtered.json,0.0,0.0,0.012658227848101266,0.0
independent,apache_dubbo_dubbo-3.3.3_dubbo-3.3.6,M001.2,_gemini-cli_gemini-3-pro_run_001,SWE-Milestone-log-results/apache_dubbo_dubbo-3.3.3_dubbo-3.3.6/mstone_trial/_gemini-cli_gemini-3-pro_run_001/M001.2/evaluation/evaluation_result_filtered.json,0.0,0.0,0.017241379310344827,0.0
independent,apache_dubbo_dubbo-3.3.3_dubbo-3.3.6,M003.1,_gemini-cli_gemini-3-pro_run_001,SWE-Milestone-log-results/apache_dubbo_dubbo-3.3.3_dubbo-3.3.6/mstone_trial/_gemini-cli_gemini-3-pro_run_001/M003.1/evaluation/evaluation_result_filtered.json,1.0,1.0,1.0,1.0
independent,apache_dubbo_dubbo-3.3.3_dubbo-3.3.6,M003.2,_gemini-cli_gemini-3-pro_run_001,SWE-Milestone-log-results/apache_dubbo_dubbo-3.3.3_dubbo-3.3.6/mstone_trial/_gemini-cli_gemini-3-pro_run_001/M003.2/evaluation/evaluation_result_filtered.json,1.0,1.0,1.0,1.0
independent,apache_dubbo_dubbo-3.3.3_dubbo-3.3.6,M003.3,_gemini-cli_gemini-3-pro_run_001,SWE-Milestone-log-results/apache_dubbo_dubbo-3.3.3_dubbo-3.3.6/mstone_trial/_gemini-cli_gemini-3-pro_run_001/M003.3/evaluation/evaluation_result_filtered.json,0.0,0.0,0.0001443209698369173,0.0
independent,apache_dubbo_dubbo-3.3.3_dubbo-3.3.6,M004,_gemini-cli_gemini-3-pro_run_001,SWE-Milestone-log-results/apache_dubbo_dubbo-3.3.3_dubbo-3.3.6/mstone_trial/_gemini-cli_gemini-3-pro_run_001/M004/evaluation/evaluation_result_filtered.json,0.0,0.0,0.0004911591355599214,0.0
independent,apache_dubbo_dubbo-3.3.3_dubbo-3.3.6,M006,_gemini-cli_gemini-3-pro_run_001,SWE-Milestone-log-results/apache_dubbo_dubbo-3.3.3_dubbo-3.3.6/mstone_trial/_gemini-cli_gemini-3-pro_run_001/M006/evaluation/evaluation_result_filtered.json,1.0,1.0,1.0,1.0
independent,apache_dubbo_dubbo-3.3.3_dubbo-3.3.6,M011,_gemini-cli_gemini-3-pro_run_001,SWE-Milestone-log-results/apache_dubbo_dubbo-3.3.3_dubbo-3.3.6/mstone_trial/_gemini-cli_gemini-3-pro_run_001/M011/evaluation/evaluation_result_filtered.json,1.0,1.0,1.0,1.0
independent,apache_dubbo_dubbo-3.3.3_dubbo-3.3.6,M016.1,_gemini-cli_gemini-3-pro_run_001,SWE-Milestone-log-results/apache_dubbo_dubbo-3.3.3_dubbo-3.3.6/mstone_trial/_gemini-cli_gemini-3-pro_run_001/M016.1/evaluation/evaluation_result_filtered.json,0.0,0.0,0.0004095004095004095,0.0
independent,apache_dubbo_dubbo-3.3.3_dubbo-3.3.6,M017,_gemini-cli_gemini-3-pro_run_001,SWE-Milestone-log-results/apache_dubbo_dubbo-3.3.3_dubbo-3.3.6/mstone_trial/_gemini-cli_gemini-3-pro_run_001/M017/evaluation/evaluation_result_filtered.json,1.0,1.0,1.0,1.0
independent,apache_dubbo_dubbo-3.3.3_dubbo-3.3.6,M018,_gemini-cli_gemini-3-pro_run_001,SWE-Milestone-log-results/apache_dubbo_dubbo-3.3.3_dubbo-3.3.6/mstone_trial/_gemini-cli_gemini-3-pro_run_001/M018/evaluation/evaluation_result_filtered.json,1.0,1.0,1.0,1.0
independent,apache_dubbo_dubbo-3.3.3_dubbo-3.3.6,M019,_gemini-cli_gemini-3-pro_run_001,SWE-Milestone-log-results/apache_dubbo_dubbo-3.3.3_dubbo-3.3.6/mstone_trial/_gemini-cli_gemini-3-pro_run_001/M019/evaluation/evaluation_result_filtered.json,0.0,1.0,0.051094890510948905,0.09722222222222222
independent,apache_dubbo_dubbo-3.3.3_dubbo-3.3.6,M025,_gemini-cli_gemini-3-pro_run_001,SWE-Milestone-log-results/apache_dubbo_dubbo-3.3.3_dubbo-3.3.6/mstone_trial/_gemini-cli_gemini-3-pro_run_001/M025/evaluation/evaluation_result_filtered.json,1.0,1.0,1.0,1.0
independent,apache_dubbo_dubbo-3.3.3_dubbo-3.3.6,M001.1,_gemini-cli_gemini-3.1-pro_run_002,SWE-Milestone-log-results/apache_dubbo_dubbo-3.3.3_dubbo-3.3.6/mstone_trial/_gemini-cli_gemini-3.1-pro_run_002/M001.1/evaluation/evaluation_result_filtered.json,0.0,0.0,0.012658227848101266,0.0
independent,apache_dubbo_dubbo-3.3.3_dubbo-3.3.6,M001.2,_gemini-cli_gemini-3.1-pro_run_002,SWE-Milestone-log-results/apache_dubbo_dubbo-3.3.3_dubbo-3.3.6/mstone_trial/_gemini-cli_gemini-3.1-pro_run_002/M001.2/evaluation/evaluation_result_filtered.json,0.0,0.0,0.017241379310344827,0.0
independent,apache_dubbo_dubbo-3.3.3_dubbo-3.3.6,M003.1,_gemini-cli_gemini-3.1-pro_run_002,SWE-Milestone-log-results/apache_dubbo_dubbo-3.3.3_dubbo-3.3.6/mstone_trial/_gemini-cli_gemini-3.1-pro_run_002/M003.1/evaluation/evaluation_result_filtered.json,1.0,1.0,1.0,1.0
independent,apache_dubbo_dubbo-3.3.3_dubbo-3.3.6,M003.2,_gemini-cli_gemini-3.1-pro_run_002,SWE-Milestone-log-results/apache_dubbo_dubbo-3.3.3_dubbo-3.3.6/mstone_trial/_gemini-cli_gemini-3.1-pro_run_002/M003.2/evaluation/evaluation_result_filtered.json,1.0,1.0,1.0,1.0
independent,apache_dubbo_dubbo-3.3.3_dubbo-3.3.6,M003.3,_gemini-cli_gemini-3.1-pro_run_002,SWE-Milestone-log-results/apache_dubbo_dubbo-3.3.3_dubbo-3.3.6/mstone_trial/_gemini-cli_gemini-3.1-pro_run_002/M003.3/evaluation/evaluation_result_filtered.json,0.0,0.0,0.0001443209698369173,0.0
independent,apache_dubbo_dubbo-3.3.3_dubbo-3.3.6,M004,_gemini-cli_gemini-3.1-pro_run_002,SWE-Milestone-log-results/apache_dubbo_dubbo-3.3.3_dubbo-3.3.6/mstone_trial/_gemini-cli_gemini-3.1-pro_run_002/M004/evaluation/evaluation_result_filtered.json,0.0,0.0,0.0004911591355599214,0.0
independent,apache_dubbo_dubbo-3.3.3_dubbo-3.3.6,M006,_gemini-cli_gemini-3.1-pro_run_002,SWE-Milestone-log-results/apache_dubbo_dubbo-3.3.3_dubbo-3.3.6/mstone_trial/_gemini-cli_gemini-3.1-pro_run_002/M006/evaluation/evaluation_result_filtered.json,0.0,0.0,0.0004911591355599214,0.0
independent,apache_dubbo_dubbo-3.3.3_dubbo-3.3.6,M011,_gemini-cli_gemini-3.1-pro_run_002,SWE-Milestone-log-results/apache_dubbo_dubbo-3.3.3_dubbo-3.3.6/mstone_trial/_gemini-cli_gemini-3.1-pro_run_002/M011/evaluation/evaluation_result_filtered.json,1.0,1.0,1.0,1.0
independent,apache_dubbo_dubbo-3.3.3_dubbo-3.3.6,M016.1,_gemini-cli_gemini-3.1-pro_run_002,SWE-Milestone-log-results/apache_dubbo_dubbo-3.3.3_dubbo-3.3.6/mstone_trial/_gemini-cli_gemini-3.1-pro_run_002/M016.1/evaluation/evaluation_result_filtered.json,0.0,0.0,0.0,0.0
independent,apache_dubbo_dubbo-3.3.3_dubbo-3.3.6,M017,_gemini-cli_gemini-3.1-pro_run_002,SWE-Milestone-log-results/apache_dubbo_dubbo-3.3.3_dubbo-3.3.6/mstone_trial/_gemini-cli_gemini-3.1-pro_run_002/M017/evaluation/evaluation_result_filtered.json,1.0,1.0,1.0,1.0
independent,apache_dubbo_dubbo-3.3.3_dubbo-3.3.6,M018,_gemini-cli_gemini-3.1-pro_run_002,SWE-Milestone-log-results/apache_dubbo_dubbo-3.3.3_dubbo-3.3.6/mstone_trial/_gemini-cli_gemini-3.1-pro_run_002/M018/evaluation/evaluation_result_filtered.json,1.0,1.0,1.0,1.0
independent,apache_dubbo_dubbo-3.3.3_dubbo-3.3.6,M019,_gemini-cli_gemini-3.1-pro_run_002,SWE-Milestone-log-results/apache_dubbo_dubbo-3.3.3_dubbo-3.3.6/mstone_trial/_gemini-cli_gemini-3.1-pro_run_002/M019/evaluation/evaluation_result_filtered.json,1.0,1.0,1.0,1.0
independent,apache_dubbo_dubbo-3.3.3_dubbo-3.3.6,M025,_gemini-cli_gemini-3.1-pro_run_002,SWE-Milestone-log-results/apache_dubbo_dubbo-3.3.3_dubbo-3.3.6/mstone_trial/_gemini-cli_gemini-3.1-pro_run_002/M025/evaluation/evaluation_result_filtered.json,1.0,1.0,1.0,1.0
e2e,apache_dubbo_dubbo-3.3.3_dubbo-3.3.6,M001.1,_claude-code_glm-5.1_refine_run_002,SWE-Milestone-log-results/apache_dubbo_dubbo-3.3.3_dubbo-3.3.6/e2e_trial/_claude-code_glm-5.1_refine_run_002/evaluation/M001.1/evaluation_result_filtered.json,0.0,0.0,0.012658227848101266,0.0
e2e,apache_dubbo_dubbo-3.3.3_dubbo-3.3.6,M001.2,_claude-code_glm-5.1_refine_run_002,SWE-Milestone-log-results/apache_dubbo_dubbo-3.3.3_dubbo-3.3.6/e2e_trial/_claude-code_glm-5.1_refine_run_002/evaluation/M001.2/evaluation_result_filtered.json,0.0,0.0,0.017241379310344827,0.0
e2e,apache_dubbo_dubbo-3.3.3_dubbo-3.3.6,M003.1,_claude-code_glm-5.1_refine_run_002,SWE-Milestone-log-results/apache_dubbo_dubbo-3.3.3_dubbo-3.3.6/e2e_trial/_claude-code_glm-5.1_refine_run_002/evaluation/M003.1/evaluation_result_filtered.json,1.0,1.0,1.0,1.0
e2e,apache_dubbo_dubbo-3.3.3_dubbo-3.3.6,M003.2,_claude-code_glm-5.1_refine_run_002,SWE-Milestone-log-results/apache_dubbo_dubbo-3.3.3_dubbo-3.3.6/e2e_trial/_claude-code_glm-5.1_refine_run_002/evaluation/M003.2/evaluation_result_filtered.json,1.0,1.0,1.0,1.0
e2e,apache_dubbo_dubbo-3.3.3_dubbo-3.3.6,M003.3,_claude-code_glm-5.1_refine_run_002,SWE-Milestone-log-results/apache_dubbo_dubbo-3.3.3_dubbo-3.3.6/e2e_trial/_claude-code_glm-5.1_refine_run_002/evaluation/M003.3/evaluation_result_filtered.json,0.0,0.0,0.010101010101010102,0.0
e2e,apache_dubbo_dubbo-3.3.3_dubbo-3.3.6,M004,_claude-code_glm-5.1_refine_run_002,SWE-Milestone-log-results/apache_dubbo_dubbo-3.3.3_dubbo-3.3.6/e2e_trial/_claude-code_glm-5.1_refine_run_002/evaluation/M004/evaluation_result_filtered.json,0.0,0.0,0.0004911591355599214,0.0
e2e,apache_dubbo_dubbo-3.3.3_dubbo-3.3.6,M006,_claude-code_glm-5.1_refine_run_002,SWE-Milestone-log-results/apache_dubbo_dubbo-3.3.3_dubbo-3.3.6/e2e_trial/_claude-code_glm-5.1_refine_run_002/evaluation/M006/evaluation_result_filtered.json,1.0,1.0,1.0,1.0
e2e,apache_dubbo_dubbo-3.3.3_dubbo-3.3.6,M011,_claude-code_glm-5.1_refine_run_002,SWE-Milestone-log-results/apache_dubbo_dubbo-3.3.3_dubbo-3.3.6/e2e_trial/_claude-code_glm-5.1_refine_run_002/evaluation/M011/evaluation_result_filtered.json,0.0,1.0,0.06818181818181818,0.1276595744680851
e2e,apache_dubbo_dubbo-3.3.3_dubbo-3.3.6,M016.1,_claude-code_glm-5.1_refine_run_002,SWE-Milestone-log-results/apache_dubbo_dubbo-3.3.3_dubbo-3.3.6/e2e_trial/_claude-code_glm-5.1_refine_run_002/evaluation/M016.1/evaluation_result_filtered.json,0.0,0.0,0.005917159763313609,0.0
e2e,apache_dubbo_dubbo-3.3.3_dubbo-3.3.6,M017,_claude-code_glm-5.1_refine_run_002,SWE-Milestone-log-results/apache_dubbo_dubbo-3.3.3_dubbo-3.3.6/e2e_trial/_claude-code_glm-5.1_refine_run_002/evaluation/M017/evaluation_result_filtered.json,0.0,0.0,0.007518796992481203,0.0
e2e,apache_dubbo_dubbo-3.3.3_dubbo-3.3.6,M018,_claude-code_glm-5.1_refine_run_002,SWE-Milestone-log-results/apache_dubbo_dubbo-3.3.3_dubbo-3.3.6/e2e_trial/_claude-code_glm-5.1_refine_run_002/evaluation/M018/evaluation_result_filtered.json,0.0,0.0,0.00026624068157614486,0.0
e2e,apache_dubbo_dubbo-3.3.3_dubbo-3.3.6,M019,_claude-code_glm-5.1_refine_run_002,SWE-Milestone-log-results/apache_dubbo_dubbo-3.3.3_dubbo-3.3.6/e2e_trial/_claude-code_glm-5.1_refine_run_002/evaluation/M019/evaluation_result_filtered.json,0.0,0.0,0.00026469031233456857,0.0
e2e,apache_dubbo_dubbo-3.3.3_dubbo-3.3.6,M025,_claude-code_glm-5.1_refine_run_002,SWE-Milestone-log-results/apache_dubbo_dubbo-3.3.3_dubbo-3.3.6/e2e_trial/_claude-code_glm-5.1_refine_run_002/evaluation/M025/evaluation_result_filtered.json,0.0,1.0,0.0002642007926023778,0.0005282620179609086
e2e,apache_dubbo_dubbo-3.3.3_dubbo-3.3.6,M001.1,_claude-code_glm-5.1_run_002,SWE-Milestone-log-results/apache_dubbo_dubbo-3.3.3_dubbo-3.3.6/e2e_trial/_claude-code_glm-5.1_run_002/evaluation/M001.1/evaluation_result_filtered.json,0.0,0.0,0.010752688172043012,0.0
e2e,apache_dubbo_dubbo-3.3.3_dubbo-3.3.6,M001.2,_claude-code_glm-5.1_run_002,SWE-Milestone-log-results/apache_dubbo_dubbo-3.3.3_dubbo-3.3.6/e2e_trial/_claude-code_glm-5.1_run_002/evaluation/M001.2/evaluation_result_filtered.json,0.0,0.0,0.013888888888888888,0.0
e2e,apache_dubbo_dubbo-3.3.3_dubbo-3.3.6,M003.1,_claude-code_glm-5.1_run_002,SWE-Milestone-log-results/apache_dubbo_dubbo-3.3.3_dubbo-3.3.6/e2e_trial/_claude-code_glm-5.1_run_002/evaluation/M003.1/evaluation_result_filtered.json,1.0,1.0,1.0,1.0
e2e,apache_dubbo_dubbo-3.3.3_dubbo-3.3.6,M003.2,_claude-code_glm-5.1_run_002,SWE-Milestone-log-results/apache_dubbo_dubbo-3.3.3_dubbo-3.3.6/e2e_trial/_claude-code_glm-5.1_run_002/evaluation/M003.2/evaluation_result_filtered.json,0.0,1.0,0.06666666666666667,0.125
e2e,apache_dubbo_dubbo-3.3.3_dubbo-3.3.6,M003.3,_claude-code_glm-5.1_run_002,SWE-Milestone-log-results/apache_dubbo_dubbo-3.3.3_dubbo-3.3.6/e2e_trial/_claude-code_glm-5.1_run_002/evaluation/M003.3/evaluation_result_filtered.json,0.0,0.0,0.008849557522123894,0.0
e2e,apache_dubbo_dubbo-3.3.3_dubbo-3.3.6,M004,_claude-code_glm-5.1_run_002,SWE-Milestone-log-results/apache_dubbo_dubbo-3.3.3_dubbo-3.3.6/e2e_trial/_claude-code_glm-5.1_run_002/evaluation/M004/evaluation_result_filtered.json,0.0,0.0,0.0004911591355599214,0.0
e2e,apache_dubbo_dubbo-3.3.3_dubbo-3.3.6,M006,_claude-code_glm-5.1_run_002,SWE-Milestone-log-results/apache_dubbo_dubbo-3.3.3_dubbo-3.3.6/e2e_trial/_claude-code_glm-5.1_run_002/evaluation/M006/evaluation_result_filtered.json,0.0,1.0,0.21428571428571427,0.35294117647058826
e2e,apache_dubbo_dubbo-3.3.3_dubbo-3.3.6,M016.1,_claude-code_glm-5.1_run_002,SWE-Milestone-log-results/apache_dubbo_dubbo-3.3.3_dubbo-3.3.6/e2e_trial/_claude-code_glm-5.1_run_002/evaluation/M016.1/evaluation_result_filtered.json,0.0,1.0,0.3333333333333333,0.5
e2e,apache_dubbo_dubbo-3.3.3_dubbo-3.3.6,M017,_claude-code_glm-5.1_run_002,SWE-Milestone-log-results/apache_dubbo_dubbo-3.3.3_dubbo-3.3.6/e2e_trial/_claude-code_glm-5.1_run_002/evaluation/M017/evaluation_result_filtered.json,0.0,0.0,0.06666666666666667,0.0
e2e,apache_dubbo_dubbo-3.3.3_dubbo-3.3.6,M018,_claude-code_glm-5.1_run_002,SWE-Milestone-log-results/apache_dubbo_dubbo-3.3.3_dubbo-3.3.6/e2e_trial/_claude-code_glm-5.1_run_002/evaluation/M018/evaluation_result_filtered.json,0.0,1.0,0.3333333333333333,0.5
e2e,apache_dubbo_dubbo-3.3.3_dubbo-3.3.6,M019,_claude-code_glm-5.1_run_002,SWE-Milestone-log-results/apache_dubbo_dubbo-3.3.3_dubbo-3.3.6/e2e_trial/_claude-code_glm-5.1_run_002/evaluation/M019/evaluation_result_filtered.json,0.0,1.0,0.3333333333333333,0.5
e2e,apache_dubbo_dubbo-3.3.3_dubbo-3.3.6,M025,_claude-code_glm-5.1_run_002,SWE-Milestone-log-results/apache_dubbo_dubbo-3.3.3_dubbo-3.3.6/e2e_trial/_claude-code_glm-5.1_run_002/evaluation/M025/evaluation_result_filtered.json,0.0,1.0,0.06666666666666667,0.125
e2e,apache_dubbo_dubbo-3.3.3_dubbo-3.3.6,M001.1,_claude-code_glm-5_refine_run_002,SWE-Milestone-log-results/apache_dubbo_dubbo-3.3.3_dubbo-3.3.6/e2e_trial/_claude-code_glm-5_refine_run_002/evaluation/M001.1/evaluation_result_filtered.json,0.0,0.0,0.012658227848101266,0.0
e2e,apache_dubbo_dubbo-3.3.3_dubbo-3.3.6,M001.2,_claude-code_glm-5_refine_run_002,SWE-Milestone-log-results/apache_dubbo_dubbo-3.3.3_dubbo-3.3.6/e2e_trial/_claude-code_glm-5_refine_run_002/evaluation/M001.2/evaluation_result_filtered.json,0.0,0.0,0.25,0.0
e2e,apache_dubbo_dubbo-3.3.3_dubbo-3.3.6,M003.1,_claude-code_glm-5_refine_run_002,SWE-Milestone-log-results/apache_dubbo_dubbo-3.3.3_dubbo-3.3.6/e2e_trial/_claude-code_glm-5_refine_run_002/evaluation/M003.1/evaluation_result_filtered.json,1.0,1.0,1.0,1.0
e2e,apache_dubbo_dubbo-3.3.3_dubbo-3.3.6,M003.2,_claude-code_glm-5_refine_run_002,SWE-Milestone-log-results/apache_dubbo_dubbo-3.3.3_dubbo-3.3.6/e2e_trial/_claude-code_glm-5_refine_run_002/evaluation/M003.2/evaluation_result_filtered.json,1.0,1.0,1.0,1.0
e2e,apache_dubbo_dubbo-3.3.3_dubbo-3.3.6,M003.3,_claude-code_glm-5_refine_run_002,SWE-Milestone-log-results/apache_dubbo_dubbo-3.3.3_dubbo-3.3.6/e2e_trial/_claude-code_glm-5_refine_run_002/evaluation/M003.3/evaluation_result_filtered.json,0.0,0.0,0.024390243902439025,0.0
e2e,apache_dubbo_dubbo-3.3.3_dubbo-3.3.6,M004,_claude-code_glm-5_refine_run_002,SWE-Milestone-log-results/apache_dubbo_dubbo-3.3.3_dubbo-3.3.6/e2e_trial/_claude-code_glm-5_refine_run_002/evaluation/M004/evaluation_result_filtered.json,0.0,0.0,0.0004911591355599214,0.0
e2e,apache_dubbo_dubbo-3.3.3_dubbo-3.3.6,M006,_claude-code_glm-5_refine_run_002,SWE-Milestone-log-results/apache_dubbo_dubbo-3.3.3_dubbo-3.3.6/e2e_trial/_claude-code_glm-5_refine_run_002/evaluation/M006/evaluation_result_filtered.json,0.0,0.0,1.0,0.0
e2e,apache_dubbo_dubbo-3.3.3_dubbo-3.3.6,M011,_claude-code_glm-5_refine_run_002,SWE-Milestone-log-results/apache_dubbo_dubbo-3.3.3_dubbo-3.3.6/e2e_trial/_claude-code_glm-5_refine_run_002/evaluation/M011/evaluation_result_filtered.json,1.0,1.0,1.0,1.0
e2e,apache_dubbo_dubbo-3.3.3_dubbo-3.3.6,M016.1,_claude-code_glm-5_refine_run_002,SWE-Milestone-log-results/apache_dubbo_dubbo-3.3.3_dubbo-3.3.6/e2e_trial/_claude-code_glm-5_refine_run_002/evaluation/M016.1/evaluation_result_filtered.json,1.0,1.0,1.0,1.0
e2e,apache_dubbo_dubbo-3.3.3_dubbo-3.3.6,M017,_claude-code_glm-5_refine_run_002,SWE-Milestone-log-results/apache_dubbo_dubbo-3.3.3_dubbo-3.3.6/e2e_trial/_claude-code_glm-5_refine_run_002/evaluation/M017/evaluation_result_filtered.json,0.0,0.0,1.0,0.0
e2e,apache_dubbo_dubbo-3.3.3_dubbo-3.3.6,M018,_claude-code_glm-5_refine_run_002,SWE-Milestone-log-results/apache_dubbo_dubbo-3.3.3_dubbo-3.3.6/e2e_trial/_claude-code_glm-5_refine_run_002/evaluation/M018/evaluation_result_filtered.json,1.0,1.0,1.0,1.0
e2e,apache_dubbo_dubbo-3.3.3_dubbo-3.3.6,M019,_claude-code_glm-5_refine_run_002,SWE-Milestone-log-results/apache_dubbo_dubbo-3.3.3_dubbo-3.3.6/e2e_trial/_claude-code_glm-5_refine_run_002/evaluation/M019/evaluation_result_filtered.json,1.0,1.0,1.0,1.0
e2e,apache_dubbo_dubbo-3.3.3_dubbo-3.3.6,M025,_claude-code_glm-5_refine_run_002,SWE-Milestone-log-results/apache_dubbo_dubbo-3.3.3_dubbo-3.3.6/e2e_trial/_claude-code_glm-5_refine_run_002/evaluation/M025/evaluation_result_filtered.json,1.0,1.0,1.0,1.0
e2e,apache_dubbo_dubbo-3.3.3_dubbo-3.3.6,M001.1,_claude-code_glm-5_run_002,SWE-Milestone-log-results/apache_dubbo_dubbo-3.3.3_dubbo-3.3.6/e2e_trial/_claude-code_glm-5_run_002/evaluation/M001.1/evaluation_result_filtered.json,0.0,0.0,0.012658227848101266,0.0
e2e,apache_dubbo_dubbo-3.3.3_dubbo-3.3.6,M001.2,_claude-code_glm-5_run_002,SWE-Milestone-log-results/apache_dubbo_dubbo-3.3.3_dubbo-3.3.6/e2e_trial/_claude-code_glm-5_run_002/evaluation/M001.2/evaluation_result_filtered.json,0.0,0.0,0.25,0.0
e2e,apache_dubbo_dubbo-3.3.3_dubbo-3.3.6,M003.1,_claude-code_glm-5_run_002,SWE-Milestone-log-results/apache_dubbo_dubbo-3.3.3_dubbo-3.3.6/e2e_trial/_claude-code_glm-5_run_002/evaluation/M003.1/evaluation_result_filtered.json,1.0,1.0,1.0,1.0
e2e,apache_dubbo_dubbo-3.3.3_dubbo-3.3.6,M003.2,_claude-code_glm-5_run_002,SWE-Milestone-log-results/apache_dubbo_dubbo-3.3.3_dubbo-3.3.6/e2e_trial/_claude-code_glm-5_run_002/evaluation/M003.2/evaluation_result_filtered.json,1.0,1.0,1.0,1.0
e2e,apache_dubbo_dubbo-3.3.3_dubbo-3.3.6,M003.3,_claude-code_glm-5_run_002,SWE-Milestone-log-results/apache_dubbo_dubbo-3.3.3_dubbo-3.3.6/e2e_trial/_claude-code_glm-5_run_002/evaluation/M003.3/evaluation_result_filtered.json,0.0,0.0,0.024390243902439025,0.0
e2e,apache_dubbo_dubbo-3.3.3_dubbo-3.3.6,M004,_claude-code_glm-5_run_002,SWE-Milestone-log-results/apache_dubbo_dubbo-3.3.3_dubbo-3.3.6/e2e_trial/_claude-code_glm-5_run_002/evaluation/M004/evaluation_result_filtered.json,0.0,0.0,0.0004911591355599214,0.0
e2e,apache_dubbo_dubbo-3.3.3_dubbo-3.3.6,M006,_claude-code_glm-5_run_002,SWE-Milestone-log-results/apache_dubbo_dubbo-3.3.3_dubbo-3.3.6/e2e_trial/_claude-code_glm-5_run_002/evaluation/M006/evaluation_result_filtered.json,1.0,1.0,1.0,1.0
e2e,apache_dubbo_dubbo-3.3.3_dubbo-3.3.6,M016.1,_claude-code_glm-5_run_002,SWE-Milestone-log-results/apache_dubbo_dubbo-3.3.3_dubbo-3.3.6/e2e_trial/_claude-code_glm-5_run_002/evaluation/M016.1/evaluation_result_filtered.json,1.0,1.0,1.0,1.0
e2e,apache_dubbo_dubbo-3.3.3_dubbo-3.3.6,M017,_claude-code_glm-5_run_002,SWE-Milestone-log-results/apache_dubbo_dubbo-3.3.3_dubbo-3.3.6/e2e_trial/_claude-code_glm-5_run_002/evaluation/M017/evaluation_result_filtered.json,0.0,0.0,1.0,0.0
e2e,apache_dubbo_dubbo-3.3.3_dubbo-3.3.6,M018,_claude-code_glm-5_run_002,SWE-Milestone-log-results/apache_dubbo_dubbo-3.3.3_dubbo-3.3.6/e2e_trial/_claude-code_glm-5_run_002/evaluation/M018/evaluation_result_filtered.json,1.0,1.0,1.0,1.0
e2e,apache_dubbo_dubbo-3.3.3_dubbo-3.3.6,M019,_claude-code_glm-5_run_002,SWE-Milestone-log-results/apache_dubbo_dubbo-3.3.3_dubbo-3.3.6/e2e_trial/_claude-code_glm-5_run_002/evaluation/M019/evaluation_result.json,0.0,1.0,0.5384615384615384,0.7000000000000001
e2e,apache_dubbo_dubbo-3.3.3_dubbo-3.3.6,M025,_claude-code_glm-5_run_002,SWE-Milestone-log-results/apache_dubbo_dubbo-3.3.3_dubbo-3.3.6/e2e_trial/_claude-code_glm-5_run_002/evaluation/M025/evaluation_result_filtered.json,1.0,1.0,1.0,1.0
e2e,apache_dubbo_dubbo-3.3.3_dubbo-3.3.6,M001.1,_claude-code_kimi-k2.6_run_002,SWE-Milestone-log-results/apache_dubbo_dubbo-3.3.3_dubbo-3.3.6/e2e_trial/_claude-code_kimi-k2.6_run_002/evaluation/M001.1/evaluation_result_filtered.json,0.0,0.0,0.00014492753623188405,0.0
e2e,apache_dubbo_dubbo-3.3.3_dubbo-3.3.6,M001.2,_claude-code_kimi-k2.6_run_002,SWE-Milestone-log-results/apache_dubbo_dubbo-3.3.3_dubbo-3.3.6/e2e_trial/_claude-code_kimi-k2.6_run_002/evaluation/M001.2/evaluation_result_filtered.json,0.0,0.0,0.00014524328249818446,0.0
e2e,apache_dubbo_dubbo-3.3.3_dubbo-3.3.6,M003.1,_claude-code_kimi-k2.6_run_002,SWE-Milestone-log-results/apache_dubbo_dubbo-3.3.3_dubbo-3.3.6/e2e_trial/_claude-code_kimi-k2.6_run_002/evaluation/M003.1/evaluation_result_filtered.json,0.0,1.0,0.125,0.2222222222222222
e2e,apache_dubbo_dubbo-3.3.3_dubbo-3.3.6,M003.2,_claude-code_kimi-k2.6_run_002,SWE-Milestone-log-results/apache_dubbo_dubbo-3.3.3_dubbo-3.3.6/e2e_trial/_claude-code_kimi-k2.6_run_002/evaluation/M003.2/evaluation_result_filtered.json,0.0,1.0,0.00014461315979754158,0.00028918449971081553
e2e,apache_dubbo_dubbo-3.3.3_dubbo-3.3.6,M003.3,_claude-code_kimi-k2.6_run_002,SWE-Milestone-log-results/apache_dubbo_dubbo-3.3.3_dubbo-3.3.6/e2e_trial/_claude-code_kimi-k2.6_run_002/evaluation/M003.3/evaluation_result_filtered.json,0.0,0.0,0.01818181818181818,0.0
e2e,apache_dubbo_dubbo-3.3.3_dubbo-3.3.6,M004,_claude-code_kimi-k2.6_run_002,SWE-Milestone-log-results/apache_dubbo_dubbo-3.3.3_dubbo-3.3.6/e2e_trial/_claude-code_kimi-k2.6_run_002/evaluation/M004/evaluation_result_filtered.json,0.0,0.0,0.0004911591355599214,0.0
e2e,apache_dubbo_dubbo-3.3.3_dubbo-3.3.6,M006,_claude-code_kimi-k2.6_run_002,SWE-Milestone-log-results/apache_dubbo_dubbo-3.3.3_dubbo-3.3.6/e2e_trial/_claude-code_kimi-k2.6_run_002/evaluation/M006/evaluation_result_filtered.json,0.0,0.0,0.00014473874656245476,0.0
e2e,apache_dubbo_dubbo-3.3.3_dubbo-3.3.6,M011,_claude-code_kimi-k2.6_run_002,SWE-Milestone-log-results/apache_dubbo_dubbo-3.3.3_dubbo-3.3.6/e2e_trial/_claude-code_kimi-k2.6_run_002/evaluation/M011/evaluation_result_filtered.json,0.0,0.0,0.00014455044810638914,0.0
e2e,apache_dubbo_dubbo-3.3.3_dubbo-3.3.6,M016.1,_claude-code_kimi-k2.6_run_002,SWE-Milestone-log-results/apache_dubbo_dubbo-3.3.3_dubbo-3.3.6/e2e_trial/_claude-code_kimi-k2.6_run_002/evaluation/M016.1/evaluation_result_filtered.json,0.0,1.0,0.3333333333333333,0.5
e2e,apache_dubbo_dubbo-3.3.3_dubbo-3.3.6,M017,_claude-code_kimi-k2.6_run_002,SWE-Milestone-log-results/apache_dubbo_dubbo-3.3.3_dubbo-3.3.6/e2e_trial/_claude-code_kimi-k2.6_run_002/evaluation/M017/evaluation_result_filtered.json,0.0,0.0,0.0001446968600781363,0.0
e2e,apache_dubbo_dubbo-3.3.3_dubbo-3.3.6,M018,_claude-code_kimi-k2.6_run_002,SWE-Milestone-log-results/apache_dubbo_dubbo-3.3.3_dubbo-3.3.6/e2e_trial/_claude-code_kimi-k2.6_run_002/evaluation/M018/evaluation_result_filtered.json,0.0,0.0,0.00014532771399505885,0.0
e2e,apache_dubbo_dubbo-3.3.3_dubbo-3.3.6,M019,_claude-code_kimi-k2.6_run_002,SWE-Milestone-log-results/apache_dubbo_dubbo-3.3.3_dubbo-3.3.6/e2e_trial/_claude-code_kimi-k2.6_run_002/evaluation/M019/evaluation_result_filtered.json,0.0,0.0,0.00014496955639315743,0.0
e2e,apache_dubbo_dubbo-3.3.3_dubbo-3.3.6,M025,_claude-code_kimi-k2.6_run_002,SWE-Milestone-log-results/apache_dubbo_dubbo-3.3.3_dubbo-3.3.6/e2e_trial/_claude-code_kimi-k2.6_run_002/evaluation/M025/evaluation_result_filtered.json,0.0,1.0,0.06666666666666667,0.125
e2e,apache_dubbo_dubbo-3.3.3_dubbo-3.3.6,M001.1,_claude-code_opus-4.5_run_002,SWE-Milestone-log-results/apache_dubbo_dubbo-3.3.3_dubbo-3.3.6/e2e_trial/_claude-code_opus-4.5_run_002/evaluation/M001.1/evaluation_result_filtered.json,0.0,0.0,0.00026371308016877635,0.0
e2e,apache_dubbo_dubbo-3.3.3_dubbo-3.3.6,M001.2,_claude-code_opus-4.5_run_002,SWE-Milestone-log-results/apache_dubbo_dubbo-3.3.3_dubbo-3.3.6/e2e_trial/_claude-code_opus-4.5_run_002/evaluation/M001.2/evaluation_result_filtered.json,0.0,0.0,0.0002655337227827934,0.0
e2e,apache_dubbo_dubbo-3.3.3_dubbo-3.3.6,M003.1,_claude-code_opus-4.5_run_002,SWE-Milestone-log-results/apache_dubbo_dubbo-3.3.3_dubbo-3.3.6/e2e_trial/_claude-code_opus-4.5_run_002/evaluation/M003.1/evaluation_result_filtered.json,0.0,1.0,0.13333333333333333,0.23529411764705882
e2e,apache_dubbo_dubbo-3.3.3_dubbo-3.3.6,M003.2,_claude-code_opus-4.5_run_002,SWE-Milestone-log-results/apache_dubbo_dubbo-3.3.3_dubbo-3.3.6/e2e_trial/_claude-code_opus-4.5_run_002/evaluation/M003.2/evaluation_result_filtered.json,0.0,1.0,0.0002637826431020839,0.0005274261603375528
e2e,apache_dubbo_dubbo-3.3.3_dubbo-3.3.6,M003.3,_claude-code_opus-4.5_run_002,SWE-Milestone-log-results/apache_dubbo_dubbo-3.3.3_dubbo-3.3.6/e2e_trial/_claude-code_opus-4.5_run_002/evaluation/M003.3/evaluation_result_filtered.json,0.0,0.0,0.00026308866087871614,0.0
e2e,apache_dubbo_dubbo-3.3.3_dubbo-3.3.6,M004,_claude-code_opus-4.5_run_002,SWE-Milestone-log-results/apache_dubbo_dubbo-3.3.3_dubbo-3.3.6/e2e_trial/_claude-code_opus-4.5_run_002/evaluation/M004/evaluation_result_filtered.json,0.0,0.0,0.0004897159647404506,0.0
e2e,apache_dubbo_dubbo-3.3.3_dubbo-3.3.6,M006,_claude-code_opus-4.5_run_002,SWE-Milestone-log-results/apache_dubbo_dubbo-3.3.3_dubbo-3.3.6/e2e_trial/_claude-code_opus-4.5_run_002/evaluation/M006/evaluation_result_filtered.json,0.0,1.0,0.21428571428571427,0.35294117647058826
e2e,apache_dubbo_dubbo-3.3.3_dubbo-3.3.6,M011,_claude-code_opus-4.5_run_002,SWE-Milestone-log-results/apache_dubbo_dubbo-3.3.3_dubbo-3.3.6/e2e_trial/_claude-code_opus-4.5_run_002/evaluation/M011/evaluation_result_filtered.json,1.0,1.0,1.0,1.0
e2e,apache_dubbo_dubbo-3.3.3_dubbo-3.3.6,M016.1,_claude-code_opus-4.5_run_002,SWE-Milestone-log-results/apache_dubbo_dubbo-3.3.3_dubbo-3.3.6/e2e_trial/_claude-code_opus-4.5_run_002/evaluation/M016.1/evaluation_result_filtered.json,0.0,1.0,0.3333333333333333,0.5
e2e,apache_dubbo_dubbo-3.3.3_dubbo-3.3.6,M017,_claude-code_opus-4.5_run_002,SWE-Milestone-log-results/apache_dubbo_dubbo-3.3.3_dubbo-3.3.6/e2e_trial/_claude-code_opus-4.5_run_002/evaluation/M017/evaluation_result_filtered.json,0.0,0.0,0.029411764705882353,0.0
e2e,apache_dubbo_dubbo-3.3.3_dubbo-3.3.6,M018,_claude-code_opus-4.5_run_002,SWE-Milestone-log-results/apache_dubbo_dubbo-3.3.3_dubbo-3.3.6/e2e_trial/_claude-code_opus-4.5_run_002/evaluation/M018/evaluation_result_filtered.json,0.0,0.0,0.0002658160552897395,0.0
e2e,apache_dubbo_dubbo-3.3.3_dubbo-3.3.6,M019,_claude-code_opus-4.5_run_002,SWE-Milestone-log-results/apache_dubbo_dubbo-3.3.3_dubbo-3.3.6/e2e_trial/_claude-code_opus-4.5_run_002/evaluation/M019/evaluation_result_filtered.json,0.0,0.0,0.0002637826431020839,0.0
e2e,apache_dubbo_dubbo-3.3.3_dubbo-3.3.6,M025,_claude-code_opus-4.5_run_002,SWE-Milestone-log-results/apache_dubbo_dubbo-3.3.3_dubbo-3.3.6/e2e_trial/_claude-code_opus-4.5_run_002/evaluation/M025/evaluation_result_filtered.json,0.0,1.0,0.00026350461133069827,0.0005268703898840885
e2e,apache_dubbo_dubbo-3.3.3_dubbo-3.3.6,M001.1,_claude-code_opus-4.6_run_002,SWE-Milestone-log-results/apache_dubbo_dubbo-3.3.3_dubbo-3.3.6/e2e_trial/_claude-code_opus-4.6_run_002/evaluation/M001.1/evaluation_result_filtered.json,0.0,0.0,0.00026371308016877635,0.0
e2e,apache_dubbo_dubbo-3.3.3_dubbo-3.3.6,M001.2,_claude-code_opus-4.6_run_002,SWE-Milestone-log-results/apache_dubbo_dubbo-3.3.3_dubbo-3.3.6/e2e_trial/_claude-code_opus-4.6_run_002/evaluation/M001.2/evaluation_result_filtered.json,0.0,0.0,0.0002655337227827934,0.0
e2e,apache_dubbo_dubbo-3.3.3_dubbo-3.3.6,M003.1,_claude-code_opus-4.6_run_002,SWE-Milestone-log-results/apache_dubbo_dubbo-3.3.3_dubbo-3.3.6/e2e_trial/_claude-code_opus-4.6_run_002/evaluation/M003.1/evaluation_result_filtered.json,1.0,1.0,1.0,1.0
e2e,apache_dubbo_dubbo-3.3.3_dubbo-3.3.6,M003.2,_claude-code_opus-4.6_run_002,SWE-Milestone-log-results/apache_dubbo_dubbo-3.3.3_dubbo-3.3.6/e2e_trial/_claude-code_opus-4.6_run_002/evaluation/M003.2/evaluation_result_filtered.json,0.0,1.0,0.0002637826431020839,0.0005274261603375528
e2e,apache_dubbo_dubbo-3.3.3_dubbo-3.3.6,M003.3,_claude-code_opus-4.6_run_002,SWE-Milestone-log-results/apache_dubbo_dubbo-3.3.3_dubbo-3.3.6/e2e_trial/_claude-code_opus-4.6_run_002/evaluation/M003.3/evaluation_result_filtered.json,0.0,0.0,0.00026308866087871614,0.0
e2e,apache_dubbo_dubbo-3.3.3_dubbo-3.3.6,M004,_claude-code_opus-4.6_run_002,SWE-Milestone-log-results/apache_dubbo_dubbo-3.3.3_dubbo-3.3.6/e2e_trial/_claude-code_opus-4.6_run_002/evaluation/M004/evaluation_result_filtered.json,0.0,1.0,0.4,0.5714285714285715
e2e,apache_dubbo_dubbo-3.3.3_dubbo-3.3.6,M006,_claude-code_opus-4.6_run_002,SWE-Milestone-log-results/apache_dubbo_dubbo-3.3.3_dubbo-3.3.6/e2e_trial/_claude-code_opus-4.6_run_002/evaluation/M006/evaluation_result_filtered.json,0.0,0.0,1.0,0.0
e2e,apache_dubbo_dubbo-3.3.3_dubbo-3.3.6,M011,_claude-code_opus-4.6_run_002,SWE-Milestone-log-results/apache_dubbo_dubbo-3.3.3_dubbo-3.3.6/e2e_trial/_claude-code_opus-4.6_run_002/evaluation/M011/evaluation_result_filtered.json,1.0,1.0,1.0,1.0
e2e,apache_dubbo_dubbo-3.3.3_dubbo-3.3.6,M016.1,_claude-code_opus-4.6_run_002,SWE-Milestone-log-results/apache_dubbo_dubbo-3.3.3_dubbo-3.3.6/e2e_trial/_claude-code_opus-4.6_run_002/evaluation/M016.1/evaluation_result_filtered.json,1.0,1.0,1.0,1.0
e2e,apache_dubbo_dubbo-3.3.3_dubbo-3.3.6,M017,_claude-code_opus-4.6_run_002,SWE-Milestone-log-results/apache_dubbo_dubbo-3.3.3_dubbo-3.3.6/e2e_trial/_claude-code_opus-4.6_run_002/evaluation/M017/evaluation_result_filtered.json,0.0,1.0,0.09523809523809523,0.17391304347826084
e2e,apache_dubbo_dubbo-3.3.3_dubbo-3.3.6,M018,_claude-code_opus-4.6_run_002,SWE-Milestone-log-results/apache_dubbo_dubbo-3.3.3_dubbo-3.3.6/e2e_trial/_claude-code_opus-4.6_run_002/evaluation/M018/evaluation_result_filtered.json,0.0,0.0,0.0002658160552897395,0.0
e2e,apache_dubbo_dubbo-3.3.3_dubbo-3.3.6,M019,_claude-code_opus-4.6_run_002,SWE-Milestone-log-results/apache_dubbo_dubbo-3.3.3_dubbo-3.3.6/e2e_trial/_claude-code_opus-4.6_run_002/evaluation/M019/evaluation_result_filtered.json,0.0,0.0,0.0002637826431020839,0.0
e2e,apache_dubbo_dubbo-3.3.3_dubbo-3.3.6,M025,_claude-code_opus-4.6_run_002,SWE-Milestone-log-results/apache_dubbo_dubbo-3.3.3_dubbo-3.3.6/e2e_trial/_claude-code_opus-4.6_run_002/evaluation/M025/evaluation_result_filtered.json,0.0,1.0,0.00026350461133069827,0.0005268703898840885
e2e,apache_dubbo_dubbo-3.3.3_dubbo-3.3.6,M001.1,_claude-code_opus-4.7-xhigh-1m_run_002,SWE-Milestone-log-results/apache_dubbo_dubbo-3.3.3_dubbo-3.3.6/e2e_trial/_claude-code_opus-4.7-xhigh-1m_run_002/evaluation/M001.1/evaluation_result_filtered.json,0.0,0.0,0.00026455026455026457,0.0
e2e,apache_dubbo_dubbo-3.3.3_dubbo-3.3.6,M001.2,_claude-code_opus-4.7-xhigh-1m_run_002,SWE-Milestone-log-results/apache_dubbo_dubbo-3.3.3_dubbo-3.3.6/e2e_trial/_claude-code_opus-4.7-xhigh-1m_run_002/evaluation/M001.2/evaluation_result_filtered.json,0.0,0.0,0.00026595744680851064,0.0
e2e,apache_dubbo_dubbo-3.3.3_dubbo-3.3.6,M003.1,_claude-code_opus-4.7-xhigh-1m_run_002,SWE-Milestone-log-results/apache_dubbo_dubbo-3.3.3_dubbo-3.3.6/e2e_trial/_claude-code_opus-4.7-xhigh-1m_run_002/evaluation/M003.1/evaluation_result_filtered.json,1.0,1.0,1.0,1.0
e2e,apache_dubbo_dubbo-3.3.3_dubbo-3.3.6,M003.2,_claude-code_opus-4.7-xhigh-1m_run_002,SWE-Milestone-log-results/apache_dubbo_dubbo-3.3.3_dubbo-3.3.6/e2e_trial/_claude-code_opus-4.7-xhigh-1m_run_002/evaluation/M003.2/evaluation_result_filtered.json,0.0,1.0,0.04,0.07692307692307693
e2e,apache_dubbo_dubbo-3.3.3_dubbo-3.3.6,M003.3,_claude-code_opus-4.7-xhigh-1m_run_002,SWE-Milestone-log-results/apache_dubbo_dubbo-3.3.3_dubbo-3.3.6/e2e_trial/_claude-code_opus-4.7-xhigh-1m_run_002/evaluation/M003.3/evaluation_result_filtered.json,0.0,0.0,0.00026322716504343247,0.0
e2e,apache_dubbo_dubbo-3.3.3_dubbo-3.3.6,M004,_claude-code_opus-4.7-xhigh-1m_run_002,SWE-Milestone-log-results/apache_dubbo_dubbo-3.3.3_dubbo-3.3.6/e2e_trial/_claude-code_opus-4.7-xhigh-1m_run_002/evaluation/M004/evaluation_result_filtered.json,0.0,0.0,0.0004911591355599214,0.0
e2e,apache_dubbo_dubbo-3.3.3_dubbo-3.3.6,M006,_claude-code_opus-4.7-xhigh-1m_run_002,SWE-Milestone-log-results/apache_dubbo_dubbo-3.3.3_dubbo-3.3.6/e2e_trial/_claude-code_opus-4.7-xhigh-1m_run_002/evaluation/M006/evaluation_result_filtered.json,1.0,1.0,1.0,1.0
e2e,apache_dubbo_dubbo-3.3.3_dubbo-3.3.6,M011,_claude-code_opus-4.7-xhigh-1m_run_002,SWE-Milestone-log-results/apache_dubbo_dubbo-3.3.3_dubbo-3.3.6/e2e_trial/_claude-code_opus-4.7-xhigh-1m_run_002/evaluation/M011/evaluation_result_filtered.json,1.0,1.0,1.0,1.0
e2e,apache_dubbo_dubbo-3.3.3_dubbo-3.3.6,M016.1,_claude-code_opus-4.7-xhigh-1m_run_002,SWE-Milestone-log-results/apache_dubbo_dubbo-3.3.3_dubbo-3.3.6/e2e_trial/_claude-code_opus-4.7-xhigh-1m_run_002/evaluation/M016.1/evaluation_result_filtered.json,0.0,1.0,0.875,0.9333333333333333
e2e,apache_dubbo_dubbo-3.3.3_dubbo-3.3.6,M017,_claude-code_opus-4.7-xhigh-1m_run_002,SWE-Milestone-log-results/apache_dubbo_dubbo-3.3.3_dubbo-3.3.6/e2e_trial/_claude-code_opus-4.7-xhigh-1m_run_002/evaluation/M017/evaluation_result_filtered.json,0.0,0.0,0.125,0.0
e2e,apache_dubbo_dubbo-3.3.3_dubbo-3.3.6,M018,_claude-code_opus-4.7-xhigh-1m_run_002,SWE-Milestone-log-results/apache_dubbo_dubbo-3.3.3_dubbo-3.3.6/e2e_trial/_claude-code_opus-4.7-xhigh-1m_run_002/evaluation/M018/evaluation_result_filtered.json,0.0,0.0,0.00026624068157614486,0.0
e2e,apache_dubbo_dubbo-3.3.3_dubbo-3.3.6,M025,_claude-code_opus-4.7-xhigh-1m_run_002,SWE-Milestone-log-results/apache_dubbo_dubbo-3.3.3_dubbo-3.3.6/e2e_trial/_claude-code_opus-4.7-xhigh-1m_run_002/evaluation/M025/evaluation_result_filtered.json,0.0,1.0,0.0002642007926023778,0.0005282620179609086
e2e,apache_dubbo_dubbo-3.3.3_dubbo-3.3.6,M001.1,_claude-code_opus-4.7-xhigh_run_002,SWE-Milestone-log-results/apache_dubbo_dubbo-3.3.3_dubbo-3.3.6/e2e_trial/_claude-code_opus-4.7-xhigh_run_002/evaluation/M001.1/evaluation_result_filtered.json,0.0,0.0,0.012658227848101266,0.0
e2e,apache_dubbo_dubbo-3.3.3_dubbo-3.3.6,M001.2,_claude-code_opus-4.7-xhigh_run_002,SWE-Milestone-log-results/apache_dubbo_dubbo-3.3.3_dubbo-3.3.6/e2e_trial/_claude-code_opus-4.7-xhigh_run_002/evaluation/M001.2/evaluation_result_filtered.json,0.0,0.0,0.01694915254237288,0.0
e2e,apache_dubbo_dubbo-3.3.3_dubbo-3.3.6,M003.1,_claude-code_opus-4.7-xhigh_run_002,SWE-Milestone-log-results/apache_dubbo_dubbo-3.3.3_dubbo-3.3.6/e2e_trial/_claude-code_opus-4.7-xhigh_run_002/evaluation/M003.1/evaluation_result_filtered.json,1.0,1.0,1.0,1.0
e2e,apache_dubbo_dubbo-3.3.3_dubbo-3.3.6,M003.2,_claude-code_opus-4.7-xhigh_run_002,SWE-Milestone-log-results/apache_dubbo_dubbo-3.3.3_dubbo-3.3.6/e2e_trial/_claude-code_opus-4.7-xhigh_run_002/evaluation/M003.2/evaluation_result_filtered.json,0.0,1.0,0.012048192771084338,0.02380952380952381
e2e,apache_dubbo_dubbo-3.3.3_dubbo-3.3.6,M003.3,_claude-code_opus-4.7-xhigh_run_002,SWE-Milestone-log-results/apache_dubbo_dubbo-3.3.3_dubbo-3.3.6/e2e_trial/_claude-code_opus-4.7-xhigh_run_002/evaluation/M003.3/evaluation_result_filtered.json,0.0,0.0,0.010101010101010102,0.0
e2e,apache_dubbo_dubbo-3.3.3_dubbo-3.3.6,M004,_claude-code_opus-4.7-xhigh_run_002,SWE-Milestone-log-results/apache_dubbo_dubbo-3.3.3_dubbo-3.3.6/e2e_trial/_claude-code_opus-4.7-xhigh_run_002/evaluation/M004/evaluation_result_filtered.json,0.0,0.0,0.0004911591355599214,0.0
e2e,apache_dubbo_dubbo-3.3.3_dubbo-3.3.6,M006,_claude-code_opus-4.7-xhigh_run_002,SWE-Milestone-log-results/apache_dubbo_dubbo-3.3.3_dubbo-3.3.6/e2e_trial/_claude-code_opus-4.7-xhigh_run_002/evaluation/M006/evaluation_result_filtered.json,1.0,1.0,1.0,1.0
e2e,apache_dubbo_dubbo-3.3.3_dubbo-3.3.6,M011,_claude-code_opus-4.7-xhigh_run_002,SWE-Milestone-log-results/apache_dubbo_dubbo-3.3.3_dubbo-3.3.6/e2e_trial/_claude-code_opus-4.7-xhigh_run_002/evaluation/M011/evaluation_result_filtered.json,1.0,1.0,1.0,1.0
e2e,apache_dubbo_dubbo-3.3.3_dubbo-3.3.6,M016.1,_claude-code_opus-4.7-xhigh_run_002,SWE-Milestone-log-results/apache_dubbo_dubbo-3.3.3_dubbo-3.3.6/e2e_trial/_claude-code_opus-4.7-xhigh_run_002/evaluation/M016.1/evaluation_result_filtered.json,0.0,1.0,0.07692307692307693,0.14285714285714288
e2e,apache_dubbo_dubbo-3.3.3_dubbo-3.3.6,M017,_claude-code_opus-4.7-xhigh_run_002,SWE-Milestone-log-results/apache_dubbo_dubbo-3.3.3_dubbo-3.3.6/e2e_trial/_claude-code_opus-4.7-xhigh_run_002/evaluation/M017/evaluation_result_filtered.json,1.0,1.0,1.0,1.0
e2e,apache_dubbo_dubbo-3.3.3_dubbo-3.3.6,M018,_claude-code_opus-4.7-xhigh_run_002,SWE-Milestone-log-results/apache_dubbo_dubbo-3.3.3_dubbo-3.3.6/e2e_trial/_claude-code_opus-4.7-xhigh_run_002/evaluation/M018/evaluation_result_filtered.json,0.0,1.0,0.11475409836065574,0.2058823529411765
e2e,apache_dubbo_dubbo-3.3.3_dubbo-3.3.6,M019,_claude-code_opus-4.7-xhigh_run_002,SWE-Milestone-log-results/apache_dubbo_dubbo-3.3.3_dubbo-3.3.6/e2e_trial/_claude-code_opus-4.7-xhigh_run_002/evaluation/M019/evaluation_result_filtered.json,0.0,1.0,0.08536585365853659,0.15730337078651685
e2e,apache_dubbo_dubbo-3.3.3_dubbo-3.3.6,M025,_claude-code_opus-4.7-xhigh_run_002,SWE-Milestone-log-results/apache_dubbo_dubbo-3.3.3_dubbo-3.3.6/e2e_trial/_claude-code_opus-4.7-xhigh_run_002/evaluation/M025/evaluation_result_filtered.json,0.0,1.0,0.012658227848101266,0.024999999999999998
e2e,apache_dubbo_dubbo-3.3.3_dubbo-3.3.6,M003.1,_claude-code_sonnet-4.5_run_002,SWE-Milestone-log-results/apache_dubbo_dubbo-3.3.3_dubbo-3.3.6/e2e_trial/_claude-code_sonnet-4.5_run_002/evaluation/M003.1/evaluation_result_filtered.json,1.0,1.0,1.0,1.0
e2e,apache_dubbo_dubbo-3.3.3_dubbo-3.3.6,M004,_claude-code_sonnet-4.5_run_002,SWE-Milestone-log-results/apache_dubbo_dubbo-3.3.3_dubbo-3.3.6/e2e_trial/_claude-code_sonnet-4.5_run_002/evaluation/M004/evaluation_result_filtered.json,0.0,0.0,0.0004086636697997548,0.0
e2e,apache_dubbo_dubbo-3.3.3_dubbo-3.3.6,M006,_claude-code_sonnet-4.5_run_002,SWE-Milestone-log-results/apache_dubbo_dubbo-3.3.3_dubbo-3.3.6/e2e_trial/_claude-code_sonnet-4.5_run_002/evaluation/M006/evaluation_result_filtered.json,0.0,0.0,0.0004897159647404506,0.0
e2e,apache_dubbo_dubbo-3.3.3_dubbo-3.3.6,M017,_claude-code_sonnet-4.5_run_002,SWE-Milestone-log-results/apache_dubbo_dubbo-3.3.3_dubbo-3.3.6/e2e_trial/_claude-code_sonnet-4.5_run_002/evaluation/M017/evaluation_result_filtered.json,0.0,0.0,0.0006242197253433209,0.0
e2e,apache_dubbo_dubbo-3.3.3_dubbo-3.3.6,M001.1,_claude-code_sonnet-4.6_run_002,SWE-Milestone-log-results/apache_dubbo_dubbo-3.3.3_dubbo-3.3.6/e2e_trial/_claude-code_sonnet-4.6_run_002/evaluation/M001.1/evaluation_result_filtered.json,0.0,0.0,0.00026455026455026457,0.0
e2e,apache_dubbo_dubbo-3.3.3_dubbo-3.3.6,M001.2,_claude-code_sonnet-4.6_run_002,SWE-Milestone-log-results/apache_dubbo_dubbo-3.3.3_dubbo-3.3.6/e2e_trial/_claude-code_sonnet-4.6_run_002/evaluation/M001.2/evaluation_result_filtered.json,0.0,0.0,0.00026595744680851064,0.0
e2e,apache_dubbo_dubbo-3.3.3_dubbo-3.3.6,M003.1,_claude-code_sonnet-4.6_run_002,SWE-Milestone-log-results/apache_dubbo_dubbo-3.3.3_dubbo-3.3.6/e2e_trial/_claude-code_sonnet-4.6_run_002/evaluation/M003.1/evaluation_result_filtered.json,1.0,1.0,1.0,1.0
e2e,apache_dubbo_dubbo-3.3.3_dubbo-3.3.6,M003.2,_claude-code_sonnet-4.6_run_002,SWE-Milestone-log-results/apache_dubbo_dubbo-3.3.3_dubbo-3.3.6/e2e_trial/_claude-code_sonnet-4.6_run_002/evaluation/M003.2/evaluation_result_filtered.json,0.0,1.0,0.0002642007926023778,0.0005282620179609086
e2e,apache_dubbo_dubbo-3.3.3_dubbo-3.3.6,M003.3,_claude-code_sonnet-4.6_run_002,SWE-Milestone-log-results/apache_dubbo_dubbo-3.3.3_dubbo-3.3.6/e2e_trial/_claude-code_sonnet-4.6_run_002/evaluation/M003.3/evaluation_result_filtered.json,0.0,0.0,0.00026322716504343247,0.0
e2e,apache_dubbo_dubbo-3.3.3_dubbo-3.3.6,M004,_claude-code_sonnet-4.6_run_002,SWE-Milestone-log-results/apache_dubbo_dubbo-3.3.3_dubbo-3.3.6/e2e_trial/_claude-code_sonnet-4.6_run_002/evaluation/M004/evaluation_result_filtered.json,0.0,0.0,0.0004911591355599214,0.0
e2e,apache_dubbo_dubbo-3.3.3_dubbo-3.3.6,M006,_claude-code_sonnet-4.6_run_002,SWE-Milestone-log-results/apache_dubbo_dubbo-3.3.3_dubbo-3.3.6/e2e_trial/_claude-code_sonnet-4.6_run_002/evaluation/M006/evaluation_result_filtered.json,0.0,1.0,0.21428571428571427,0.35294117647058826
e2e,apache_dubbo_dubbo-3.3.3_dubbo-3.3.6,M011,_claude-code_sonnet-4.6_run_002,SWE-Milestone-log-results/apache_dubbo_dubbo-3.3.3_dubbo-3.3.6/e2e_trial/_claude-code_sonnet-4.6_run_002/evaluation/M011/evaluation_result_filtered.json,0.0,1.0,0.3333333333333333,0.5
e2e,apache_dubbo_dubbo-3.3.3_dubbo-3.3.6,M016.1,_claude-code_sonnet-4.6_run_002,SWE-Milestone-log-results/apache_dubbo_dubbo-3.3.3_dubbo-3.3.6/e2e_trial/_claude-code_sonnet-4.6_run_002/evaluation/M016.1/evaluation_result_filtered.json,0.0,1.0,0.3333333333333333,0.5
e2e,apache_dubbo_dubbo-3.3.3_dubbo-3.3.6,M017,_claude-code_sonnet-4.6_run_002,SWE-Milestone-log-results/apache_dubbo_dubbo-3.3.3_dubbo-3.3.6/e2e_trial/_claude-code_sonnet-4.6_run_002/evaluation/M017/evaluation_result_filtered.json,0.0,0.0,0.047619047619047616,0.0
e2e,apache_dubbo_dubbo-3.3.3_dubbo-3.3.6,M018,_claude-code_sonnet-4.6_run_002,SWE-Milestone-log-results/apache_dubbo_dubbo-3.3.3_dubbo-3.3.6/e2e_trial/_claude-code_sonnet-4.6_run_002/evaluation/M018/evaluation_result_filtered.json,0.0,0.0,0.00026624068157614486,0.0
e2e,apache_dubbo_dubbo-3.3.3_dubbo-3.3.6,M019,_claude-code_sonnet-4.6_run_002,SWE-Milestone-log-results/apache_dubbo_dubbo-3.3.3_dubbo-3.3.6/e2e_trial/_claude-code_sonnet-4.6_run_002/evaluation/M019/evaluation_result_filtered.json,0.0,0.0,0.00026469031233456857,0.0
e2e,apache_dubbo_dubbo-3.3.3_dubbo-3.3.6,M025,_claude-code_sonnet-4.6_run_002,SWE-Milestone-log-results/apache_dubbo_dubbo-3.3.3_dubbo-3.3.6/e2e_trial/_claude-code_sonnet-4.6_run_002/evaluation/M025/evaluation_result_filtered.json,0.0,1.0,0.0002642007926023778,0.0005282620179609086
e2e,apache_dubbo_dubbo-3.3.3_dubbo-3.3.6,M001.1,_codex_gpt-5.2-codex_run_002,SWE-Milestone-log-results/apache_dubbo_dubbo-3.3.3_dubbo-3.3.6/e2e_trial/_codex_gpt-5.2-codex_run_002/evaluation/M001.1/evaluation_result_filtered.json,0.0,0.0,0.009615384615384616,0.0
e2e,apache_dubbo_dubbo-3.3.3_dubbo-3.3.6,M001.2,_codex_gpt-5.2-codex_run_002,SWE-Milestone-log-results/apache_dubbo_dubbo-3.3.3_dubbo-3.3.6/e2e_trial/_codex_gpt-5.2-codex_run_002/evaluation/M001.2/evaluation_result_filtered.json,0.0,0.0,0.012987012987012988,0.0
e2e,apache_dubbo_dubbo-3.3.3_dubbo-3.3.6,M003.1,_codex_gpt-5.2-codex_run_002,SWE-Milestone-log-results/apache_dubbo_dubbo-3.3.3_dubbo-3.3.6/e2e_trial/_codex_gpt-5.2-codex_run_002/evaluation/M003.1/evaluation_result_filtered.json,0.0,1.0,0.6666666666666666,0.8
e2e,apache_dubbo_dubbo-3.3.3_dubbo-3.3.6,M003.2,_codex_gpt-5.2-codex_run_002,SWE-Milestone-log-results/apache_dubbo_dubbo-3.3.3_dubbo-3.3.6/e2e_trial/_codex_gpt-5.2-codex_run_002/evaluation/M003.2/evaluation_result_filtered.json,0.0,1.0,0.07142857142857142,0.13333333333333333
e2e,apache_dubbo_dubbo-3.3.3_dubbo-3.3.6,M003.3,_codex_gpt-5.2-codex_run_002,SWE-Milestone-log-results/apache_dubbo_dubbo-3.3.3_dubbo-3.3.6/e2e_trial/_codex_gpt-5.2-codex_run_002/evaluation/M003.3/evaluation_result_filtered.json,0.0,0.0,0.008771929824561403,0.0
e2e,apache_dubbo_dubbo-3.3.3_dubbo-3.3.6,M004,_codex_gpt-5.2-codex_run_002,SWE-Milestone-log-results/apache_dubbo_dubbo-3.3.3_dubbo-3.3.6/e2e_trial/_codex_gpt-5.2-codex_run_002/evaluation/M004/evaluation_result_filtered.json,0.0,0.0,0.0004897159647404506,0.0
e2e,apache_dubbo_dubbo-3.3.3_dubbo-3.3.6,M006,_codex_gpt-5.2-codex_run_002,SWE-Milestone-log-results/apache_dubbo_dubbo-3.3.3_dubbo-3.3.6/e2e_trial/_codex_gpt-5.2-codex_run_002/evaluation/M006/evaluation_result_filtered.json,0.0,1.0,0.03296703296703297,0.06382978723404255
e2e,apache_dubbo_dubbo-3.3.3_dubbo-3.3.6,M011,_codex_gpt-5.2-codex_run_002,SWE-Milestone-log-results/apache_dubbo_dubbo-3.3.3_dubbo-3.3.6/e2e_trial/_codex_gpt-5.2-codex_run_002/evaluation/M011/evaluation_result_filtered.json,0.0,1.0,0.06382978723404255,0.12
e2e,apache_dubbo_dubbo-3.3.3_dubbo-3.3.6,M016.1,_codex_gpt-5.2-codex_run_002,SWE-Milestone-log-results/apache_dubbo_dubbo-3.3.3_dubbo-3.3.6/e2e_trial/_codex_gpt-5.2-codex_run_002/evaluation/M016.1/evaluation_result_filtered.json,0.0,0.0,0.0004887585532746823,0.0
e2e,apache_dubbo_dubbo-3.3.3_dubbo-3.3.6,M018,_codex_gpt-5.2-codex_run_002,SWE-Milestone-log-results/apache_dubbo_dubbo-3.3.3_dubbo-3.3.6/e2e_trial/_codex_gpt-5.2-codex_run_002/evaluation/M018/evaluation_result_filtered.json,0.0,0.0,0.00024177949709864604,0.0
e2e,apache_dubbo_dubbo-3.3.3_dubbo-3.3.6,M025,_codex_gpt-5.2-codex_run_002,SWE-Milestone-log-results/apache_dubbo_dubbo-3.3.3_dubbo-3.3.6/e2e_trial/_codex_gpt-5.2-codex_run_002/evaluation/M025/evaluation_result_filtered.json,0.0,1.0,0.00017289073305670817,0.0003457216940363008
e2e,apache_dubbo_dubbo-3.3.3_dubbo-3.3.6,M001.1,_codex_gpt-5.2_run_002,SWE-Milestone-log-results/apache_dubbo_dubbo-3.3.3_dubbo-3.3.6/e2e_trial/_codex_gpt-5.2_run_002/evaluation/M001.1/evaluation_result_filtered.json,0.0,0.0,0.011764705882352941,0.0
e2e,apache_dubbo_dubbo-3.3.3_dubbo-3.3.6,M001.2,_codex_gpt-5.2_run_002,SWE-Milestone-log-results/apache_dubbo_dubbo-3.3.3_dubbo-3.3.6/e2e_trial/_codex_gpt-5.2_run_002/evaluation/M001.2/evaluation_result_filtered.json,0.0,0.0,0.017241379310344827,0.0
e2e,apache_dubbo_dubbo-3.3.3_dubbo-3.3.6,M003.1,_codex_gpt-5.2_run_002,SWE-Milestone-log-results/apache_dubbo_dubbo-3.3.3_dubbo-3.3.6/e2e_trial/_codex_gpt-5.2_run_002/evaluation/M003.1/evaluation_result_filtered.json,1.0,1.0,1.0,1.0
e2e,apache_dubbo_dubbo-3.3.3_dubbo-3.3.6,M003.2,_codex_gpt-5.2_run_002,SWE-Milestone-log-results/apache_dubbo_dubbo-3.3.3_dubbo-3.3.6/e2e_trial/_codex_gpt-5.2_run_002/evaluation/M003.2/evaluation_result_filtered.json,1.0,1.0,1.0,1.0
e2e,apache_dubbo_dubbo-3.3.3_dubbo-3.3.6,M003.3,_codex_gpt-5.2_run_002,SWE-Milestone-log-results/apache_dubbo_dubbo-3.3.3_dubbo-3.3.6/e2e_trial/_codex_gpt-5.2_run_002/evaluation/M003.3/evaluation_result_filtered.json,0.0,0.0,0.024390243902439025,0.0
e2e,apache_dubbo_dubbo-3.3.3_dubbo-3.3.6,M004,_codex_gpt-5.2_run_002,SWE-Milestone-log-results/apache_dubbo_dubbo-3.3.3_dubbo-3.3.6/e2e_trial/_codex_gpt-5.2_run_002/evaluation/M004/evaluation_result_filtered.json,0.0,0.0,0.0004897159647404506,0.0
e2e,apache_dubbo_dubbo-3.3.3_dubbo-3.3.6,M006,_codex_gpt-5.2_run_002,SWE-Milestone-log-results/apache_dubbo_dubbo-3.3.3_dubbo-3.3.6/e2e_trial/_codex_gpt-5.2_run_002/evaluation/M006/evaluation_result_filtered.json,0.0,1.0,0.3,0.4615384615384615
e2e,apache_dubbo_dubbo-3.3.3_dubbo-3.3.6,M011,_codex_gpt-5.2_run_002,SWE-Milestone-log-results/apache_dubbo_dubbo-3.3.3_dubbo-3.3.6/e2e_trial/_codex_gpt-5.2_run_002/evaluation/M011/evaluation_result_filtered.json,0.0,1.0,0.06382978723404255,0.12
e2e,apache_dubbo_dubbo-3.3.3_dubbo-3.3.6,M016.1,_codex_gpt-5.2_run_002,SWE-Milestone-log-results/apache_dubbo_dubbo-3.3.3_dubbo-3.3.6/e2e_trial/_codex_gpt-5.2_run_002/evaluation/M016.1/evaluation_result_filtered.json,0.0,1.0,0.07692307692307693,0.14285714285714288
e2e,apache_dubbo_dubbo-3.3.3_dubbo-3.3.6,M017,_codex_gpt-5.2_run_002,SWE-Milestone-log-results/apache_dubbo_dubbo-3.3.3_dubbo-3.3.6/e2e_trial/_codex_gpt-5.2_run_002/evaluation/M017/evaluation_result_filtered.json,0.0,1.0,0.25,0.4
e2e,apache_dubbo_dubbo-3.3.3_dubbo-3.3.6,M018,_codex_gpt-5.2_run_002,SWE-Milestone-log-results/apache_dubbo_dubbo-3.3.3_dubbo-3.3.6/e2e_trial/_codex_gpt-5.2_run_002/evaluation/M018/evaluation_result_filtered.json,0.0,1.0,0.11475409836065574,0.2058823529411765
e2e,apache_dubbo_dubbo-3.3.3_dubbo-3.3.6,M019,_codex_gpt-5.2_run_002,SWE-Milestone-log-results/apache_dubbo_dubbo-3.3.3_dubbo-3.3.6/e2e_trial/_codex_gpt-5.2_run_002/evaluation/M019/evaluation_result_filtered.json,0.0,1.0,0.07954545454545454,0.14736842105263157
e2e,apache_dubbo_dubbo-3.3.3_dubbo-3.3.6,M025,_codex_gpt-5.2_run_002,SWE-Milestone-log-results/apache_dubbo_dubbo-3.3.3_dubbo-3.3.6/e2e_trial/_codex_gpt-5.2_run_002/evaluation/M025/evaluation_result_filtered.json,0.0,1.0,0.012658227848101266,0.024999999999999998
e2e,apache_dubbo_dubbo-3.3.3_dubbo-3.3.6,M001.1,_codex_gpt-5.3-codex_run_002,SWE-Milestone-log-results/apache_dubbo_dubbo-3.3.3_dubbo-3.3.6/e2e_trial/_codex_gpt-5.3-codex_run_002/evaluation/M001.1/evaluation_result_filtered.json,0.0,0.0,0.012658227848101266,0.0
e2e,apache_dubbo_dubbo-3.3.3_dubbo-3.3.6,M001.2,_codex_gpt-5.3-codex_run_002,SWE-Milestone-log-results/apache_dubbo_dubbo-3.3.3_dubbo-3.3.6/e2e_trial/_codex_gpt-5.3-codex_run_002/evaluation/M001.2/evaluation_result_filtered.json,0.0,0.0,0.017241379310344827,0.0
e2e,apache_dubbo_dubbo-3.3.3_dubbo-3.3.6,M003.1,_codex_gpt-5.3-codex_run_002,SWE-Milestone-log-results/apache_dubbo_dubbo-3.3.3_dubbo-3.3.6/e2e_trial/_codex_gpt-5.3-codex_run_002/evaluation/M003.1/evaluation_result_filtered.json,1.0,1.0,1.0,1.0
e2e,apache_dubbo_dubbo-3.3.3_dubbo-3.3.6,M003.2,_codex_gpt-5.3-codex_run_002,SWE-Milestone-log-results/apache_dubbo_dubbo-3.3.3_dubbo-3.3.6/e2e_trial/_codex_gpt-5.3-codex_run_002/evaluation/M003.2/evaluation_result_filtered.json,1.0,1.0,1.0,1.0
e2e,apache_dubbo_dubbo-3.3.3_dubbo-3.3.6,M003.3,_codex_gpt-5.3-codex_run_002,SWE-Milestone-log-results/apache_dubbo_dubbo-3.3.3_dubbo-3.3.6/e2e_trial/_codex_gpt-5.3-codex_run_002/evaluation/M003.3/evaluation_result_filtered.json,0.0,0.0,0.010101010101010102,0.0
e2e,apache_dubbo_dubbo-3.3.3_dubbo-3.3.6,M004,_codex_gpt-5.3-codex_run_002,SWE-Milestone-log-results/apache_dubbo_dubbo-3.3.3_dubbo-3.3.6/e2e_trial/_codex_gpt-5.3-codex_run_002/evaluation/M004/evaluation_result_filtered.json,0.0,0.0,0.0004911591355599214,0.0
e2e,apache_dubbo_dubbo-3.3.3_dubbo-3.3.6,M006,_codex_gpt-5.3-codex_run_002,SWE-Milestone-log-results/apache_dubbo_dubbo-3.3.3_dubbo-3.3.6/e2e_trial/_codex_gpt-5.3-codex_run_002/evaluation/M006/evaluation_result_filtered.json,1.0,1.0,1.0,1.0
e2e,apache_dubbo_dubbo-3.3.3_dubbo-3.3.6,M011,_codex_gpt-5.3-codex_run_002,SWE-Milestone-log-results/apache_dubbo_dubbo-3.3.3_dubbo-3.3.6/e2e_trial/_codex_gpt-5.3-codex_run_002/evaluation/M011/evaluation_result_filtered.json,0.0,1.0,0.058823529411764705,0.1111111111111111
e2e,apache_dubbo_dubbo-3.3.3_dubbo-3.3.6,M016.1,_codex_gpt-5.3-codex_run_002,SWE-Milestone-log-results/apache_dubbo_dubbo-3.3.3_dubbo-3.3.6/e2e_trial/_codex_gpt-5.3-codex_run_002/evaluation/M016.1/evaluation_result_filtered.json,0.0,1.0,0.07608695652173914,0.1414141414141414
e2e,apache_dubbo_dubbo-3.3.3_dubbo-3.3.6,M017,_codex_gpt-5.3-codex_run_002,SWE-Milestone-log-results/apache_dubbo_dubbo-3.3.3_dubbo-3.3.6/e2e_trial/_codex_gpt-5.3-codex_run_002/evaluation/M017/evaluation_result_filtered.json,0.0,1.0,0.6666666666666666,0.8
e2e,apache_dubbo_dubbo-3.3.3_dubbo-3.3.6,M018,_codex_gpt-5.3-codex_run_002,SWE-Milestone-log-results/apache_dubbo_dubbo-3.3.3_dubbo-3.3.6/e2e_trial/_codex_gpt-5.3-codex_run_002/evaluation/M018/evaluation_result_filtered.json,0.0,1.0,0.11290322580645161,0.2028985507246377
e2e,apache_dubbo_dubbo-3.3.3_dubbo-3.3.6,M019,_codex_gpt-5.3-codex_run_002,SWE-Milestone-log-results/apache_dubbo_dubbo-3.3.3_dubbo-3.3.6/e2e_trial/_codex_gpt-5.3-codex_run_002/evaluation/M019/evaluation_result_filtered.json,0.0,1.0,0.08433734939759036,0.15555555555555556
e2e,apache_dubbo_dubbo-3.3.3_dubbo-3.3.6,M025,_codex_gpt-5.3-codex_run_002,SWE-Milestone-log-results/apache_dubbo_dubbo-3.3.3_dubbo-3.3.6/e2e_trial/_codex_gpt-5.3-codex_run_002/evaluation/M025/evaluation_result_filtered.json,0.0,1.0,0.0125,0.02469135802469136
e2e,apache_dubbo_dubbo-3.3.3_dubbo-3.3.6,M001.1,_codex_gpt-5.4_run_002,SWE-Milestone-log-results/apache_dubbo_dubbo-3.3.3_dubbo-3.3.6/e2e_trial/_codex_gpt-5.4_run_002/evaluation/M001.1/evaluation_result_filtered.json,0.0,0.0,0.012987012987012988,0.0
e2e,apache_dubbo_dubbo-3.3.3_dubbo-3.3.6,M001.2,_codex_gpt-5.4_run_002,SWE-Milestone-log-results/apache_dubbo_dubbo-3.3.3_dubbo-3.3.6/e2e_trial/_codex_gpt-5.4_run_002/evaluation/M001.2/evaluation_result_filtered.json,0.0,0.0,0.017857142857142856,0.0
e2e,apache_dubbo_dubbo-3.3.3_dubbo-3.3.6,M003.1,_codex_gpt-5.4_run_002,SWE-Milestone-log-results/apache_dubbo_dubbo-3.3.3_dubbo-3.3.6/e2e_trial/_codex_gpt-5.4_run_002/evaluation/M003.1/evaluation_result_filtered.json,1.0,1.0,1.0,1.0
e2e,apache_dubbo_dubbo-3.3.3_dubbo-3.3.6,M003.2,_codex_gpt-5.4_run_002,SWE-Milestone-log-results/apache_dubbo_dubbo-3.3.3_dubbo-3.3.6/e2e_trial/_codex_gpt-5.4_run_002/evaluation/M003.2/evaluation_result_filtered.json,1.0,1.0,1.0,1.0
e2e,apache_dubbo_dubbo-3.3.3_dubbo-3.3.6,M003.3,_codex_gpt-5.4_run_002,SWE-Milestone-log-results/apache_dubbo_dubbo-3.3.3_dubbo-3.3.6/e2e_trial/_codex_gpt-5.4_run_002/evaluation/M003.3/evaluation_result_filtered.json,0.0,0.0,0.024390243902439025,0.0
e2e,apache_dubbo_dubbo-3.3.3_dubbo-3.3.6,M004,_codex_gpt-5.4_run_002,SWE-Milestone-log-results/apache_dubbo_dubbo-3.3.3_dubbo-3.3.6/e2e_trial/_codex_gpt-5.4_run_002/evaluation/M004/evaluation_result_filtered.json,0.0,0.0,0.0004911591355599214,0.0
e2e,apache_dubbo_dubbo-3.3.3_dubbo-3.3.6,M006,_codex_gpt-5.4_run_002,SWE-Milestone-log-results/apache_dubbo_dubbo-3.3.3_dubbo-3.3.6/e2e_trial/_codex_gpt-5.4_run_002/evaluation/M006/evaluation_result_filtered.json,1.0,1.0,1.0,1.0
e2e,apache_dubbo_dubbo-3.3.3_dubbo-3.3.6,M011,_codex_gpt-5.4_run_002,SWE-Milestone-log-results/apache_dubbo_dubbo-3.3.3_dubbo-3.3.6/e2e_trial/_codex_gpt-5.4_run_002/evaluation/M011/evaluation_result_filtered.json,0.0,1.0,0.06818181818181818,0.1276595744680851
e2e,apache_dubbo_dubbo-3.3.3_dubbo-3.3.6,M016.1,_codex_gpt-5.4_run_002,SWE-Milestone-log-results/apache_dubbo_dubbo-3.3.3_dubbo-3.3.6/e2e_trial/_codex_gpt-5.4_run_002/evaluation/M016.1/evaluation_result_filtered.json,0.0,1.0,0.07692307692307693,0.14285714285714288
e2e,apache_dubbo_dubbo-3.3.3_dubbo-3.3.6,M017,_codex_gpt-5.4_run_002,SWE-Milestone-log-results/apache_dubbo_dubbo-3.3.3_dubbo-3.3.6/e2e_trial/_codex_gpt-5.4_run_002/evaluation/M017/evaluation_result_filtered.json,1.0,1.0,1.0,1.0
e2e,apache_dubbo_dubbo-3.3.3_dubbo-3.3.6,M018,_codex_gpt-5.4_run_002,SWE-Milestone-log-results/apache_dubbo_dubbo-3.3.3_dubbo-3.3.6/e2e_trial/_codex_gpt-5.4_run_002/evaluation/M018/evaluation_result_filtered.json,0.0,1.0,0.11475409836065574,0.2058823529411765
e2e,apache_dubbo_dubbo-3.3.3_dubbo-3.3.6,M019,_codex_gpt-5.4_run_002,SWE-Milestone-log-results/apache_dubbo_dubbo-3.3.3_dubbo-3.3.6/e2e_trial/_codex_gpt-5.4_run_002/evaluation/M019/evaluation_result_filtered.json,0.0,1.0,0.08536585365853659,0.15730337078651685
e2e,apache_dubbo_dubbo-3.3.3_dubbo-3.3.6,M025,_codex_gpt-5.4_run_002,SWE-Milestone-log-results/apache_dubbo_dubbo-3.3.3_dubbo-3.3.6/e2e_trial/_codex_gpt-5.4_run_002/evaluation/M025/evaluation_result_filtered.json,0.0,1.0,0.012658227848101266,0.024999999999999998
e2e,apache_dubbo_dubbo-3.3.3_dubbo-3.3.6,M001.1,_codex_gpt-5.5_run_002,SWE-Milestone-log-results/apache_dubbo_dubbo-3.3.3_dubbo-3.3.6/e2e_trial/_codex_gpt-5.5_run_002/evaluation/M001.1/evaluation_result_filtered.json,0.0,0.0,0.012987012987012988,0.0
e2e,apache_dubbo_dubbo-3.3.3_dubbo-3.3.6,M001.2,_codex_gpt-5.5_run_002,SWE-Milestone-log-results/apache_dubbo_dubbo-3.3.3_dubbo-3.3.6/e2e_trial/_codex_gpt-5.5_run_002/evaluation/M001.2/evaluation_result_filtered.json,0.0,0.0,0.017857142857142856,0.0
e2e,apache_dubbo_dubbo-3.3.3_dubbo-3.3.6,M003.1,_codex_gpt-5.5_run_002,SWE-Milestone-log-results/apache_dubbo_dubbo-3.3.3_dubbo-3.3.6/e2e_trial/_codex_gpt-5.5_run_002/evaluation/M003.1/evaluation_result_filtered.json,1.0,1.0,1.0,1.0
e2e,apache_dubbo_dubbo-3.3.3_dubbo-3.3.6,M003.2,_codex_gpt-5.5_run_002,SWE-Milestone-log-results/apache_dubbo_dubbo-3.3.3_dubbo-3.3.6/e2e_trial/_codex_gpt-5.5_run_002/evaluation/M003.2/evaluation_result_filtered.json,1.0,1.0,1.0,1.0
e2e,apache_dubbo_dubbo-3.3.3_dubbo-3.3.6,M003.3,_codex_gpt-5.5_run_002,SWE-Milestone-log-results/apache_dubbo_dubbo-3.3.3_dubbo-3.3.6/e2e_trial/_codex_gpt-5.5_run_002/evaluation/M003.3/evaluation_result_filtered.json,0.0,0.0,0.024390243902439025,0.0
e2e,apache_dubbo_dubbo-3.3.3_dubbo-3.3.6,M004,_codex_gpt-5.5_run_002,SWE-Milestone-log-results/apache_dubbo_dubbo-3.3.3_dubbo-3.3.6/e2e_trial/_codex_gpt-5.5_run_002/evaluation/M004/evaluation_result_filtered.json,0.0,0.0,0.0004911591355599214,0.0
e2e,apache_dubbo_dubbo-3.3.3_dubbo-3.3.6,M006,_codex_gpt-5.5_run_002,SWE-Milestone-log-results/apache_dubbo_dubbo-3.3.3_dubbo-3.3.6/e2e_trial/_codex_gpt-5.5_run_002/evaluation/M006/evaluation_result_filtered.json,0.0,1.0,0.03529411764705882,0.06818181818181818
e2e,apache_dubbo_dubbo-3.3.3_dubbo-3.3.6,M011,_codex_gpt-5.5_run_002,SWE-Milestone-log-results/apache_dubbo_dubbo-3.3.3_dubbo-3.3.6/e2e_trial/_codex_gpt-5.5_run_002/evaluation/M011/evaluation_result_filtered.json,0.0,1.0,0.06818181818181818,0.1276595744680851
e2e,apache_dubbo_dubbo-3.3.3_dubbo-3.3.6,M016.1,_codex_gpt-5.5_run_002,SWE-Milestone-log-results/apache_dubbo_dubbo-3.3.3_dubbo-3.3.6/e2e_trial/_codex_gpt-5.5_run_002/evaluation/M016.1/evaluation_result_filtered.json,0.0,1.0,0.07608695652173914,0.1414141414141414
e2e,apache_dubbo_dubbo-3.3.3_dubbo-3.3.6,M017,_codex_gpt-5.5_run_002,SWE-Milestone-log-results/apache_dubbo_dubbo-3.3.3_dubbo-3.3.6/e2e_trial/_codex_gpt-5.5_run_002/evaluation/M017/evaluation_result_filtered.json,0.0,1.0,0.6666666666666666,0.8
e2e,apache_dubbo_dubbo-3.3.3_dubbo-3.3.6,M018,_codex_gpt-5.5_run_002,SWE-Milestone-log-results/apache_dubbo_dubbo-3.3.3_dubbo-3.3.6/e2e_trial/_codex_gpt-5.5_run_002/evaluation/M018/evaluation_result_filtered.json,0.0,1.0,0.11290322580645161,0.2028985507246377
e2e,apache_dubbo_dubbo-3.3.3_dubbo-3.3.6,M019,_codex_gpt-5.5_run_002,SWE-Milestone-log-results/apache_dubbo_dubbo-3.3.3_dubbo-3.3.6/e2e_trial/_codex_gpt-5.5_run_002/evaluation/M019/evaluation_result_filtered.json,0.0,1.0,0.08433734939759036,0.15555555555555556
e2e,apache_dubbo_dubbo-3.3.3_dubbo-3.3.6,M025,_codex_gpt-5.5_run_002,SWE-Milestone-log-results/apache_dubbo_dubbo-3.3.3_dubbo-3.3.6/e2e_trial/_codex_gpt-5.5_run_002/evaluation/M025/evaluation_result_filtered.json,0.0,1.0,0.0125,0.02469135802469136
e2e,apache_dubbo_dubbo-3.3.3_dubbo-3.3.6,M001.1,_gemini-cli_gemini-3-flash_run_002,SWE-Milestone-log-results/apache_dubbo_dubbo-3.3.3_dubbo-3.3.6/e2e_trial/_gemini-cli_gemini-3-flash_run_002/evaluation/M001.1/evaluation_result_filtered.json,0.0,0.0,0.058823529411764705,0.0
e2e,apache_dubbo_dubbo-3.3.3_dubbo-3.3.6,M001.2,_gemini-cli_gemini-3-flash_run_002,SWE-Milestone-log-results/apache_dubbo_dubbo-3.3.3_dubbo-3.3.6/e2e_trial/_gemini-cli_gemini-3-flash_run_002/evaluation/M001.2/evaluation_result_filtered.json,0.0,0.0,0.014084507042253521,0.0
e2e,apache_dubbo_dubbo-3.3.3_dubbo-3.3.6,M003.1,_gemini-cli_gemini-3-flash_run_002,SWE-Milestone-log-results/apache_dubbo_dubbo-3.3.3_dubbo-3.3.6/e2e_trial/_gemini-cli_gemini-3-flash_run_002/evaluation/M003.1/evaluation_result_filtered.json,1.0,1.0,1.0,1.0
e2e,apache_dubbo_dubbo-3.3.3_dubbo-3.3.6,M003.2,_gemini-cli_gemini-3-flash_run_002,SWE-Milestone-log-results/apache_dubbo_dubbo-3.3.3_dubbo-3.3.6/e2e_trial/_gemini-cli_gemini-3-flash_run_002/evaluation/M003.2/evaluation_result_filtered.json,0.0,1.0,0.07142857142857142,0.13333333333333333
e2e,apache_dubbo_dubbo-3.3.3_dubbo-3.3.6,M003.3,_gemini-cli_gemini-3-flash_run_002,SWE-Milestone-log-results/apache_dubbo_dubbo-3.3.3_dubbo-3.3.6/e2e_trial/_gemini-cli_gemini-3-flash_run_002/evaluation/M003.3/evaluation_result_filtered.json,0.0,0.0,0.01818181818181818,0.0
e2e,apache_dubbo_dubbo-3.3.3_dubbo-3.3.6,M004,_gemini-cli_gemini-3-flash_run_002,SWE-Milestone-log-results/apache_dubbo_dubbo-3.3.3_dubbo-3.3.6/e2e_trial/_gemini-cli_gemini-3-flash_run_002/evaluation/M004/evaluation_result_filtered.json,0.0,0.0,0.0004911591355599214,0.0
e2e,apache_dubbo_dubbo-3.3.3_dubbo-3.3.6,M006,_gemini-cli_gemini-3-flash_run_002,SWE-Milestone-log-results/apache_dubbo_dubbo-3.3.3_dubbo-3.3.6/e2e_trial/_gemini-cli_gemini-3-flash_run_002/evaluation/M006/evaluation_result_filtered.json,0.0,1.0,0.03529411764705882,0.06818181818181818
e2e,apache_dubbo_dubbo-3.3.3_dubbo-3.3.6,M011,_gemini-cli_gemini-3-flash_run_002,SWE-Milestone-log-results/apache_dubbo_dubbo-3.3.3_dubbo-3.3.6/e2e_trial/_gemini-cli_gemini-3-flash_run_002/evaluation/M011/evaluation_result_filtered.json,0.0,1.0,0.06818181818181818,0.1276595744680851
e2e,apache_dubbo_dubbo-3.3.3_dubbo-3.3.6,M016.1,_gemini-cli_gemini-3-flash_run_002,SWE-Milestone-log-results/apache_dubbo_dubbo-3.3.3_dubbo-3.3.6/e2e_trial/_gemini-cli_gemini-3-flash_run_002/evaluation/M016.1/evaluation_result_filtered.json,0.0,0.0,0.0004897159647404506,0.0
e2e,apache_dubbo_dubbo-3.3.3_dubbo-3.3.6,M017,_gemini-cli_gemini-3-flash_run_002,SWE-Milestone-log-results/apache_dubbo_dubbo-3.3.3_dubbo-3.3.6/e2e_trial/_gemini-cli_gemini-3-flash_run_002/evaluation/M017/evaluation_result_filtered.json,0.0,1.0,0.2222222222222222,0.3636363636363636
e2e,apache_dubbo_dubbo-3.3.3_dubbo-3.3.6,M018,_gemini-cli_gemini-3-flash_run_002,SWE-Milestone-log-results/apache_dubbo_dubbo-3.3.3_dubbo-3.3.6/e2e_trial/_gemini-cli_gemini-3-flash_run_002/evaluation/M018/evaluation_result_filtered.json,0.0,0.0,0.00026624068157614486,0.0
e2e,apache_dubbo_dubbo-3.3.3_dubbo-3.3.6,M019,_gemini-cli_gemini-3-flash_run_002,SWE-Milestone-log-results/apache_dubbo_dubbo-3.3.3_dubbo-3.3.6/e2e_trial/_gemini-cli_gemini-3-flash_run_002/evaluation/M019/evaluation_result_filtered.json,0.0,0.0,0.00026469031233456857,0.0
e2e,apache_dubbo_dubbo-3.3.3_dubbo-3.3.6,M025,_gemini-cli_gemini-3-flash_run_002,SWE-Milestone-log-results/apache_dubbo_dubbo-3.3.3_dubbo-3.3.6/e2e_trial/_gemini-cli_gemini-3-flash_run_002/evaluation/M025/evaluation_result_filtered.json,0.0,1.0,0.0002642007926023778,0.0005282620179609086
e2e,apache_dubbo_dubbo-3.3.3_dubbo-3.3.6,M001.1,_gemini-cli_gemini-3-pro_run_002,SWE-Milestone-log-results/apache_dubbo_dubbo-3.3.3_dubbo-3.3.6/e2e_trial/_gemini-cli_gemini-3-pro_run_002/evaluation/M001.1/evaluation_result_filtered.json,0.0,0.0,0.01098901098901099,0.0
e2e,apache_dubbo_dubbo-3.3.3_dubbo-3.3.6,M001.2,_gemini-cli_gemini-3-pro_run_002,SWE-Milestone-log-results/apache_dubbo_dubbo-3.3.3_dubbo-3.3.6/e2e_trial/_gemini-cli_gemini-3-pro_run_002/evaluation/M001.2/evaluation_result_filtered.json,0.0,0.0,0.00909090909090909,0.0
e2e,apache_dubbo_dubbo-3.3.3_dubbo-3.3.6,M003.1,_gemini-cli_gemini-3-pro_run_002,SWE-Milestone-log-results/apache_dubbo_dubbo-3.3.3_dubbo-3.3.6/e2e_trial/_gemini-cli_gemini-3-pro_run_002/evaluation/M003.1/evaluation_result_filtered.json,1.0,1.0,1.0,1.0
e2e,apache_dubbo_dubbo-3.3.3_dubbo-3.3.6,M003.2,_gemini-cli_gemini-3-pro_run_002,SWE-Milestone-log-results/apache_dubbo_dubbo-3.3.3_dubbo-3.3.6/e2e_trial/_gemini-cli_gemini-3-pro_run_002/evaluation/M003.2/evaluation_result_filtered.json,1.0,1.0,1.0,1.0
e2e,apache_dubbo_dubbo-3.3.3_dubbo-3.3.6,M003.3,_gemini-cli_gemini-3-pro_run_002,SWE-Milestone-log-results/apache_dubbo_dubbo-3.3.3_dubbo-3.3.6/e2e_trial/_gemini-cli_gemini-3-pro_run_002/evaluation/M003.3/evaluation_result_filtered.json,0.0,0.0,0.023255813953488372,0.0
e2e,apache_dubbo_dubbo-3.3.3_dubbo-3.3.6,M004,_gemini-cli_gemini-3-pro_run_002,SWE-Milestone-log-results/apache_dubbo_dubbo-3.3.3_dubbo-3.3.6/e2e_trial/_gemini-cli_gemini-3-pro_run_002/evaluation/M004/evaluation_result_filtered.json,0.0,0.0,0.0004897159647404506,0.0
e2e,apache_dubbo_dubbo-3.3.3_dubbo-3.3.6,M006,_gemini-cli_gemini-3-pro_run_002,SWE-Milestone-log-results/apache_dubbo_dubbo-3.3.3_dubbo-3.3.6/e2e_trial/_gemini-cli_gemini-3-pro_run_002/evaluation/M006/evaluation_result_filtered.json,0.0,1.0,0.021897810218978103,0.04285714285714286
e2e,apache_dubbo_dubbo-3.3.3_dubbo-3.3.6,M011,_gemini-cli_gemini-3-pro_run_002,SWE-Milestone-log-results/apache_dubbo_dubbo-3.3.3_dubbo-3.3.6/e2e_trial/_gemini-cli_gemini-3-pro_run_002/evaluation/M011/evaluation_result_filtered.json,0.0,1.0,0.04285714285714286,0.0821917808219178
e2e,apache_dubbo_dubbo-3.3.3_dubbo-3.3.6,M016.1,_gemini-cli_gemini-3-pro_run_002,SWE-Milestone-log-results/apache_dubbo_dubbo-3.3.3_dubbo-3.3.6/e2e_trial/_gemini-cli_gemini-3-pro_run_002/evaluation/M016.1/evaluation_result_filtered.json,0.0,1.0,0.04929577464788732,0.09395973154362416
e2e,apache_dubbo_dubbo-3.3.3_dubbo-3.3.6,M017,_gemini-cli_gemini-3-pro_run_002,SWE-Milestone-log-results/apache_dubbo_dubbo-3.3.3_dubbo-3.3.6/e2e_trial/_gemini-cli_gemini-3-pro_run_002/evaluation/M017/evaluation_result_filtered.json,0.0,0.0,0.02631578947368421,0.0
e2e,apache_dubbo_dubbo-3.3.3_dubbo-3.3.6,M018,_gemini-cli_gemini-3-pro_run_002,SWE-Milestone-log-results/apache_dubbo_dubbo-3.3.3_dubbo-3.3.6/e2e_trial/_gemini-cli_gemini-3-pro_run_002/evaluation/M018/evaluation_result_filtered.json,0.0,0.0,0.0002658160552897395,0.0
e2e,apache_dubbo_dubbo-3.3.3_dubbo-3.3.6,M019,_gemini-cli_gemini-3-pro_run_002,SWE-Milestone-log-results/apache_dubbo_dubbo-3.3.3_dubbo-3.3.6/e2e_trial/_gemini-cli_gemini-3-pro_run_002/evaluation/M019/evaluation_result_filtered.json,0.0,0.0,0.00026350461133069827,0.0
e2e,apache_dubbo_dubbo-3.3.3_dubbo-3.3.6,M025,_gemini-cli_gemini-3-pro_run_002,SWE-Milestone-log-results/apache_dubbo_dubbo-3.3.3_dubbo-3.3.6/e2e_trial/_gemini-cli_gemini-3-pro_run_002/evaluation/M025/evaluation_result_filtered.json,0.0,1.0,0.00026322716504343247,0.0005263157894736842
e2e,apache_dubbo_dubbo-3.3.3_dubbo-3.3.6,M001.1,_gemini-cli_gemini-3.1-pro_run_002,SWE-Milestone-log-results/apache_dubbo_dubbo-3.3.3_dubbo-3.3.6/e2e_trial/_gemini-cli_gemini-3.1-pro_run_002/evaluation/M001.1/evaluation_result_filtered.json,0.0,0.5,0.5,0.5
e2e,apache_dubbo_dubbo-3.3.3_dubbo-3.3.6,M001.2,_gemini-cli_gemini-3.1-pro_run_002,SWE-Milestone-log-results/apache_dubbo_dubbo-3.3.3_dubbo-3.3.6/e2e_trial/_gemini-cli_gemini-3.1-pro_run_002/evaluation/M001.2/evaluation_result_filtered.json,0.0,0.0,0.017241379310344827,0.0
e2e,apache_dubbo_dubbo-3.3.3_dubbo-3.3.6,M003.1,_gemini-cli_gemini-3.1-pro_run_002,SWE-Milestone-log-results/apache_dubbo_dubbo-3.3.3_dubbo-3.3.6/e2e_trial/_gemini-cli_gemini-3.1-pro_run_002/evaluation/M003.1/evaluation_result_filtered.json,1.0,1.0,1.0,1.0
e2e,apache_dubbo_dubbo-3.3.3_dubbo-3.3.6,M003.2,_gemini-cli_gemini-3.1-pro_run_002,SWE-Milestone-log-results/apache_dubbo_dubbo-3.3.3_dubbo-3.3.6/e2e_trial/_gemini-cli_gemini-3.1-pro_run_002/evaluation/M003.2/evaluation_result_filtered.json,1.0,1.0,1.0,1.0
e2e,apache_dubbo_dubbo-3.3.3_dubbo-3.3.6,M003.3,_gemini-cli_gemini-3.1-pro_run_002,SWE-Milestone-log-results/apache_dubbo_dubbo-3.3.3_dubbo-3.3.6/e2e_trial/_gemini-cli_gemini-3.1-pro_run_002/evaluation/M003.3/evaluation_result_filtered.json,0.0,0.0,0.010101010101010102,0.0
e2e,apache_dubbo_dubbo-3.3.3_dubbo-3.3.6,M004,_gemini-cli_gemini-3.1-pro_run_002,SWE-Milestone-log-results/apache_dubbo_dubbo-3.3.3_dubbo-3.3.6/e2e_trial/_gemini-cli_gemini-3.1-pro_run_002/evaluation/M004/evaluation_result_filtered.json,0.0,0.0,0.00040966816878328555,0.0
e2e,apache_dubbo_dubbo-3.3.3_dubbo-3.3.6,M006,_gemini-cli_gemini-3.1-pro_run_002,SWE-Milestone-log-results/apache_dubbo_dubbo-3.3.3_dubbo-3.3.6/e2e_trial/_gemini-cli_gemini-3.1-pro_run_002/evaluation/M006/evaluation_result_filtered.json,1.0,1.0,1.0,1.0
e2e,apache_dubbo_dubbo-3.3.3_dubbo-3.3.6,M011,_gemini-cli_gemini-3.1-pro_run_002,SWE-Milestone-log-results/apache_dubbo_dubbo-3.3.3_dubbo-3.3.6/e2e_trial/_gemini-cli_gemini-3.1-pro_run_002/evaluation/M011/evaluation_result_filtered.json,0.0,1.0,0.06741573033707865,0.12631578947368421
e2e,apache_dubbo_dubbo-3.3.3_dubbo-3.3.6,M016.1,_gemini-cli_gemini-3.1-pro_run_002,SWE-Milestone-log-results/apache_dubbo_dubbo-3.3.3_dubbo-3.3.6/e2e_trial/_gemini-cli_gemini-3.1-pro_run_002/evaluation/M016.1/evaluation_result_filtered.json,0.0,1.0,0.07608695652173914,0.1414141414141414
e2e,apache_dubbo_dubbo-3.3.3_dubbo-3.3.6,M017,_gemini-cli_gemini-3.1-pro_run_002,SWE-Milestone-log-results/apache_dubbo_dubbo-3.3.3_dubbo-3.3.6/e2e_trial/_gemini-cli_gemini-3.1-pro_run_002/evaluation/M017/evaluation_result_filtered.json,0.0,0.0,0.0016835016835016834,0.0
e2e,apache_dubbo_dubbo-3.3.3_dubbo-3.3.6,M018,_gemini-cli_gemini-3.1-pro_run_002,SWE-Milestone-log-results/apache_dubbo_dubbo-3.3.3_dubbo-3.3.6/e2e_trial/_gemini-cli_gemini-3.1-pro_run_002/evaluation/M018/evaluation_result_filtered.json,0.0,0.0,0.0004965243296921549,0.0
e2e,apache_dubbo_dubbo-3.3.3_dubbo-3.3.6,M019,_gemini-cli_gemini-3.1-pro_run_002,SWE-Milestone-log-results/apache_dubbo_dubbo-3.3.3_dubbo-3.3.6/e2e_trial/_gemini-cli_gemini-3.1-pro_run_002/evaluation/M019/evaluation_result_filtered.json,0.0,0.0,0.0004911591355599214,0.0
e2e,apache_dubbo_dubbo-3.3.3_dubbo-3.3.6,M025,_gemini-cli_gemini-3.1-pro_run_002,SWE-Milestone-log-results/apache_dubbo_dubbo-3.3.3_dubbo-3.3.6/e2e_trial/_gemini-cli_gemini-3.1-pro_run_002/evaluation/M025/evaluation_result_filtered.json,0.0,1.0,0.0004901960784313725,0.0009799118079372856
e2e,apache_dubbo_dubbo-3.3.3_dubbo-3.3.6,M001.1,_openhands_gemini-3-flash_run_002,SWE-Milestone-log-results/apache_dubbo_dubbo-3.3.3_dubbo-3.3.6/e2e_trial/_openhands_gemini-3-flash_run_002/evaluation/M001.1/evaluation_result_filtered.json,0.0,0.0,0.2,0.0
e2e,apache_dubbo_dubbo-3.3.3_dubbo-3.3.6,M001.2,_openhands_gemini-3-flash_run_002,SWE-Milestone-log-results/apache_dubbo_dubbo-3.3.3_dubbo-3.3.6/e2e_trial/_openhands_gemini-3-flash_run_002/evaluation/M001.2/evaluation_result.json,0.0,0.15789473684210525,0.09859154929577464,0.12138728323699423
e2e,apache_dubbo_dubbo-3.3.3_dubbo-3.3.6,M003.1,_openhands_gemini-3-flash_run_002,SWE-Milestone-log-results/apache_dubbo_dubbo-3.3.3_dubbo-3.3.6/e2e_trial/_openhands_gemini-3-flash_run_002/evaluation/M003.1/evaluation_result_filtered.json,1.0,1.0,1.0,1.0
e2e,apache_dubbo_dubbo-3.3.3_dubbo-3.3.6,M003.2,_openhands_gemini-3-flash_run_002,SWE-Milestone-log-results/apache_dubbo_dubbo-3.3.3_dubbo-3.3.6/e2e_trial/_openhands_gemini-3-flash_run_002/evaluation/M003.2/evaluation_result_filtered.json,0.0,1.0,0.038461538461538464,0.07407407407407407
e2e,apache_dubbo_dubbo-3.3.3_dubbo-3.3.6,M003.3,_openhands_gemini-3-flash_run_002,SWE-Milestone-log-results/apache_dubbo_dubbo-3.3.3_dubbo-3.3.6/e2e_trial/_openhands_gemini-3-flash_run_002/evaluation/M003.3/evaluation_result_filtered.json,0.0,0.0,0.023809523809523808,0.0
e2e,apache_dubbo_dubbo-3.3.3_dubbo-3.3.6,M004,_openhands_gemini-3-flash_run_002,SWE-Milestone-log-results/apache_dubbo_dubbo-3.3.3_dubbo-3.3.6/e2e_trial/_openhands_gemini-3-flash_run_002/evaluation/M004/evaluation_result_filtered.json,0.0,0.0,0.00040966816878328555,0.0
e2e,apache_dubbo_dubbo-3.3.3_dubbo-3.3.6,M006,_openhands_gemini-3-flash_run_002,SWE-Milestone-log-results/apache_dubbo_dubbo-3.3.3_dubbo-3.3.6/e2e_trial/_openhands_gemini-3-flash_run_002/evaluation/M006/evaluation_result_filtered.json,0.0,1.0,0.75,0.8571428571428571
e2e,apache_dubbo_dubbo-3.3.3_dubbo-3.3.6,M011,_openhands_gemini-3-flash_run_002,SWE-Milestone-log-results/apache_dubbo_dubbo-3.3.3_dubbo-3.3.6/e2e_trial/_openhands_gemini-3-flash_run_002/evaluation/M011/evaluation_result_filtered.json,0.0,1.0,0.8571428571428571,0.923076923076923
e2e,apache_dubbo_dubbo-3.3.3_dubbo-3.3.6,M016.1,_openhands_gemini-3-flash_run_002,SWE-Milestone-log-results/apache_dubbo_dubbo-3.3.3_dubbo-3.3.6/e2e_trial/_openhands_gemini-3-flash_run_002/evaluation/M016.1/evaluation_result_filtered.json,0.0,1.0,0.875,0.9333333333333333
e2e,apache_dubbo_dubbo-3.3.3_dubbo-3.3.6,M017,_openhands_gemini-3-flash_run_002,SWE-Milestone-log-results/apache_dubbo_dubbo-3.3.3_dubbo-3.3.6/e2e_trial/_openhands_gemini-3-flash_run_002/evaluation/M017/evaluation_result_filtered.json,0.0,0.0,0.3333333333333333,0.0
e2e,apache_dubbo_dubbo-3.3.3_dubbo-3.3.6,M018,_openhands_gemini-3-flash_run_002,SWE-Milestone-log-results/apache_dubbo_dubbo-3.3.3_dubbo-3.3.6/e2e_trial/_openhands_gemini-3-flash_run_002/evaluation/M018/evaluation_result_filtered.json,0.0,1.0,0.7777777777777778,0.8750000000000001
e2e,apache_dubbo_dubbo-3.3.3_dubbo-3.3.6,M025,_openhands_gemini-3-flash_run_002,SWE-Milestone-log-results/apache_dubbo_dubbo-3.3.3_dubbo-3.3.6/e2e_trial/_openhands_gemini-3-flash_run_002/evaluation/M025/evaluation_result_filtered.json,0.0,1.0,0.3333333333333333,0.5
e2e,apache_dubbo_dubbo-3.3.3_dubbo-3.3.6,M001.1,_openhands_glm-5_run_002,SWE-Milestone-log-results/apache_dubbo_dubbo-3.3.3_dubbo-3.3.6/e2e_trial/_openhands_glm-5_run_002/evaluation/M001.1/evaluation_result_filtered.json,0.0,0.0,0.00014492753623188405,0.0
e2e,apache_dubbo_dubbo-3.3.3_dubbo-3.3.6,M001.2,_openhands_glm-5_run_002,SWE-Milestone-log-results/apache_dubbo_dubbo-3.3.3_dubbo-3.3.6/e2e_trial/_openhands_glm-5_run_002/evaluation/M001.2/evaluation_result_filtered.json,0.0,0.0,0.00014524328249818446,0.0
e2e,apache_dubbo_dubbo-3.3.3_dubbo-3.3.6,M003.1,_openhands_glm-5_run_002,SWE-Milestone-log-results/apache_dubbo_dubbo-3.3.3_dubbo-3.3.6/e2e_trial/_openhands_glm-5_run_002/evaluation/M003.1/evaluation_result_filtered.json,0.0,0.0,1.0,0.0
e2e,apache_dubbo_dubbo-3.3.3_dubbo-3.3.6,M003.2,_openhands_glm-5_run_002,SWE-Milestone-log-results/apache_dubbo_dubbo-3.3.3_dubbo-3.3.6/e2e_trial/_openhands_glm-5_run_002/evaluation/M003.2/evaluation_result_filtered.json,0.0,1.0,0.00014461315979754158,0.00028918449971081553
e2e,apache_dubbo_dubbo-3.3.3_dubbo-3.3.6,M003.3,_openhands_glm-5_run_002,SWE-Milestone-log-results/apache_dubbo_dubbo-3.3.3_dubbo-3.3.6/e2e_trial/_openhands_glm-5_run_002/evaluation/M003.3/evaluation_result_filtered.json,0.0,0.0,0.024390243902439025,0.0
e2e,apache_dubbo_dubbo-3.3.3_dubbo-3.3.6,M004,_openhands_glm-5_run_002,SWE-Milestone-log-results/apache_dubbo_dubbo-3.3.3_dubbo-3.3.6/e2e_trial/_openhands_glm-5_run_002/evaluation/M004/evaluation_result_filtered.json,0.0,0.0,0.0004911591355599214,0.0
e2e,apache_dubbo_dubbo-3.3.3_dubbo-3.3.6,M006,_openhands_glm-5_run_002,SWE-Milestone-log-results/apache_dubbo_dubbo-3.3.3_dubbo-3.3.6/e2e_trial/_openhands_glm-5_run_002/evaluation/M006/evaluation_result_filtered.json,0.0,0.0,0.00014473874656245476,0.0
e2e,apache_dubbo_dubbo-3.3.3_dubbo-3.3.6,M011,_openhands_glm-5_run_002,SWE-Milestone-log-results/apache_dubbo_dubbo-3.3.3_dubbo-3.3.6/e2e_trial/_openhands_glm-5_run_002/evaluation/M011/evaluation_result_filtered.json,0.0,0.0,0.00014455044810638914,0.0
e2e,apache_dubbo_dubbo-3.3.3_dubbo-3.3.6,M016.1,_openhands_glm-5_run_002,SWE-Milestone-log-results/apache_dubbo_dubbo-3.3.3_dubbo-3.3.6/e2e_trial/_openhands_glm-5_run_002/evaluation/M016.1/evaluation_result_filtered.json,0.0,1.0,0.875,0.9333333333333333
e2e,apache_dubbo_dubbo-3.3.3_dubbo-3.3.6,M017,_openhands_glm-5_run_002,SWE-Milestone-log-results/apache_dubbo_dubbo-3.3.3_dubbo-3.3.6/e2e_trial/_openhands_glm-5_run_002/evaluation/M017/evaluation_result_filtered.json,0.0,0.0,0.0001446968600781363,0.0
e2e,apache_dubbo_dubbo-3.3.3_dubbo-3.3.6,M018,_openhands_glm-5_run_002,SWE-Milestone-log-results/apache_dubbo_dubbo-3.3.3_dubbo-3.3.6/e2e_trial/_openhands_glm-5_run_002/evaluation/M018/evaluation_result_filtered.json,0.0,0.0,0.00014532771399505885,0.0
e2e,apache_dubbo_dubbo-3.3.3_dubbo-3.3.6,M003.1,_openhands_gpt-5.3-codex_run_002,SWE-Milestone-log-results/apache_dubbo_dubbo-3.3.3_dubbo-3.3.6/e2e_trial/_openhands_gpt-5.3-codex_run_002/evaluation/M003.1/evaluation_result_filtered.json,1.0,1.0,1.0,1.0
e2e,apache_dubbo_dubbo-3.3.3_dubbo-3.3.6,M003.2,_openhands_gpt-5.3-codex_run_002,SWE-Milestone-log-results/apache_dubbo_dubbo-3.3.3_dubbo-3.3.6/e2e_trial/_openhands_gpt-5.3-codex_run_002/evaluation/M003.2/evaluation_result_filtered.json,1.0,1.0,1.0,1.0
e2e,apache_dubbo_dubbo-3.3.3_dubbo-3.3.6,M003.3,_openhands_gpt-5.3-codex_run_002,SWE-Milestone-log-results/apache_dubbo_dubbo-3.3.3_dubbo-3.3.6/e2e_trial/_openhands_gpt-5.3-codex_run_002/evaluation/M003.3/evaluation_result_filtered.json,0.0,0.0,0.024390243902439025,0.0
e2e,apache_dubbo_dubbo-3.3.3_dubbo-3.3.6,M001.1,_openhands_kimi-k2.5_run_002,SWE-Milestone-log-results/apache_dubbo_dubbo-3.3.3_dubbo-3.3.6/e2e_trial/_openhands_kimi-k2.5_run_002/evaluation/M001.1/evaluation_result_filtered.json,0.0,0.0,0.010869565217391304,0.0
e2e,apache_dubbo_dubbo-3.3.3_dubbo-3.3.6,M001.2,_openhands_kimi-k2.5_run_002,SWE-Milestone-log-results/apache_dubbo_dubbo-3.3.3_dubbo-3.3.6/e2e_trial/_openhands_kimi-k2.5_run_002/evaluation/M001.2/evaluation_result_filtered.json,0.0,0.0,0.058823529411764705,0.0
e2e,apache_dubbo_dubbo-3.3.3_dubbo-3.3.6,M003.1,_openhands_kimi-k2.5_run_002,SWE-Milestone-log-results/apache_dubbo_dubbo-3.3.3_dubbo-3.3.6/e2e_trial/_openhands_kimi-k2.5_run_002/evaluation/M003.1/evaluation_result_filtered.json,1.0,1.0,1.0,1.0
e2e,apache_dubbo_dubbo-3.3.3_dubbo-3.3.6,M003.2,_openhands_kimi-k2.5_run_002,SWE-Milestone-log-results/apache_dubbo_dubbo-3.3.3_dubbo-3.3.6/e2e_trial/_openhands_kimi-k2.5_run_002/evaluation/M003.2/evaluation_result_filtered.json,0.0,1.0,0.07142857142857142,0.13333333333333333
e2e,apache_dubbo_dubbo-3.3.3_dubbo-3.3.6,M003.3,_openhands_kimi-k2.5_run_002,SWE-Milestone-log-results/apache_dubbo_dubbo-3.3.3_dubbo-3.3.6/e2e_trial/_openhands_kimi-k2.5_run_002/evaluation/M003.3/evaluation_result_filtered.json,0.0,0.8947368421052632,0.5806451612903226,0.7042577675489068
e2e,apache_dubbo_dubbo-3.3.3_dubbo-3.3.6,M004,_openhands_kimi-k2.5_run_002,SWE-Milestone-log-results/apache_dubbo_dubbo-3.3.3_dubbo-3.3.6/e2e_trial/_openhands_kimi-k2.5_run_002/evaluation/M004/evaluation_result_filtered.json,0.0,0.0,0.0004911591355599214,0.0
e2e,apache_dubbo_dubbo-3.3.3_dubbo-3.3.6,M006,_openhands_kimi-k2.5_run_002,SWE-Milestone-log-results/apache_dubbo_dubbo-3.3.3_dubbo-3.3.6/e2e_trial/_openhands_kimi-k2.5_run_002/evaluation/M006/evaluation_result.json,0.0,1.0,0.34615384615384615,0.5142857142857142
e2e,apache_dubbo_dubbo-3.3.3_dubbo-3.3.6,M011,_openhands_kimi-k2.5_run_002,SWE-Milestone-log-results/apache_dubbo_dubbo-3.3.3_dubbo-3.3.6/e2e_trial/_openhands_kimi-k2.5_run_002/evaluation/M011/evaluation_result_filtered.json,1.0,1.0,1.0,1.0
e2e,apache_dubbo_dubbo-3.3.3_dubbo-3.3.6,M016.1,_openhands_kimi-k2.5_run_002,SWE-Milestone-log-results/apache_dubbo_dubbo-3.3.3_dubbo-3.3.6/e2e_trial/_openhands_kimi-k2.5_run_002/evaluation/M016.1/evaluation_result.json,0.0,1.0,0.875,0.9333333333333333
e2e,apache_dubbo_dubbo-3.3.3_dubbo-3.3.6,M017,_openhands_kimi-k2.5_run_002,SWE-Milestone-log-results/apache_dubbo_dubbo-3.3.3_dubbo-3.3.6/e2e_trial/_openhands_kimi-k2.5_run_002/evaluation/M017/evaluation_result_filtered.json,0.0,0.0,0.5,0.0
e2e,apache_dubbo_dubbo-3.3.3_dubbo-3.3.6,M018,_openhands_kimi-k2.5_run_002,SWE-Milestone-log-results/apache_dubbo_dubbo-3.3.3_dubbo-3.3.6/e2e_trial/_openhands_kimi-k2.5_run_002/evaluation/M018/evaluation_result_filtered.json,0.0,1.0,0.7777777777777778,0.8750000000000001
e2e,apache_dubbo_dubbo-3.3.3_dubbo-3.3.6,M019,_openhands_kimi-k2.5_run_002,SWE-Milestone-log-results/apache_dubbo_dubbo-3.3.3_dubbo-3.3.6/e2e_trial/_openhands_kimi-k2.5_run_002/evaluation/M019/evaluation_result_filtered.json,0.0,1.0,0.0047879616963064295,0.009530292716133424
e2e,apache_dubbo_dubbo-3.3.3_dubbo-3.3.6,M001.1,_openhands_kimi-k2.6_run_002,SWE-Milestone-log-results/apache_dubbo_dubbo-3.3.3_dubbo-3.3.6/e2e_trial/_openhands_kimi-k2.6_run_002/evaluation/M001.1/evaluation_result_filtered.json,0.0,0.5,0.15789473684210525,0.23999999999999996
e2e,apache_dubbo_dubbo-3.3.3_dubbo-3.3.6,M001.2,_openhands_kimi-k2.6_run_002,SWE-Milestone-log-results/apache_dubbo_dubbo-3.3.3_dubbo-3.3.6/e2e_trial/_openhands_kimi-k2.6_run_002/evaluation/M001.2/evaluation_result_filtered.json,0.0,0.0,0.058823529411764705,0.0
e2e,apache_dubbo_dubbo-3.3.3_dubbo-3.3.6,M003.1,_openhands_kimi-k2.6_run_002,SWE-Milestone-log-results/apache_dubbo_dubbo-3.3.3_dubbo-3.3.6/e2e_trial/_openhands_kimi-k2.6_run_002/evaluation/M003.1/evaluation_result_filtered.json,0.0,1.0,0.13333333333333333,0.23529411764705882
e2e,apache_dubbo_dubbo-3.3.3_dubbo-3.3.6,M003.2,_openhands_kimi-k2.6_run_002,SWE-Milestone-log-results/apache_dubbo_dubbo-3.3.3_dubbo-3.3.6/e2e_trial/_openhands_kimi-k2.6_run_002/evaluation/M003.2/evaluation_result_filtered.json,0.0,1.0,0.00014461315979754158,0.00028918449971081553
e2e,apache_dubbo_dubbo-3.3.3_dubbo-3.3.6,M003.3,_openhands_kimi-k2.6_run_002,SWE-Milestone-log-results/apache_dubbo_dubbo-3.3.3_dubbo-3.3.6/e2e_trial/_openhands_kimi-k2.6_run_002/evaluation/M003.3/evaluation_result_filtered.json,0.0,0.0,0.018518518518518517,0.0
e2e,apache_dubbo_dubbo-3.3.3_dubbo-3.3.6,M004,_openhands_kimi-k2.6_run_002,SWE-Milestone-log-results/apache_dubbo_dubbo-3.3.3_dubbo-3.3.6/e2e_trial/_openhands_kimi-k2.6_run_002/evaluation/M004/evaluation_result_filtered.json,0.0,0.0,0.0004911591355599214,0.0
e2e,apache_dubbo_dubbo-3.3.3_dubbo-3.3.6,M006,_openhands_kimi-k2.6_run_002,SWE-Milestone-log-results/apache_dubbo_dubbo-3.3.3_dubbo-3.3.6/e2e_trial/_openhands_kimi-k2.6_run_002/evaluation/M006/evaluation_result_filtered.json,0.0,0.0,0.00014473874656245476,0.0
e2e,apache_dubbo_dubbo-3.3.3_dubbo-3.3.6,M011,_openhands_kimi-k2.6_run_002,SWE-Milestone-log-results/apache_dubbo_dubbo-3.3.3_dubbo-3.3.6/e2e_trial/_openhands_kimi-k2.6_run_002/evaluation/M011/evaluation_result_filtered.json,0.0,0.0,0.00014455044810638914,0.0
e2e,apache_dubbo_dubbo-3.3.3_dubbo-3.3.6,M016.1,_openhands_kimi-k2.6_run_002,SWE-Milestone-log-results/apache_dubbo_dubbo-3.3.3_dubbo-3.3.6/e2e_trial/_openhands_kimi-k2.6_run_002/evaluation/M016.1/evaluation_result_filtered.json,0.0,1.0,0.7777777777777778,0.8750000000000001
e2e,apache_dubbo_dubbo-3.3.3_dubbo-3.3.6,M018,_openhands_kimi-k2.6_run_002,SWE-Milestone-log-results/apache_dubbo_dubbo-3.3.3_dubbo-3.3.6/e2e_trial/_openhands_kimi-k2.6_run_002/evaluation/M018/evaluation_result_filtered.json,0.0,0.0,0.00014532771399505885,0.0
e2e,apache_dubbo_dubbo-3.3.3_dubbo-3.3.6,M019,_openhands_kimi-k2.6_run_002,SWE-Milestone-log-results/apache_dubbo_dubbo-3.3.3_dubbo-3.3.6/e2e_trial/_openhands_kimi-k2.6_run_002/evaluation/M019/evaluation_result_filtered.json,0.0,0.0,0.00014496955639315743,0.0
e2e,apache_dubbo_dubbo-3.3.3_dubbo-3.3.6,M025,_openhands_kimi-k2.6_run_002,SWE-Milestone-log-results/apache_dubbo_dubbo-3.3.3_dubbo-3.3.6/e2e_trial/_openhands_kimi-k2.6_run_002/evaluation/M025/evaluation_result_filtered.json,0.0,1.0,0.2,0.33333333333333337
e2e,apache_dubbo_dubbo-3.3.3_dubbo-3.3.6,M001.1,_openhands_minimax-m2.5_run_002,SWE-Milestone-log-results/apache_dubbo_dubbo-3.3.3_dubbo-3.3.6/e2e_trial/_openhands_minimax-m2.5_run_002/evaluation/M001.1/evaluation_result_filtered.json,0.0,0.25,0.1111111111111111,0.15384615384615383
e2e,apache_dubbo_dubbo-3.3.3_dubbo-3.3.6,M001.2,_openhands_minimax-m2.5_run_002,SWE-Milestone-log-results/apache_dubbo_dubbo-3.3.3_dubbo-3.3.6/e2e_trial/_openhands_minimax-m2.5_run_002/evaluation/M001.2/evaluation_result_filtered.json,0.0,0.0,0.058823529411764705,0.0
e2e,apache_dubbo_dubbo-3.3.3_dubbo-3.3.6,M003.1,_openhands_minimax-m2.5_run_002,SWE-Milestone-log-results/apache_dubbo_dubbo-3.3.3_dubbo-3.3.6/e2e_trial/_openhands_minimax-m2.5_run_002/evaluation/M003.1/evaluation_result_filtered.json,0.0,1.0,0.13333333333333333,0.23529411764705882
e2e,apache_dubbo_dubbo-3.3.3_dubbo-3.3.6,M003.2,_openhands_minimax-m2.5_run_002,SWE-Milestone-log-results/apache_dubbo_dubbo-3.3.3_dubbo-3.3.6/e2e_trial/_openhands_minimax-m2.5_run_002/evaluation/M003.2/evaluation_result_filtered.json,0.0,1.0,0.058823529411764705,0.1111111111111111
e2e,apache_dubbo_dubbo-3.3.3_dubbo-3.3.6,M003.3,_openhands_minimax-m2.5_run_002,SWE-Milestone-log-results/apache_dubbo_dubbo-3.3.3_dubbo-3.3.6/e2e_trial/_openhands_minimax-m2.5_run_002/evaluation/M003.3/evaluation_result_filtered.json,0.0,0.9473684210526315,0.5428571428571428,0.6902119071644803
e2e,apache_dubbo_dubbo-3.3.3_dubbo-3.3.6,M004,_openhands_minimax-m2.5_run_002,SWE-Milestone-log-results/apache_dubbo_dubbo-3.3.3_dubbo-3.3.6/e2e_trial/_openhands_minimax-m2.5_run_002/evaluation/M004/evaluation_result_filtered.json,0.0,0.0,0.0004911591355599214,0.0
e2e,apache_dubbo_dubbo-3.3.3_dubbo-3.3.6,M006,_openhands_minimax-m2.5_run_002,SWE-Milestone-log-results/apache_dubbo_dubbo-3.3.3_dubbo-3.3.6/e2e_trial/_openhands_minimax-m2.5_run_002/evaluation/M006/evaluation_result_filtered.json,0.0,1.0,0.21428571428571427,0.35294117647058826
e2e,apache_dubbo_dubbo-3.3.3_dubbo-3.3.6,M011,_openhands_minimax-m2.5_run_002,SWE-Milestone-log-results/apache_dubbo_dubbo-3.3.3_dubbo-3.3.6/e2e_trial/_openhands_minimax-m2.5_run_002/evaluation/M011/evaluation_result_filtered.json,0.0,1.0,0.3333333333333333,0.5
e2e,apache_dubbo_dubbo-3.3.3_dubbo-3.3.6,M016.1,_openhands_minimax-m2.5_run_002,SWE-Milestone-log-results/apache_dubbo_dubbo-3.3.3_dubbo-3.3.6/e2e_trial/_openhands_minimax-m2.5_run_002/evaluation/M016.1/evaluation_result_filtered.json,0.0,1.0,0.3181818181818182,0.4827586206896552
e2e,apache_dubbo_dubbo-3.3.3_dubbo-3.3.6,M017,_openhands_minimax-m2.5_run_002,SWE-Milestone-log-results/apache_dubbo_dubbo-3.3.3_dubbo-3.3.6/e2e_trial/_openhands_minimax-m2.5_run_002/evaluation/M017/evaluation_result_filtered.json,0.0,0.0,0.0625,0.0
e2e,apache_dubbo_dubbo-3.3.3_dubbo-3.3.6,M018,_openhands_minimax-m2.5_run_002,SWE-Milestone-log-results/apache_dubbo_dubbo-3.3.3_dubbo-3.3.6/e2e_trial/_openhands_minimax-m2.5_run_002/evaluation/M018/evaluation_result_filtered.json,0.0,1.0,0.3181818181818182,0.4827586206896552
e2e,apache_dubbo_dubbo-3.3.3_dubbo-3.3.6,M019,_openhands_minimax-m2.5_run_002,SWE-Milestone-log-results/apache_dubbo_dubbo-3.3.3_dubbo-3.3.6/e2e_trial/_openhands_minimax-m2.5_run_002/evaluation/M019/evaluation_result_filtered.json,0.0,1.0,0.3181818181818182,0.4827586206896552
e2e,apache_dubbo_dubbo-3.3.3_dubbo-3.3.6,M025,_openhands_minimax-m2.5_run_002,SWE-Milestone-log-results/apache_dubbo_dubbo-3.3.3_dubbo-3.3.6/e2e_trial/_openhands_minimax-m2.5_run_002/evaluation/M025/evaluation_result_filtered.json,0.0,1.0,0.058823529411764705,0.1111111111111111
e2e,apache_dubbo_dubbo-3.3.3_dubbo-3.3.6,M001.1,_openhands_opus-4.6_run_002,SWE-Milestone-log-results/apache_dubbo_dubbo-3.3.3_dubbo-3.3.6/e2e_trial/_openhands_opus-4.6_run_002/evaluation/M001.1/evaluation_result_filtered.json,0.0,0.0,0.00026455026455026457,0.0
e2e,apache_dubbo_dubbo-3.3.3_dubbo-3.3.6,M001.2,_openhands_opus-4.6_run_002,SWE-Milestone-log-results/apache_dubbo_dubbo-3.3.3_dubbo-3.3.6/e2e_trial/_openhands_opus-4.6_run_002/evaluation/M001.2/evaluation_result_filtered.json,0.0,0.0,0.00026595744680851064,0.0
e2e,apache_dubbo_dubbo-3.3.3_dubbo-3.3.6,M003.1,_openhands_opus-4.6_run_002,SWE-Milestone-log-results/apache_dubbo_dubbo-3.3.3_dubbo-3.3.6/e2e_trial/_openhands_opus-4.6_run_002/evaluation/M003.1/evaluation_result_filtered.json,1.0,1.0,1.0,1.0
e2e,apache_dubbo_dubbo-3.3.3_dubbo-3.3.6,M003.2,_openhands_opus-4.6_run_002,SWE-Milestone-log-results/apache_dubbo_dubbo-3.3.3_dubbo-3.3.6/e2e_trial/_openhands_opus-4.6_run_002/evaluation/M003.2/evaluation_result_filtered.json,0.0,1.0,0.0002642007926023778,0.0005282620179609086
e2e,apache_dubbo_dubbo-3.3.3_dubbo-3.3.6,M003.3,_openhands_opus-4.6_run_002,SWE-Milestone-log-results/apache_dubbo_dubbo-3.3.3_dubbo-3.3.6/e2e_trial/_openhands_opus-4.6_run_002/evaluation/M003.3/evaluation_result_filtered.json,0.0,0.0,0.00026322716504343247,0.0
e2e,apache_dubbo_dubbo-3.3.3_dubbo-3.3.6,M004,_openhands_opus-4.6_run_002,SWE-Milestone-log-results/apache_dubbo_dubbo-3.3.3_dubbo-3.3.6/e2e_trial/_openhands_opus-4.6_run_002/evaluation/M004/evaluation_result_filtered.json,0.0,0.0,0.0004911591355599214,0.0
e2e,apache_dubbo_dubbo-3.3.3_dubbo-3.3.6,M006,_openhands_opus-4.6_run_002,SWE-Milestone-log-results/apache_dubbo_dubbo-3.3.3_dubbo-3.3.6/e2e_trial/_openhands_opus-4.6_run_002/evaluation/M006/evaluation_result_filtered.json,1.0,1.0,1.0,1.0
e2e,apache_dubbo_dubbo-3.3.3_dubbo-3.3.6,M011,_openhands_opus-4.6_run_002,SWE-Milestone-log-results/apache_dubbo_dubbo-3.3.3_dubbo-3.3.6/e2e_trial/_openhands_opus-4.6_run_002/evaluation/M011/evaluation_result_filtered.json,0.0,1.0,0.8571428571428571,0.923076923076923
e2e,apache_dubbo_dubbo-3.3.3_dubbo-3.3.6,M016.1,_openhands_opus-4.6_run_002,SWE-Milestone-log-results/apache_dubbo_dubbo-3.3.3_dubbo-3.3.6/e2e_trial/_openhands_opus-4.6_run_002/evaluation/M016.1/evaluation_result_filtered.json,0.0,1.0,0.875,0.9333333333333333
e2e,apache_dubbo_dubbo-3.3.3_dubbo-3.3.6,M017,_openhands_opus-4.6_run_002,SWE-Milestone-log-results/apache_dubbo_dubbo-3.3.3_dubbo-3.3.6/e2e_trial/_openhands_opus-4.6_run_002/evaluation/M017/evaluation_result_filtered.json,0.0,0.0,0.125,0.0
e2e,apache_dubbo_dubbo-3.3.3_dubbo-3.3.6,M018,_openhands_opus-4.6_run_002,SWE-Milestone-log-results/apache_dubbo_dubbo-3.3.3_dubbo-3.3.6/e2e_trial/_openhands_opus-4.6_run_002/evaluation/M018/evaluation_result_filtered.json,0.0,1.0,0.875,0.9333333333333333
e2e,apache_dubbo_dubbo-3.3.3_dubbo-3.3.6,M019,_openhands_opus-4.6_run_002,SWE-Milestone-log-results/apache_dubbo_dubbo-3.3.3_dubbo-3.3.6/e2e_trial/_openhands_opus-4.6_run_002/evaluation/M019/evaluation_result_filtered.json,0.0,0.0,0.00017340038148083925,0.0
e2e,apache_dubbo_dubbo-3.3.3_dubbo-3.3.6,M025,_openhands_opus-4.6_run_002,SWE-Milestone-log-results/apache_dubbo_dubbo-3.3.3_dubbo-3.3.6/e2e_trial/_openhands_opus-4.6_run_002/evaluation/M025/evaluation_result_filtered.json,0.0,1.0,0.5,0.6666666666666666
independent,element-hq_element-web_v1.11.95_v1.11.97,feature_enhancements,_claude-code_opus-4.5_run_001,SWE-Milestone-log-results/element-hq_element-web_v1.11.95_v1.11.97/mstone_trial/_claude-code_opus-4.5_run_001/feature_enhancements/evaluation/evaluation_result.json,1.0,1.0,1.0,1.0
independent,element-hq_element-web_v1.11.95_v1.11.97,maintenance_bug_fixes,_claude-code_opus-4.5_run_001,SWE-Milestone-log-results/element-hq_element-web_v1.11.95_v1.11.97/mstone_trial/_claude-code_opus-4.5_run_001/maintenance_bug_fixes/evaluation/evaluation_result.json,1.0,1.0,1.0,1.0
independent,element-hq_element-web_v1.11.95_v1.11.97,maintenance_ui_ux,_claude-code_opus-4.5_run_001,SWE-Milestone-log-results/element-hq_element-web_v1.11.95_v1.11.97/mstone_trial/_claude-code_opus-4.5_run_001/maintenance_ui_ux/evaluation/evaluation_result.json,0.0,0.9310344827586207,0.49122807017543857,0.6431305827307527
independent,element-hq_element-web_v1.11.95_v1.11.97,milestone_seed_05df321_1,_claude-code_opus-4.5_run_001,SWE-Milestone-log-results/element-hq_element-web_v1.11.95_v1.11.97/mstone_trial/_claude-code_opus-4.5_run_001/milestone_seed_05df321_1/evaluation/evaluation_result.json,1.0,1.0,1.0,1.0
independent,element-hq_element-web_v1.11.95_v1.11.97,milestone_seed_3762d40_1,_claude-code_opus-4.5_run_001,SWE-Milestone-log-results/element-hq_element-web_v1.11.95_v1.11.97/mstone_trial/_claude-code_opus-4.5_run_001/milestone_seed_3762d40_1/evaluation/evaluation_result.json,0.0,0.875,1.0,0.9333333333333333
independent,element-hq_element-web_v1.11.95_v1.11.97,milestone_seed_3f47487_1,_claude-code_opus-4.5_run_001,SWE-Milestone-log-results/element-hq_element-web_v1.11.95_v1.11.97/mstone_trial/_claude-code_opus-4.5_run_001/milestone_seed_3f47487_1/evaluation/evaluation_result.json,0.0,0.22727272727272727,0.15384615384615385,0.1834862385321101
independent,element-hq_element-web_v1.11.95_v1.11.97,milestone_seed_56c7fc1_1,_claude-code_opus-4.5_run_001,SWE-Milestone-log-results/element-hq_element-web_v1.11.95_v1.11.97/mstone_trial/_claude-code_opus-4.5_run_001/milestone_seed_56c7fc1_1/evaluation/evaluation_result_filtered.json,0.0,0.0,1.0,0.0
independent,element-hq_element-web_v1.11.95_v1.11.97,milestone_seed_599112e_1,_claude-code_opus-4.5_run_001,SWE-Milestone-log-results/element-hq_element-web_v1.11.95_v1.11.97/mstone_trial/_claude-code_opus-4.5_run_001/milestone_seed_599112e_1/evaluation/evaluation_result.json,0.0,0.4,1.0,0.5714285714285715
independent,element-hq_element-web_v1.11.95_v1.11.97,milestone_seed_7ff1fd2_1,_claude-code_opus-4.5_run_001,SWE-Milestone-log-results/element-hq_element-web_v1.11.95_v1.11.97/mstone_trial/_claude-code_opus-4.5_run_001/milestone_seed_7ff1fd2_1/evaluation/evaluation_result.json,1.0,1.0,1.0,1.0
independent,element-hq_element-web_v1.11.95_v1.11.97,milestone_seed_8bb4d44_1,_claude-code_opus-4.5_run_001,SWE-Milestone-log-results/element-hq_element-web_v1.11.95_v1.11.97/mstone_trial/_claude-code_opus-4.5_run_001/milestone_seed_8bb4d44_1/evaluation/evaluation_result.json,1.0,1.0,1.0,1.0
independent,element-hq_element-web_v1.11.95_v1.11.97,milestone_seed_aa99601_1,_claude-code_opus-4.5_run_001,SWE-Milestone-log-results/element-hq_element-web_v1.11.95_v1.11.97/mstone_trial/_claude-code_opus-4.5_run_001/milestone_seed_aa99601_1/evaluation/evaluation_result.json,0.0,0.75,0.6666666666666666,0.7058823529411765
independent,element-hq_element-web_v1.11.95_v1.11.97,milestone_seed_be3778b_1,_claude-code_opus-4.5_run_001,SWE-Milestone-log-results/element-hq_element-web_v1.11.95_v1.11.97/mstone_trial/_claude-code_opus-4.5_run_001/milestone_seed_be3778b_1/evaluation/evaluation_result.json,1.0,1.0,1.0,1.0
independent,element-hq_element-web_v1.11.95_v1.11.97,milestone_seed_e662c19_1,_claude-code_opus-4.5_run_001,SWE-Milestone-log-results/element-hq_element-web_v1.11.95_v1.11.97/mstone_trial/_claude-code_opus-4.5_run_001/milestone_seed_e662c19_1/evaluation/evaluation_result.json,0.0,0.8,0.5652173913043478,0.6624203821656051
independent,element-hq_element-web_v1.11.95_v1.11.97,milestone_seed_e9a3625_1_sub-01,_claude-code_opus-4.5_run_001,SWE-Milestone-log-results/element-hq_element-web_v1.11.95_v1.11.97/mstone_trial/_claude-code_opus-4.5_run_001/milestone_seed_e9a3625_1_sub-01/evaluation/evaluation_result.json,1.0,1.0,1.0,1.0
independent,element-hq_element-web_v1.11.95_v1.11.97,milestone_seed_e9a3625_1_sub-02,_claude-code_opus-4.5_run_001,SWE-Milestone-log-results/element-hq_element-web_v1.11.95_v1.11.97/mstone_trial/_claude-code_opus-4.5_run_001/milestone_seed_e9a3625_1_sub-02/evaluation/evaluation_result.json,1.0,1.0,1.0,1.0
independent,element-hq_element-web_v1.11.95_v1.11.97,milestone_seed_e9a3625_1_sub-03,_claude-code_opus-4.5_run_001,SWE-Milestone-log-results/element-hq_element-web_v1.11.95_v1.11.97/mstone_trial/_claude-code_opus-4.5_run_001/milestone_seed_e9a3625_1_sub-03/evaluation/evaluation_result.json,0.0,0.9545454545454546,1.0,0.9767441860465117
independent,element-hq_element-web_v1.11.95_v1.11.97,milestone_seed_f59af37_1,_claude-code_opus-4.5_run_001,SWE-Milestone-log-results/element-hq_element-web_v1.11.95_v1.11.97/mstone_trial/_claude-code_opus-4.5_run_001/milestone_seed_f59af37_1/evaluation/evaluation_result_filtered.json,0.0,0.9375,0.7272727272727273,0.8191126279863482
independent,element-hq_element-web_v1.11.95_v1.11.97,milestone_seed_fba5938_1,_claude-code_opus-4.5_run_001,SWE-Milestone-log-results/element-hq_element-web_v1.11.95_v1.11.97/mstone_trial/_claude-code_opus-4.5_run_001/milestone_seed_fba5938_1/evaluation/evaluation_result.json,0.0,1.0,0.16666666666666666,0.2857142857142857
independent,element-hq_element-web_v1.11.95_v1.11.97,feature_enhancements,_claude-code_opus-4.6_run_001,SWE-Milestone-log-results/element-hq_element-web_v1.11.95_v1.11.97/mstone_trial/_claude-code_opus-4.6_run_001/feature_enhancements/evaluation/evaluation_result.json,1.0,1.0,1.0,1.0
independent,element-hq_element-web_v1.11.95_v1.11.97,maintenance_bug_fixes,_claude-code_opus-4.6_run_001,SWE-Milestone-log-results/element-hq_element-web_v1.11.95_v1.11.97/mstone_trial/_claude-code_opus-4.6_run_001/maintenance_bug_fixes/evaluation/evaluation_result.json,1.0,1.0,1.0,1.0
independent,element-hq_element-web_v1.11.95_v1.11.97,maintenance_ui_ux,_claude-code_opus-4.6_run_001,SWE-Milestone-log-results/element-hq_element-web_v1.11.95_v1.11.97/mstone_trial/_claude-code_opus-4.6_run_001/maintenance_ui_ux/evaluation/evaluation_result.json,0.0,0.9310344827586207,0.49122807017543857,0.6431305827307527
independent,element-hq_element-web_v1.11.95_v1.11.97,milestone_seed_05df321_1,_claude-code_opus-4.6_run_001,SWE-Milestone-log-results/element-hq_element-web_v1.11.95_v1.11.97/mstone_trial/_claude-code_opus-4.6_run_001/milestone_seed_05df321_1/evaluation/evaluation_result.json,1.0,1.0,1.0,1.0
independent,element-hq_element-web_v1.11.95_v1.11.97,milestone_seed_3762d40_1,_claude-code_opus-4.6_run_001,SWE-Milestone-log-results/element-hq_element-web_v1.11.95_v1.11.97/mstone_trial/_claude-code_opus-4.6_run_001/milestone_seed_3762d40_1/evaluation/evaluation_result.json,1.0,1.0,1.0,1.0
independent,element-hq_element-web_v1.11.95_v1.11.97,milestone_seed_3f47487_1,_claude-code_opus-4.6_run_001,SWE-Milestone-log-results/element-hq_element-web_v1.11.95_v1.11.97/mstone_trial/_claude-code_opus-4.6_run_001/milestone_seed_3f47487_1/evaluation/evaluation_result.json,0.0,0.8181818181818182,0.23170731707317074,0.3611404435058078
independent,element-hq_element-web_v1.11.95_v1.11.97,milestone_seed_56c7fc1_1,_claude-code_opus-4.6_run_001,SWE-Milestone-log-results/element-hq_element-web_v1.11.95_v1.11.97/mstone_trial/_claude-code_opus-4.6_run_001/milestone_seed_56c7fc1_1/evaluation/evaluation_result_filtered.json,1.0,1.0,1.0,1.0
independent,element-hq_element-web_v1.11.95_v1.11.97,milestone_seed_599112e_1,_claude-code_opus-4.6_run_001,SWE-Milestone-log-results/element-hq_element-web_v1.11.95_v1.11.97/mstone_trial/_claude-code_opus-4.6_run_001/milestone_seed_599112e_1/evaluation/evaluation_result.json,0.0,0.4,1.0,0.5714285714285715
independent,element-hq_element-web_v1.11.95_v1.11.97,milestone_seed_7ff1fd2_1,_claude-code_opus-4.6_run_001,SWE-Milestone-log-results/element-hq_element-web_v1.11.95_v1.11.97/mstone_trial/_claude-code_opus-4.6_run_001/milestone_seed_7ff1fd2_1/evaluation/evaluation_result.json,1.0,1.0,1.0,1.0
independent,element-hq_element-web_v1.11.95_v1.11.97,milestone_seed_8bb4d44_1,_claude-code_opus-4.6_run_001,SWE-Milestone-log-results/element-hq_element-web_v1.11.95_v1.11.97/mstone_trial/_claude-code_opus-4.6_run_001/milestone_seed_8bb4d44_1/evaluation/evaluation_result.json,1.0,1.0,1.0,1.0
independent,element-hq_element-web_v1.11.95_v1.11.97,milestone_seed_aa99601_1,_claude-code_opus-4.6_run_001,SWE-Milestone-log-results/element-hq_element-web_v1.11.95_v1.11.97/mstone_trial/_claude-code_opus-4.6_run_001/milestone_seed_aa99601_1/evaluation/evaluation_result.json,0.0,0.75,0.6666666666666666,0.7058823529411765
independent,element-hq_element-web_v1.11.95_v1.11.97,milestone_seed_be3778b_1,_claude-code_opus-4.6_run_001,SWE-Milestone-log-results/element-hq_element-web_v1.11.95_v1.11.97/mstone_trial/_claude-code_opus-4.6_run_001/milestone_seed_be3778b_1/evaluation/evaluation_result.json,1.0,1.0,1.0,1.0
independent,element-hq_element-web_v1.11.95_v1.11.97,milestone_seed_e662c19_1,_claude-code_opus-4.6_run_001,SWE-Milestone-log-results/element-hq_element-web_v1.11.95_v1.11.97/mstone_trial/_claude-code_opus-4.6_run_001/milestone_seed_e662c19_1/evaluation/evaluation_result.json,0.0,0.8666666666666667,0.5833333333333334,0.6973180076628352
independent,element-hq_element-web_v1.11.95_v1.11.97,milestone_seed_e9a3625_1_sub-01,_claude-code_opus-4.6_run_001,SWE-Milestone-log-results/element-hq_element-web_v1.11.95_v1.11.97/mstone_trial/_claude-code_opus-4.6_run_001/milestone_seed_e9a3625_1_sub-01/evaluation/evaluation_result.json,1.0,1.0,1.0,1.0
independent,element-hq_element-web_v1.11.95_v1.11.97,milestone_seed_e9a3625_1_sub-02,_claude-code_opus-4.6_run_001,SWE-Milestone-log-results/element-hq_element-web_v1.11.95_v1.11.97/mstone_trial/_claude-code_opus-4.6_run_001/milestone_seed_e9a3625_1_sub-02/evaluation/evaluation_result.json,1.0,1.0,1.0,1.0
independent,element-hq_element-web_v1.11.95_v1.11.97,milestone_seed_e9a3625_1_sub-03,_claude-code_opus-4.6_run_001,SWE-Milestone-log-results/element-hq_element-web_v1.11.95_v1.11.97/mstone_trial/_claude-code_opus-4.6_run_001/milestone_seed_e9a3625_1_sub-03/evaluation/evaluation_result.json,1.0,1.0,1.0,1.0
independent,element-hq_element-web_v1.11.95_v1.11.97,milestone_seed_f59af37_1,_claude-code_opus-4.6_run_001,SWE-Milestone-log-results/element-hq_element-web_v1.11.95_v1.11.97/mstone_trial/_claude-code_opus-4.6_run_001/milestone_seed_f59af37_1/evaluation/evaluation_result_filtered.json,1.0,1.0,1.0,1.0
independent,element-hq_element-web_v1.11.95_v1.11.97,milestone_seed_fba5938_1,_claude-code_opus-4.6_run_001,SWE-Milestone-log-results/element-hq_element-web_v1.11.95_v1.11.97/mstone_trial/_claude-code_opus-4.6_run_001/milestone_seed_fba5938_1/evaluation/evaluation_result.json,0.0,1.0,0.16666666666666666,0.2857142857142857
independent,element-hq_element-web_v1.11.95_v1.11.97,feature_enhancements,_claude-code_sonnet-4.5_run_001,SWE-Milestone-log-results/element-hq_element-web_v1.11.95_v1.11.97/mstone_trial/_claude-code_sonnet-4.5_run_001/feature_enhancements/evaluation/evaluation_result.json,1.0,1.0,1.0,1.0
independent,element-hq_element-web_v1.11.95_v1.11.97,maintenance_bug_fixes,_claude-code_sonnet-4.5_run_001,SWE-Milestone-log-results/element-hq_element-web_v1.11.95_v1.11.97/mstone_trial/_claude-code_sonnet-4.5_run_001/maintenance_bug_fixes/evaluation/evaluation_result.json,0.0,0.5,1.0,0.6666666666666666
independent,element-hq_element-web_v1.11.95_v1.11.97,maintenance_ui_ux,_claude-code_sonnet-4.5_run_001,SWE-Milestone-log-results/element-hq_element-web_v1.11.95_v1.11.97/mstone_trial/_claude-code_sonnet-4.5_run_001/maintenance_ui_ux/evaluation/evaluation_result.json,0.0,0.9310344827586207,0.49122807017543857,0.6431305827307527
independent,element-hq_element-web_v1.11.95_v1.11.97,milestone_seed_05df321_1,_claude-code_sonnet-4.5_run_001,SWE-Milestone-log-results/element-hq_element-web_v1.11.95_v1.11.97/mstone_trial/_claude-code_sonnet-4.5_run_001/milestone_seed_05df321_1/evaluation/evaluation_result.json,1.0,1.0,1.0,1.0
independent,element-hq_element-web_v1.11.95_v1.11.97,milestone_seed_3762d40_1,_claude-code_sonnet-4.5_run_001,SWE-Milestone-log-results/element-hq_element-web_v1.11.95_v1.11.97/mstone_trial/_claude-code_sonnet-4.5_run_001/milestone_seed_3762d40_1/evaluation/evaluation_result.json,0.0,0.0,1.0,0.0
independent,element-hq_element-web_v1.11.95_v1.11.97,milestone_seed_3f47487_1,_claude-code_sonnet-4.5_run_001,SWE-Milestone-log-results/element-hq_element-web_v1.11.95_v1.11.97/mstone_trial/_claude-code_sonnet-4.5_run_001/milestone_seed_3f47487_1/evaluation/evaluation_result.json,0.0,0.09090909090909091,0.016853932584269662,0.02843601895734597
independent,element-hq_element-web_v1.11.95_v1.11.97,milestone_seed_56c7fc1_1,_claude-code_sonnet-4.5_run_001,SWE-Milestone-log-results/element-hq_element-web_v1.11.95_v1.11.97/mstone_trial/_claude-code_sonnet-4.5_run_001/milestone_seed_56c7fc1_1/evaluation/evaluation_result_filtered.json,1.0,1.0,1.0,1.0
independent,element-hq_element-web_v1.11.95_v1.11.97,milestone_seed_599112e_1,_claude-code_sonnet-4.5_run_001,SWE-Milestone-log-results/element-hq_element-web_v1.11.95_v1.11.97/mstone_trial/_claude-code_sonnet-4.5_run_001/milestone_seed_599112e_1/evaluation/evaluation_result.json,0.0,0.4,1.0,0.5714285714285715
independent,element-hq_element-web_v1.11.95_v1.11.97,milestone_seed_7ff1fd2_1,_claude-code_sonnet-4.5_run_001,SWE-Milestone-log-results/element-hq_element-web_v1.11.95_v1.11.97/mstone_trial/_claude-code_sonnet-4.5_run_001/milestone_seed_7ff1fd2_1/evaluation/evaluation_result.json,0.0,0.9655172413793104,1.0,0.9824561403508771
independent,element-hq_element-web_v1.11.95_v1.11.97,milestone_seed_8bb4d44_1,_claude-code_sonnet-4.5_run_001,SWE-Milestone-log-results/element-hq_element-web_v1.11.95_v1.11.97/mstone_trial/_claude-code_sonnet-4.5_run_001/milestone_seed_8bb4d44_1/evaluation/evaluation_result.json,1.0,1.0,1.0,1.0
independent,element-hq_element-web_v1.11.95_v1.11.97,milestone_seed_aa99601_1,_claude-code_sonnet-4.5_run_001,SWE-Milestone-log-results/element-hq_element-web_v1.11.95_v1.11.97/mstone_trial/_claude-code_sonnet-4.5_run_001/milestone_seed_aa99601_1/evaluation/evaluation_result.json,0.0,0.75,0.6666666666666666,0.7058823529411765
independent,element-hq_element-web_v1.11.95_v1.11.97,milestone_seed_be3778b_1,_claude-code_sonnet-4.5_run_001,SWE-Milestone-log-results/element-hq_element-web_v1.11.95_v1.11.97/mstone_trial/_claude-code_sonnet-4.5_run_001/milestone_seed_be3778b_1/evaluation/evaluation_result.json,1.0,1.0,1.0,1.0
independent,element-hq_element-web_v1.11.95_v1.11.97,milestone_seed_e662c19_1,_claude-code_sonnet-4.5_run_001,SWE-Milestone-log-results/element-hq_element-web_v1.11.95_v1.11.97/mstone_trial/_claude-code_sonnet-4.5_run_001/milestone_seed_e662c19_1/evaluation/evaluation_result.json,0.0,0.6,0.0027041644131963224,0.005384063173007897
independent,element-hq_element-web_v1.11.95_v1.11.97,milestone_seed_e9a3625_1_sub-01,_claude-code_sonnet-4.5_run_001,SWE-Milestone-log-results/element-hq_element-web_v1.11.95_v1.11.97/mstone_trial/_claude-code_sonnet-4.5_run_001/milestone_seed_e9a3625_1_sub-01/evaluation/evaluation_result.json,1.0,1.0,1.0,1.0
independent,element-hq_element-web_v1.11.95_v1.11.97,milestone_seed_e9a3625_1_sub-02,_claude-code_sonnet-4.5_run_001,SWE-Milestone-log-results/element-hq_element-web_v1.11.95_v1.11.97/mstone_trial/_claude-code_sonnet-4.5_run_001/milestone_seed_e9a3625_1_sub-02/evaluation/evaluation_result.json,0.0,0.5333333333333333,1.0,0.6956521739130436
independent,element-hq_element-web_v1.11.95_v1.11.97,milestone_seed_e9a3625_1_sub-03,_claude-code_sonnet-4.5_run_001,SWE-Milestone-log-results/element-hq_element-web_v1.11.95_v1.11.97/mstone_trial/_claude-code_sonnet-4.5_run_001/milestone_seed_e9a3625_1_sub-03/evaluation/evaluation_result.json,0.0,0.7727272727272727,1.0,0.8717948717948718
independent,element-hq_element-web_v1.11.95_v1.11.97,milestone_seed_f59af37_1,_claude-code_sonnet-4.5_run_001,SWE-Milestone-log-results/element-hq_element-web_v1.11.95_v1.11.97/mstone_trial/_claude-code_sonnet-4.5_run_001/milestone_seed_f59af37_1/evaluation/evaluation_result_filtered.json,0.0,0.8125,1.0,0.896551724137931
independent,element-hq_element-web_v1.11.95_v1.11.97,milestone_seed_fba5938_1,_claude-code_sonnet-4.5_run_001,SWE-Milestone-log-results/element-hq_element-web_v1.11.95_v1.11.97/mstone_trial/_claude-code_sonnet-4.5_run_001/milestone_seed_fba5938_1/evaluation/evaluation_result.json,0.0,0.0,0.09090909090909091,0.0
independent,element-hq_element-web_v1.11.95_v1.11.97,feature_enhancements,_claude-code_sonnet-4.6_run_002,SWE-Milestone-log-results/element-hq_element-web_v1.11.95_v1.11.97/mstone_trial/_claude-code_sonnet-4.6_run_002/feature_enhancements/evaluation/evaluation_result.json,1.0,1.0,1.0,1.0
independent,element-hq_element-web_v1.11.95_v1.11.97,maintenance_bug_fixes,_claude-code_sonnet-4.6_run_002,SWE-Milestone-log-results/element-hq_element-web_v1.11.95_v1.11.97/mstone_trial/_claude-code_sonnet-4.6_run_002/maintenance_bug_fixes/evaluation/evaluation_result.json,1.0,1.0,1.0,1.0
independent,element-hq_element-web_v1.11.95_v1.11.97,maintenance_ui_ux,_claude-code_sonnet-4.6_run_002,SWE-Milestone-log-results/element-hq_element-web_v1.11.95_v1.11.97/mstone_trial/_claude-code_sonnet-4.6_run_002/maintenance_ui_ux/evaluation/evaluation_result_filtered.json,0.0,1.0,0.49122807017543857,0.6588235294117647
independent,element-hq_element-web_v1.11.95_v1.11.97,milestone_seed_05df321_1,_claude-code_sonnet-4.6_run_002,SWE-Milestone-log-results/element-hq_element-web_v1.11.95_v1.11.97/mstone_trial/_claude-code_sonnet-4.6_run_002/milestone_seed_05df321_1/evaluation/evaluation_result.json,1.0,1.0,1.0,1.0
independent,element-hq_element-web_v1.11.95_v1.11.97,milestone_seed_3762d40_1,_claude-code_sonnet-4.6_run_002,SWE-Milestone-log-results/element-hq_element-web_v1.11.95_v1.11.97/mstone_trial/_claude-code_sonnet-4.6_run_002/milestone_seed_3762d40_1/evaluation/evaluation_result.json,1.0,1.0,1.0,1.0
independent,element-hq_element-web_v1.11.95_v1.11.97,milestone_seed_3f47487_1,_claude-code_sonnet-4.6_run_002,SWE-Milestone-log-results/element-hq_element-web_v1.11.95_v1.11.97/mstone_trial/_claude-code_sonnet-4.6_run_002/milestone_seed_3f47487_1/evaluation/evaluation_result_filtered.json,0.0,0.55,0.375,0.44594594594594594
independent,element-hq_element-web_v1.11.95_v1.11.97,milestone_seed_56c7fc1_1,_claude-code_sonnet-4.6_run_002,SWE-Milestone-log-results/element-hq_element-web_v1.11.95_v1.11.97/mstone_trial/_claude-code_sonnet-4.6_run_002/milestone_seed_56c7fc1_1/evaluation/evaluation_result_filtered.json,1.0,1.0,1.0,1.0
independent,element-hq_element-web_v1.11.95_v1.11.97,milestone_seed_599112e_1,_claude-code_sonnet-4.6_run_002,SWE-Milestone-log-results/element-hq_element-web_v1.11.95_v1.11.97/mstone_trial/_claude-code_sonnet-4.6_run_002/milestone_seed_599112e_1/evaluation/evaluation_result_filtered.json,1.0,1.0,1.0,1.0
independent,element-hq_element-web_v1.11.95_v1.11.97,milestone_seed_7ff1fd2_1,_claude-code_sonnet-4.6_run_002,SWE-Milestone-log-results/element-hq_element-web_v1.11.95_v1.11.97/mstone_trial/_claude-code_sonnet-4.6_run_002/milestone_seed_7ff1fd2_1/evaluation/evaluation_result.json,1.0,1.0,1.0,1.0
independent,element-hq_element-web_v1.11.95_v1.11.97,milestone_seed_8bb4d44_1,_claude-code_sonnet-4.6_run_002,SWE-Milestone-log-results/element-hq_element-web_v1.11.95_v1.11.97/mstone_trial/_claude-code_sonnet-4.6_run_002/milestone_seed_8bb4d44_1/evaluation/evaluation_result.json,1.0,1.0,1.0,1.0
independent,element-hq_element-web_v1.11.95_v1.11.97,milestone_seed_aa99601_1,_claude-code_sonnet-4.6_run_002,SWE-Milestone-log-results/element-hq_element-web_v1.11.95_v1.11.97/mstone_trial/_claude-code_sonnet-4.6_run_002/milestone_seed_aa99601_1/evaluation/evaluation_result.json,0.0,0.75,0.6666666666666666,0.7058823529411765
independent,element-hq_element-web_v1.11.95_v1.11.97,milestone_seed_be3778b_1,_claude-code_sonnet-4.6_run_002,SWE-Milestone-log-results/element-hq_element-web_v1.11.95_v1.11.97/mstone_trial/_claude-code_sonnet-4.6_run_002/milestone_seed_be3778b_1/evaluation/evaluation_result.json,1.0,1.0,1.0,1.0
independent,element-hq_element-web_v1.11.95_v1.11.97,milestone_seed_e662c19_1,_claude-code_sonnet-4.6_run_002,SWE-Milestone-log-results/element-hq_element-web_v1.11.95_v1.11.97/mstone_trial/_claude-code_sonnet-4.6_run_002/milestone_seed_e662c19_1/evaluation/evaluation_result.json,0.0,0.8666666666666667,0.5833333333333334,0.6973180076628352
independent,element-hq_element-web_v1.11.95_v1.11.97,milestone_seed_e9a3625_1_sub-01,_claude-code_sonnet-4.6_run_002,SWE-Milestone-log-results/element-hq_element-web_v1.11.95_v1.11.97/mstone_trial/_claude-code_sonnet-4.6_run_002/milestone_seed_e9a3625_1_sub-01/evaluation/evaluation_result.json,1.0,1.0,1.0,1.0
independent,element-hq_element-web_v1.11.95_v1.11.97,milestone_seed_e9a3625_1_sub-02,_claude-code_sonnet-4.6_run_002,SWE-Milestone-log-results/element-hq_element-web_v1.11.95_v1.11.97/mstone_trial/_claude-code_sonnet-4.6_run_002/milestone_seed_e9a3625_1_sub-02/evaluation/evaluation_result.json,1.0,1.0,1.0,1.0
independent,element-hq_element-web_v1.11.95_v1.11.97,milestone_seed_e9a3625_1_sub-03,_claude-code_sonnet-4.6_run_002,SWE-Milestone-log-results/element-hq_element-web_v1.11.95_v1.11.97/mstone_trial/_claude-code_sonnet-4.6_run_002/milestone_seed_e9a3625_1_sub-03/evaluation/evaluation_result.json,1.0,1.0,1.0,1.0
independent,element-hq_element-web_v1.11.95_v1.11.97,milestone_seed_f59af37_1,_claude-code_sonnet-4.6_run_002,SWE-Milestone-log-results/element-hq_element-web_v1.11.95_v1.11.97/mstone_trial/_claude-code_sonnet-4.6_run_002/milestone_seed_f59af37_1/evaluation/evaluation_result_filtered.json,1.0,1.0,1.0,1.0
independent,element-hq_element-web_v1.11.95_v1.11.97,milestone_seed_fba5938_1,_claude-code_sonnet-4.6_run_002,SWE-Milestone-log-results/element-hq_element-web_v1.11.95_v1.11.97/mstone_trial/_claude-code_sonnet-4.6_run_002/milestone_seed_fba5938_1/evaluation/evaluation_result.json,0.0,0.0,0.09090909090909091,0.0
independent,element-hq_element-web_v1.11.95_v1.11.97,feature_enhancements,_codex_gpt-5.2-codex_run_001,SWE-Milestone-log-results/element-hq_element-web_v1.11.95_v1.11.97/mstone_trial/_codex_gpt-5.2-codex_run_001/feature_enhancements/evaluation/evaluation_result.json,1.0,1.0,1.0,1.0
independent,element-hq_element-web_v1.11.95_v1.11.97,maintenance_bug_fixes,_codex_gpt-5.2-codex_run_001,SWE-Milestone-log-results/element-hq_element-web_v1.11.95_v1.11.97/mstone_trial/_codex_gpt-5.2-codex_run_001/maintenance_bug_fixes/evaluation/evaluation_result.json,0.0,1.0,0.5,0.6666666666666666
independent,element-hq_element-web_v1.11.95_v1.11.97,maintenance_ui_ux,_codex_gpt-5.2-codex_run_001,SWE-Milestone-log-results/element-hq_element-web_v1.11.95_v1.11.97/mstone_trial/_codex_gpt-5.2-codex_run_001/maintenance_ui_ux/evaluation/evaluation_result.json,0.0,0.9310344827586207,0.49122807017543857,0.6431305827307527
independent,element-hq_element-web_v1.11.95_v1.11.97,milestone_seed_05df321_1,_codex_gpt-5.2-codex_run_001,SWE-Milestone-log-results/element-hq_element-web_v1.11.95_v1.11.97/mstone_trial/_codex_gpt-5.2-codex_run_001/milestone_seed_05df321_1/evaluation/evaluation_result.json,0.0,1.0,0.004081632653061225,0.008130081300813009
independent,element-hq_element-web_v1.11.95_v1.11.97,milestone_seed_3762d40_1,_codex_gpt-5.2-codex_run_001,SWE-Milestone-log-results/element-hq_element-web_v1.11.95_v1.11.97/mstone_trial/_codex_gpt-5.2-codex_run_001/milestone_seed_3762d40_1/evaluation/evaluation_result.json,0.0,0.0,0.0002566735112936345,0.0
independent,element-hq_element-web_v1.11.95_v1.11.97,milestone_seed_3f47487_1,_codex_gpt-5.2-codex_run_001,SWE-Milestone-log-results/element-hq_element-web_v1.11.95_v1.11.97/mstone_trial/_codex_gpt-5.2-codex_run_001/milestone_seed_3f47487_1/evaluation/evaluation_result.json,0.0,0.09090909090909091,0.0007898894154818325,0.0015661707126076742
independent,element-hq_element-web_v1.11.95_v1.11.97,milestone_seed_56c7fc1_1,_codex_gpt-5.2-codex_run_001,SWE-Milestone-log-results/element-hq_element-web_v1.11.95_v1.11.97/mstone_trial/_codex_gpt-5.2-codex_run_001/milestone_seed_56c7fc1_1/evaluation/evaluation_result_filtered.json,1.0,1.0,1.0,1.0
independent,element-hq_element-web_v1.11.95_v1.11.97,milestone_seed_599112e_1,_codex_gpt-5.2-codex_run_001,SWE-Milestone-log-results/element-hq_element-web_v1.11.95_v1.11.97/mstone_trial/_codex_gpt-5.2-codex_run_001/milestone_seed_599112e_1/evaluation/evaluation_result.json,0.0,0.13333333333333333,1.0,0.23529411764705882
independent,element-hq_element-web_v1.11.95_v1.11.97,milestone_seed_7ff1fd2_1,_codex_gpt-5.2-codex_run_001,SWE-Milestone-log-results/element-hq_element-web_v1.11.95_v1.11.97/mstone_trial/_codex_gpt-5.2-codex_run_001/milestone_seed_7ff1fd2_1/evaluation/evaluation_result.json,0.0,0.9655172413793104,1.0,0.9824561403508771
independent,element-hq_element-web_v1.11.95_v1.11.97,milestone_seed_8bb4d44_1,_codex_gpt-5.2-codex_run_001,SWE-Milestone-log-results/element-hq_element-web_v1.11.95_v1.11.97/mstone_trial/_codex_gpt-5.2-codex_run_001/milestone_seed_8bb4d44_1/evaluation/evaluation_result.json,0.0,0.125,1.0,0.2222222222222222
independent,element-hq_element-web_v1.11.95_v1.11.97,milestone_seed_aa99601_1,_codex_gpt-5.2-codex_run_001,SWE-Milestone-log-results/element-hq_element-web_v1.11.95_v1.11.97/mstone_trial/_codex_gpt-5.2-codex_run_001/milestone_seed_aa99601_1/evaluation/evaluation_result.json,0.0,0.0,0.011235955056179775,0.0
independent,element-hq_element-web_v1.11.95_v1.11.97,milestone_seed_be3778b_1,_codex_gpt-5.2-codex_run_001,SWE-Milestone-log-results/element-hq_element-web_v1.11.95_v1.11.97/mstone_trial/_codex_gpt-5.2-codex_run_001/milestone_seed_be3778b_1/evaluation/evaluation_result.json,0.0,0.7777777777777778,1.0,0.8750000000000001
independent,element-hq_element-web_v1.11.95_v1.11.97,milestone_seed_e662c19_1,_codex_gpt-5.2-codex_run_001,SWE-Milestone-log-results/element-hq_element-web_v1.11.95_v1.11.97/mstone_trial/_codex_gpt-5.2-codex_run_001/milestone_seed_e662c19_1/evaluation/evaluation_result.json,0.0,0.5333333333333333,0.47368421052631576,0.5017421602787456
independent,element-hq_element-web_v1.11.95_v1.11.97,milestone_seed_e9a3625_1_sub-01,_codex_gpt-5.2-codex_run_001,SWE-Milestone-log-results/element-hq_element-web_v1.11.95_v1.11.97/mstone_trial/_codex_gpt-5.2-codex_run_001/milestone_seed_e9a3625_1_sub-01/evaluation/evaluation_result.json,1.0,1.0,1.0,1.0
independent,element-hq_element-web_v1.11.95_v1.11.97,milestone_seed_e9a3625_1_sub-02,_codex_gpt-5.2-codex_run_001,SWE-Milestone-log-results/element-hq_element-web_v1.11.95_v1.11.97/mstone_trial/_codex_gpt-5.2-codex_run_001/milestone_seed_e9a3625_1_sub-02/evaluation/evaluation_result.json,0.0,0.8333333333333334,1.0,0.9090909090909091
independent,element-hq_element-web_v1.11.95_v1.11.97,milestone_seed_e9a3625_1_sub-03,_codex_gpt-5.2-codex_run_001,SWE-Milestone-log-results/element-hq_element-web_v1.11.95_v1.11.97/mstone_trial/_codex_gpt-5.2-codex_run_001/milestone_seed_e9a3625_1_sub-03/evaluation/evaluation_result.json,0.0,0.9545454545454546,1.0,0.9767441860465117
independent,element-hq_element-web_v1.11.95_v1.11.97,milestone_seed_f59af37_1,_codex_gpt-5.2-codex_run_001,SWE-Milestone-log-results/element-hq_element-web_v1.11.95_v1.11.97/mstone_trial/_codex_gpt-5.2-codex_run_001/milestone_seed_f59af37_1/evaluation/evaluation_result_filtered.json,0.0,0.6875,1.0,0.8148148148148148
independent,element-hq_element-web_v1.11.95_v1.11.97,milestone_seed_fba5938_1,_codex_gpt-5.2-codex_run_001,SWE-Milestone-log-results/element-hq_element-web_v1.11.95_v1.11.97/mstone_trial/_codex_gpt-5.2-codex_run_001/milestone_seed_fba5938_1/evaluation/evaluation_result.json,0.0,0.0,0.09090909090909091,0.0
independent,element-hq_element-web_v1.11.95_v1.11.97,feature_enhancements,_codex_gpt-5.2_run_001,SWE-Milestone-log-results/element-hq_element-web_v1.11.95_v1.11.97/mstone_trial/_codex_gpt-5.2_run_001/feature_enhancements/evaluation/evaluation_result.json,0.0,0.6923076923076923,1.0,0.8181818181818181
independent,element-hq_element-web_v1.11.95_v1.11.97,maintenance_bug_fixes,_codex_gpt-5.2_run_001,SWE-Milestone-log-results/element-hq_element-web_v1.11.95_v1.11.97/mstone_trial/_codex_gpt-5.2_run_001/maintenance_bug_fixes/evaluation/evaluation_result.json,0.0,1.0,0.42857142857142855,0.6
independent,element-hq_element-web_v1.11.95_v1.11.97,maintenance_ui_ux,_codex_gpt-5.2_run_001,SWE-Milestone-log-results/element-hq_element-web_v1.11.95_v1.11.97/mstone_trial/_codex_gpt-5.2_run_001/maintenance_ui_ux/evaluation/evaluation_result.json,0.0,0.9310344827586207,0.49122807017543857,0.6431305827307527
independent,element-hq_element-web_v1.11.95_v1.11.97,milestone_seed_05df321_1,_codex_gpt-5.2_run_001,SWE-Milestone-log-results/element-hq_element-web_v1.11.95_v1.11.97/mstone_trial/_codex_gpt-5.2_run_001/milestone_seed_05df321_1/evaluation/evaluation_result.json,1.0,1.0,1.0,1.0
independent,element-hq_element-web_v1.11.95_v1.11.97,milestone_seed_3762d40_1,_codex_gpt-5.2_run_001,SWE-Milestone-log-results/element-hq_element-web_v1.11.95_v1.11.97/mstone_trial/_codex_gpt-5.2_run_001/milestone_seed_3762d40_1/evaluation/evaluation_result.json,1.0,1.0,1.0,1.0
independent,element-hq_element-web_v1.11.95_v1.11.97,milestone_seed_3f47487_1,_codex_gpt-5.2_run_001,SWE-Milestone-log-results/element-hq_element-web_v1.11.95_v1.11.97/mstone_trial/_codex_gpt-5.2_run_001/milestone_seed_3f47487_1/evaluation/evaluation_result.json,0.0,0.4090909090909091,0.11627906976744186,0.18108651911468812
independent,element-hq_element-web_v1.11.95_v1.11.97,milestone_seed_56c7fc1_1,_codex_gpt-5.2_run_001,SWE-Milestone-log-results/element-hq_element-web_v1.11.95_v1.11.97/mstone_trial/_codex_gpt-5.2_run_001/milestone_seed_56c7fc1_1/evaluation/evaluation_result_filtered.json,1.0,1.0,1.0,1.0
independent,element-hq_element-web_v1.11.95_v1.11.97,milestone_seed_599112e_1,_codex_gpt-5.2_run_001,SWE-Milestone-log-results/element-hq_element-web_v1.11.95_v1.11.97/mstone_trial/_codex_gpt-5.2_run_001/milestone_seed_599112e_1/evaluation/evaluation_result.json,0.0,0.06666666666666667,1.0,0.125
independent,element-hq_element-web_v1.11.95_v1.11.97,milestone_seed_7ff1fd2_1,_codex_gpt-5.2_run_001,SWE-Milestone-log-results/element-hq_element-web_v1.11.95_v1.11.97/mstone_trial/_codex_gpt-5.2_run_001/milestone_seed_7ff1fd2_1/evaluation/evaluation_result.json,1.0,1.0,1.0,1.0
independent,element-hq_element-web_v1.11.95_v1.11.97,milestone_seed_8bb4d44_1,_codex_gpt-5.2_run_001,SWE-Milestone-log-results/element-hq_element-web_v1.11.95_v1.11.97/mstone_trial/_codex_gpt-5.2_run_001/milestone_seed_8bb4d44_1/evaluation/evaluation_result.json,0.0,0.375,1.0,0.5454545454545454
independent,element-hq_element-web_v1.11.95_v1.11.97,milestone_seed_aa99601_1,_codex_gpt-5.2_run_001,SWE-Milestone-log-results/element-hq_element-web_v1.11.95_v1.11.97/mstone_trial/_codex_gpt-5.2_run_001/milestone_seed_aa99601_1/evaluation/evaluation_result.json,0.0,0.5,0.21428571428571427,0.3
independent,element-hq_element-web_v1.11.95_v1.11.97,milestone_seed_be3778b_1,_codex_gpt-5.2_run_001,SWE-Milestone-log-results/element-hq_element-web_v1.11.95_v1.11.97/mstone_trial/_codex_gpt-5.2_run_001/milestone_seed_be3778b_1/evaluation/evaluation_result.json,0.0,0.7777777777777778,1.0,0.8750000000000001
independent,element-hq_element-web_v1.11.95_v1.11.97,milestone_seed_e662c19_1,_codex_gpt-5.2_run_001,SWE-Milestone-log-results/element-hq_element-web_v1.11.95_v1.11.97/mstone_trial/_codex_gpt-5.2_run_001/milestone_seed_e662c19_1/evaluation/evaluation_result.json,0.0,0.4666666666666667,0.4444444444444444,0.45528455284552843
independent,element-hq_element-web_v1.11.95_v1.11.97,milestone_seed_e9a3625_1_sub-01,_codex_gpt-5.2_run_001,SWE-Milestone-log-results/element-hq_element-web_v1.11.95_v1.11.97/mstone_trial/_codex_gpt-5.2_run_001/milestone_seed_e9a3625_1_sub-01/evaluation/evaluation_result.json,1.0,1.0,1.0,1.0
independent,element-hq_element-web_v1.11.95_v1.11.97,milestone_seed_e9a3625_1_sub-02,_codex_gpt-5.2_run_001,SWE-Milestone-log-results/element-hq_element-web_v1.11.95_v1.11.97/mstone_trial/_codex_gpt-5.2_run_001/milestone_seed_e9a3625_1_sub-02/evaluation/evaluation_result.json,0.0,0.48333333333333334,1.0,0.6516853932584269
independent,element-hq_element-web_v1.11.95_v1.11.97,milestone_seed_e9a3625_1_sub-03,_codex_gpt-5.2_run_001,SWE-Milestone-log-results/element-hq_element-web_v1.11.95_v1.11.97/mstone_trial/_codex_gpt-5.2_run_001/milestone_seed_e9a3625_1_sub-03/evaluation/evaluation_result.json,0.0,0.9090909090909091,1.0,0.9523809523809523
independent,element-hq_element-web_v1.11.95_v1.11.97,milestone_seed_f59af37_1,_codex_gpt-5.2_run_001,SWE-Milestone-log-results/element-hq_element-web_v1.11.95_v1.11.97/mstone_trial/_codex_gpt-5.2_run_001/milestone_seed_f59af37_1/evaluation/evaluation_result_filtered.json,1.0,1.0,1.0,1.0
independent,element-hq_element-web_v1.11.95_v1.11.97,milestone_seed_fba5938_1,_codex_gpt-5.2_run_001,SWE-Milestone-log-results/element-hq_element-web_v1.11.95_v1.11.97/mstone_trial/_codex_gpt-5.2_run_001/milestone_seed_fba5938_1/evaluation/evaluation_result.json,0.0,1.0,0.16666666666666666,0.2857142857142857
independent,element-hq_element-web_v1.11.95_v1.11.97,feature_enhancements,_codex_gpt-5.3-codex_run_002,SWE-Milestone-log-results/element-hq_element-web_v1.11.95_v1.11.97/mstone_trial/_codex_gpt-5.3-codex_run_002/feature_enhancements/evaluation/evaluation_result.json,1.0,1.0,1.0,1.0
independent,element-hq_element-web_v1.11.95_v1.11.97,maintenance_bug_fixes,_codex_gpt-5.3-codex_run_002,SWE-Milestone-log-results/element-hq_element-web_v1.11.95_v1.11.97/mstone_trial/_codex_gpt-5.3-codex_run_002/maintenance_bug_fixes/evaluation/evaluation_result.json,1.0,1.0,1.0,1.0
independent,element-hq_element-web_v1.11.95_v1.11.97,maintenance_ui_ux,_codex_gpt-5.3-codex_run_002,SWE-Milestone-log-results/element-hq_element-web_v1.11.95_v1.11.97/mstone_trial/_codex_gpt-5.3-codex_run_002/maintenance_ui_ux/evaluation/evaluation_result_filtered.json,0.0,0.0,0.03333333333333333,0.0
independent,element-hq_element-web_v1.11.95_v1.11.97,milestone_seed_05df321_1,_codex_gpt-5.3-codex_run_002,SWE-Milestone-log-results/element-hq_element-web_v1.11.95_v1.11.97/mstone_trial/_codex_gpt-5.3-codex_run_002/milestone_seed_05df321_1/evaluation/evaluation_result.json,1.0,1.0,1.0,1.0
independent,element-hq_element-web_v1.11.95_v1.11.97,milestone_seed_3762d40_1,_codex_gpt-5.3-codex_run_002,SWE-Milestone-log-results/element-hq_element-web_v1.11.95_v1.11.97/mstone_trial/_codex_gpt-5.3-codex_run_002/milestone_seed_3762d40_1/evaluation/evaluation_result.json,1.0,1.0,1.0,1.0
independent,element-hq_element-web_v1.11.95_v1.11.97,milestone_seed_3f47487_1,_codex_gpt-5.3-codex_run_002,SWE-Milestone-log-results/element-hq_element-web_v1.11.95_v1.11.97/mstone_trial/_codex_gpt-5.3-codex_run_002/milestone_seed_3f47487_1/evaluation/evaluation_result_filtered.json,0.0,0.1,0.04225352112676056,0.05940594059405941
independent,element-hq_element-web_v1.11.95_v1.11.97,milestone_seed_56c7fc1_1,_codex_gpt-5.3-codex_run_002,SWE-Milestone-log-results/element-hq_element-web_v1.11.95_v1.11.97/mstone_trial/_codex_gpt-5.3-codex_run_002/milestone_seed_56c7fc1_1/evaluation/evaluation_result_filtered.json,1.0,1.0,1.0,1.0
independent,element-hq_element-web_v1.11.95_v1.11.97,milestone_seed_599112e_1,_codex_gpt-5.3-codex_run_002,SWE-Milestone-log-results/element-hq_element-web_v1.11.95_v1.11.97/mstone_trial/_codex_gpt-5.3-codex_run_002/milestone_seed_599112e_1/evaluation/evaluation_result_filtered.json,1.0,1.0,1.0,1.0
independent,element-hq_element-web_v1.11.95_v1.11.97,milestone_seed_7ff1fd2_1,_codex_gpt-5.3-codex_run_002,SWE-Milestone-log-results/element-hq_element-web_v1.11.95_v1.11.97/mstone_trial/_codex_gpt-5.3-codex_run_002/milestone_seed_7ff1fd2_1/evaluation/evaluation_result.json,1.0,1.0,1.0,1.0
independent,element-hq_element-web_v1.11.95_v1.11.97,milestone_seed_8bb4d44_1,_codex_gpt-5.3-codex_run_002,SWE-Milestone-log-results/element-hq_element-web_v1.11.95_v1.11.97/mstone_trial/_codex_gpt-5.3-codex_run_002/milestone_seed_8bb4d44_1/evaluation/evaluation_result.json,0.0,0.0,1.0,0.0
independent,element-hq_element-web_v1.11.95_v1.11.97,milestone_seed_aa99601_1,_codex_gpt-5.3-codex_run_002,SWE-Milestone-log-results/element-hq_element-web_v1.11.95_v1.11.97/mstone_trial/_codex_gpt-5.3-codex_run_002/milestone_seed_aa99601_1/evaluation/evaluation_result.json,0.0,1.0,0.625,0.7692307692307693
independent,element-hq_element-web_v1.11.95_v1.11.97,milestone_seed_be3778b_1,_codex_gpt-5.3-codex_run_002,SWE-Milestone-log-results/element-hq_element-web_v1.11.95_v1.11.97/mstone_trial/_codex_gpt-5.3-codex_run_002/milestone_seed_be3778b_1/evaluation/evaluation_result.json,1.0,1.0,1.0,1.0
independent,element-hq_element-web_v1.11.95_v1.11.97,milestone_seed_e662c19_1,_codex_gpt-5.3-codex_run_002,SWE-Milestone-log-results/element-hq_element-web_v1.11.95_v1.11.97/mstone_trial/_codex_gpt-5.3-codex_run_002/milestone_seed_e662c19_1/evaluation/evaluation_result.json,0.0,0.8666666666666667,0.5833333333333334,0.6973180076628352
independent,element-hq_element-web_v1.11.95_v1.11.97,milestone_seed_e9a3625_1_sub-01,_codex_gpt-5.3-codex_run_002,SWE-Milestone-log-results/element-hq_element-web_v1.11.95_v1.11.97/mstone_trial/_codex_gpt-5.3-codex_run_002/milestone_seed_e9a3625_1_sub-01/evaluation/evaluation_result.json,1.0,1.0,1.0,1.0
independent,element-hq_element-web_v1.11.95_v1.11.97,milestone_seed_e9a3625_1_sub-02,_codex_gpt-5.3-codex_run_002,SWE-Milestone-log-results/element-hq_element-web_v1.11.95_v1.11.97/mstone_trial/_codex_gpt-5.3-codex_run_002/milestone_seed_e9a3625_1_sub-02/evaluation/evaluation_result.json,1.0,1.0,1.0,1.0
independent,element-hq_element-web_v1.11.95_v1.11.97,milestone_seed_e9a3625_1_sub-03,_codex_gpt-5.3-codex_run_002,SWE-Milestone-log-results/element-hq_element-web_v1.11.95_v1.11.97/mstone_trial/_codex_gpt-5.3-codex_run_002/milestone_seed_e9a3625_1_sub-03/evaluation/evaluation_result.json,1.0,1.0,1.0,1.0
independent,element-hq_element-web_v1.11.95_v1.11.97,milestone_seed_f59af37_1,_codex_gpt-5.3-codex_run_002,SWE-Milestone-log-results/element-hq_element-web_v1.11.95_v1.11.97/mstone_trial/_codex_gpt-5.3-codex_run_002/milestone_seed_f59af37_1/evaluation/evaluation_result_filtered.json,0.0,0.875,1.0,0.9333333333333333
independent,element-hq_element-web_v1.11.95_v1.11.97,milestone_seed_fba5938_1,_codex_gpt-5.3-codex_run_002,SWE-Milestone-log-results/element-hq_element-web_v1.11.95_v1.11.97/mstone_trial/_codex_gpt-5.3-codex_run_002/milestone_seed_fba5938_1/evaluation/evaluation_result.json,0.0,0.0,0.09090909090909091,0.0
independent,element-hq_element-web_v1.11.95_v1.11.97,feature_enhancements,_gemini-cli_gemini-3-flash_run_001,SWE-Milestone-log-results/element-hq_element-web_v1.11.95_v1.11.97/mstone_trial/_gemini-cli_gemini-3-flash_run_001/feature_enhancements/evaluation/evaluation_result.json,1.0,1.0,1.0,1.0
independent,element-hq_element-web_v1.11.95_v1.11.97,maintenance_bug_fixes,_gemini-cli_gemini-3-flash_run_001,SWE-Milestone-log-results/element-hq_element-web_v1.11.95_v1.11.97/mstone_trial/_gemini-cli_gemini-3-flash_run_001/maintenance_bug_fixes/evaluation/evaluation_result.json,1.0,1.0,1.0,1.0
independent,element-hq_element-web_v1.11.95_v1.11.97,maintenance_ui_ux,_gemini-cli_gemini-3-flash_run_001,SWE-Milestone-log-results/element-hq_element-web_v1.11.95_v1.11.97/mstone_trial/_gemini-cli_gemini-3-flash_run_001/maintenance_ui_ux/evaluation/evaluation_result.json,0.0,0.9310344827586207,0.49122807017543857,0.6431305827307527
independent,element-hq_element-web_v1.11.95_v1.11.97,milestone_seed_05df321_1,_gemini-cli_gemini-3-flash_run_001,SWE-Milestone-log-results/element-hq_element-web_v1.11.95_v1.11.97/mstone_trial/_gemini-cli_gemini-3-flash_run_001/milestone_seed_05df321_1/evaluation/evaluation_result.json,1.0,1.0,1.0,1.0
independent,element-hq_element-web_v1.11.95_v1.11.97,milestone_seed_3762d40_1,_gemini-cli_gemini-3-flash_run_001,SWE-Milestone-log-results/element-hq_element-web_v1.11.95_v1.11.97/mstone_trial/_gemini-cli_gemini-3-flash_run_001/milestone_seed_3762d40_1/evaluation/evaluation_result.json,1.0,1.0,1.0,1.0
independent,element-hq_element-web_v1.11.95_v1.11.97,milestone_seed_3f47487_1,_gemini-cli_gemini-3-flash_run_001,SWE-Milestone-log-results/element-hq_element-web_v1.11.95_v1.11.97/mstone_trial/_gemini-cli_gemini-3-flash_run_001/milestone_seed_3f47487_1/evaluation/evaluation_result.json,0.0,0.2727272727272727,0.06666666666666667,0.10714285714285715
independent,element-hq_element-web_v1.11.95_v1.11.97,milestone_seed_56c7fc1_1,_gemini-cli_gemini-3-flash_run_001,SWE-Milestone-log-results/element-hq_element-web_v1.11.95_v1.11.97/mstone_trial/_gemini-cli_gemini-3-flash_run_001/milestone_seed_56c7fc1_1/evaluation/evaluation_result_filtered.json,1.0,1.0,1.0,1.0
independent,element-hq_element-web_v1.11.95_v1.11.97,milestone_seed_599112e_1,_gemini-cli_gemini-3-flash_run_001,SWE-Milestone-log-results/element-hq_element-web_v1.11.95_v1.11.97/mstone_trial/_gemini-cli_gemini-3-flash_run_001/milestone_seed_599112e_1/evaluation/evaluation_result.json,0.0,0.4,1.0,0.5714285714285715
independent,element-hq_element-web_v1.11.95_v1.11.97,milestone_seed_7ff1fd2_1,_gemini-cli_gemini-3-flash_run_001,SWE-Milestone-log-results/element-hq_element-web_v1.11.95_v1.11.97/mstone_trial/_gemini-cli_gemini-3-flash_run_001/milestone_seed_7ff1fd2_1/evaluation/evaluation_result.json,0.0,0.2413793103448276,0.5714285714285714,0.33939393939393936
independent,element-hq_element-web_v1.11.95_v1.11.97,milestone_seed_8bb4d44_1,_gemini-cli_gemini-3-flash_run_001,SWE-Milestone-log-results/element-hq_element-web_v1.11.95_v1.11.97/mstone_trial/_gemini-cli_gemini-3-flash_run_001/milestone_seed_8bb4d44_1/evaluation/evaluation_result.json,0.0,0.5,1.0,0.6666666666666666
independent,element-hq_element-web_v1.11.95_v1.11.97,milestone_seed_aa99601_1,_gemini-cli_gemini-3-flash_run_001,SWE-Milestone-log-results/element-hq_element-web_v1.11.95_v1.11.97/mstone_trial/_gemini-cli_gemini-3-flash_run_001/milestone_seed_aa99601_1/evaluation/evaluation_result.json,0.0,0.75,0.6666666666666666,0.7058823529411765
independent,element-hq_element-web_v1.11.95_v1.11.97,milestone_seed_be3778b_1,_gemini-cli_gemini-3-flash_run_001,SWE-Milestone-log-results/element-hq_element-web_v1.11.95_v1.11.97/mstone_trial/_gemini-cli_gemini-3-flash_run_001/milestone_seed_be3778b_1/evaluation/evaluation_result.json,1.0,1.0,1.0,1.0
independent,element-hq_element-web_v1.11.95_v1.11.97,milestone_seed_e662c19_1,_gemini-cli_gemini-3-flash_run_001,SWE-Milestone-log-results/element-hq_element-web_v1.11.95_v1.11.97/mstone_trial/_gemini-cli_gemini-3-flash_run_001/milestone_seed_e662c19_1/evaluation/evaluation_result.json,0.0,0.8666666666666667,0.5833333333333334,0.6973180076628352
independent,element-hq_element-web_v1.11.95_v1.11.97,milestone_seed_e9a3625_1_sub-01,_gemini-cli_gemini-3-flash_run_001,SWE-Milestone-log-results/element-hq_element-web_v1.11.95_v1.11.97/mstone_trial/_gemini-cli_gemini-3-flash_run_001/milestone_seed_e9a3625_1_sub-01/evaluation/evaluation_result.json,1.0,1.0,1.0,1.0
independent,element-hq_element-web_v1.11.95_v1.11.97,milestone_seed_e9a3625_1_sub-02,_gemini-cli_gemini-3-flash_run_001,SWE-Milestone-log-results/element-hq_element-web_v1.11.95_v1.11.97/mstone_trial/_gemini-cli_gemini-3-flash_run_001/milestone_seed_e9a3625_1_sub-02/evaluation/evaluation_result.json,0.0,0.8333333333333334,0.3591549295774648,0.5019685039370079
independent,element-hq_element-web_v1.11.95_v1.11.97,milestone_seed_e9a3625_1_sub-03,_gemini-cli_gemini-3-flash_run_001,SWE-Milestone-log-results/element-hq_element-web_v1.11.95_v1.11.97/mstone_trial/_gemini-cli_gemini-3-flash_run_001/milestone_seed_e9a3625_1_sub-03/evaluation/evaluation_result.json,0.0,0.6363636363636364,0.13157894736842105,0.21806853582554517
independent,element-hq_element-web_v1.11.95_v1.11.97,milestone_seed_f59af37_1,_gemini-cli_gemini-3-flash_run_001,SWE-Milestone-log-results/element-hq_element-web_v1.11.95_v1.11.97/mstone_trial/_gemini-cli_gemini-3-flash_run_001/milestone_seed_f59af37_1/evaluation/evaluation_result_filtered.json,0.0,0.0,0.0002651113467656416,0.0
independent,element-hq_element-web_v1.11.95_v1.11.97,milestone_seed_fba5938_1,_gemini-cli_gemini-3-flash_run_001,SWE-Milestone-log-results/element-hq_element-web_v1.11.95_v1.11.97/mstone_trial/_gemini-cli_gemini-3-flash_run_001/milestone_seed_fba5938_1/evaluation/evaluation_result.json,0.0,0.0,0.09090909090909091,0.0
independent,element-hq_element-web_v1.11.95_v1.11.97,feature_enhancements,_gemini-cli_gemini-3-pro_run_001,SWE-Milestone-log-results/element-hq_element-web_v1.11.95_v1.11.97/mstone_trial/_gemini-cli_gemini-3-pro_run_001/feature_enhancements/evaluation/evaluation_result.json,0.0,0.6153846153846154,1.0,0.761904761904762
independent,element-hq_element-web_v1.11.95_v1.11.97,maintenance_bug_fixes,_gemini-cli_gemini-3-pro_run_001,SWE-Milestone-log-results/element-hq_element-web_v1.11.95_v1.11.97/mstone_trial/_gemini-cli_gemini-3-pro_run_001/maintenance_bug_fixes/evaluation/evaluation_result.json,1.0,1.0,1.0,1.0
independent,element-hq_element-web_v1.11.95_v1.11.97,maintenance_ui_ux,_gemini-cli_gemini-3-pro_run_001,SWE-Milestone-log-results/element-hq_element-web_v1.11.95_v1.11.97/mstone_trial/_gemini-cli_gemini-3-pro_run_001/maintenance_ui_ux/evaluation/evaluation_result_filtered.json,0.0,1.0,0.49122807017543857,0.6588235294117647
independent,element-hq_element-web_v1.11.95_v1.11.97,milestone_seed_05df321_1,_gemini-cli_gemini-3-pro_run_001,SWE-Milestone-log-results/element-hq_element-web_v1.11.95_v1.11.97/mstone_trial/_gemini-cli_gemini-3-pro_run_001/milestone_seed_05df321_1/evaluation/evaluation_result.json,1.0,1.0,1.0,1.0
independent,element-hq_element-web_v1.11.95_v1.11.97,milestone_seed_3762d40_1,_gemini-cli_gemini-3-pro_run_001,SWE-Milestone-log-results/element-hq_element-web_v1.11.95_v1.11.97/mstone_trial/_gemini-cli_gemini-3-pro_run_001/milestone_seed_3762d40_1/evaluation/evaluation_result.json,1.0,1.0,1.0,1.0
independent,element-hq_element-web_v1.11.95_v1.11.97,milestone_seed_3f47487_1,_gemini-cli_gemini-3-pro_run_001,SWE-Milestone-log-results/element-hq_element-web_v1.11.95_v1.11.97/mstone_trial/_gemini-cli_gemini-3-pro_run_001/milestone_seed_3f47487_1/evaluation/evaluation_result_filtered.json,0.0,0.7,0.17647058823529413,0.2818791946308725
independent,element-hq_element-web_v1.11.95_v1.11.97,milestone_seed_56c7fc1_1,_gemini-cli_gemini-3-pro_run_001,SWE-Milestone-log-results/element-hq_element-web_v1.11.95_v1.11.97/mstone_trial/_gemini-cli_gemini-3-pro_run_001/milestone_seed_56c7fc1_1/evaluation/evaluation_result_filtered.json,1.0,1.0,1.0,1.0
independent,element-hq_element-web_v1.11.95_v1.11.97,milestone_seed_599112e_1,_gemini-cli_gemini-3-pro_run_001,SWE-Milestone-log-results/element-hq_element-web_v1.11.95_v1.11.97/mstone_trial/_gemini-cli_gemini-3-pro_run_001/milestone_seed_599112e_1/evaluation/evaluation_result_filtered.json,0.0,0.3333333333333333,1.0,0.5
independent,element-hq_element-web_v1.11.95_v1.11.97,milestone_seed_7ff1fd2_1,_gemini-cli_gemini-3-pro_run_001,SWE-Milestone-log-results/element-hq_element-web_v1.11.95_v1.11.97/mstone_trial/_gemini-cli_gemini-3-pro_run_001/milestone_seed_7ff1fd2_1/evaluation/evaluation_result.json,1.0,1.0,1.0,1.0
independent,element-hq_element-web_v1.11.95_v1.11.97,milestone_seed_8bb4d44_1,_gemini-cli_gemini-3-pro_run_001,SWE-Milestone-log-results/element-hq_element-web_v1.11.95_v1.11.97/mstone_trial/_gemini-cli_gemini-3-pro_run_001/milestone_seed_8bb4d44_1/evaluation/evaluation_result.json,1.0,1.0,1.0,1.0
independent,element-hq_element-web_v1.11.95_v1.11.97,milestone_seed_aa99601_1,_gemini-cli_gemini-3-pro_run_001,SWE-Milestone-log-results/element-hq_element-web_v1.11.95_v1.11.97/mstone_trial/_gemini-cli_gemini-3-pro_run_001/milestone_seed_aa99601_1/evaluation/evaluation_result.json,0.0,0.75,0.4444444444444444,0.5581395348837209
independent,element-hq_element-web_v1.11.95_v1.11.97,milestone_seed_be3778b_1,_gemini-cli_gemini-3-pro_run_001,SWE-Milestone-log-results/element-hq_element-web_v1.11.95_v1.11.97/mstone_trial/_gemini-cli_gemini-3-pro_run_001/milestone_seed_be3778b_1/evaluation/evaluation_result.json,0.0,0.7777777777777778,1.0,0.8750000000000001
independent,element-hq_element-web_v1.11.95_v1.11.97,milestone_seed_e662c19_1,_gemini-cli_gemini-3-pro_run_001,SWE-Milestone-log-results/element-hq_element-web_v1.11.95_v1.11.97/mstone_trial/_gemini-cli_gemini-3-pro_run_001/milestone_seed_e662c19_1/evaluation/evaluation_result.json,0.0,0.8666666666666667,0.5833333333333334,0.6973180076628352
independent,element-hq_element-web_v1.11.95_v1.11.97,milestone_seed_e9a3625_1_sub-01,_gemini-cli_gemini-3-pro_run_001,SWE-Milestone-log-results/element-hq_element-web_v1.11.95_v1.11.97/mstone_trial/_gemini-cli_gemini-3-pro_run_001/milestone_seed_e9a3625_1_sub-01/evaluation/evaluation_result.json,1.0,1.0,1.0,1.0
independent,element-hq_element-web_v1.11.95_v1.11.97,milestone_seed_e9a3625_1_sub-02,_gemini-cli_gemini-3-pro_run_001,SWE-Milestone-log-results/element-hq_element-web_v1.11.95_v1.11.97/mstone_trial/_gemini-cli_gemini-3-pro_run_001/milestone_seed_e9a3625_1_sub-02/evaluation/evaluation_result.json,0.0,0.65,1.0,0.787878787878788
independent,element-hq_element-web_v1.11.95_v1.11.97,milestone_seed_e9a3625_1_sub-03,_gemini-cli_gemini-3-pro_run_001,SWE-Milestone-log-results/element-hq_element-web_v1.11.95_v1.11.97/mstone_trial/_gemini-cli_gemini-3-pro_run_001/milestone_seed_e9a3625_1_sub-03/evaluation/evaluation_result.json,0.0,0.9545454545454546,1.0,0.9767441860465117
independent,element-hq_element-web_v1.11.95_v1.11.97,milestone_seed_f59af37_1,_gemini-cli_gemini-3-pro_run_001,SWE-Milestone-log-results/element-hq_element-web_v1.11.95_v1.11.97/mstone_trial/_gemini-cli_gemini-3-pro_run_001/milestone_seed_f59af37_1/evaluation/evaluation_result_filtered.json,1.0,1.0,1.0,1.0
independent,element-hq_element-web_v1.11.95_v1.11.97,milestone_seed_fba5938_1,_gemini-cli_gemini-3-pro_run_001,SWE-Milestone-log-results/element-hq_element-web_v1.11.95_v1.11.97/mstone_trial/_gemini-cli_gemini-3-pro_run_001/milestone_seed_fba5938_1/evaluation/evaluation_result.json,0.0,0.0,0.09090909090909091,0.0
independent,element-hq_element-web_v1.11.95_v1.11.97,feature_enhancements,_gemini-cli_gemini-3.1-pro_run_002,SWE-Milestone-log-results/element-hq_element-web_v1.11.95_v1.11.97/mstone_trial/_gemini-cli_gemini-3.1-pro_run_002/feature_enhancements/evaluation/evaluation_result.json,1.0,1.0,1.0,1.0
independent,element-hq_element-web_v1.11.95_v1.11.97,maintenance_bug_fixes,_gemini-cli_gemini-3.1-pro_run_002,SWE-Milestone-log-results/element-hq_element-web_v1.11.95_v1.11.97/mstone_trial/_gemini-cli_gemini-3.1-pro_run_002/maintenance_bug_fixes/evaluation/evaluation_result.json,1.0,1.0,1.0,1.0
independent,element-hq_element-web_v1.11.95_v1.11.97,maintenance_ui_ux,_gemini-cli_gemini-3.1-pro_run_002,SWE-Milestone-log-results/element-hq_element-web_v1.11.95_v1.11.97/mstone_trial/_gemini-cli_gemini-3.1-pro_run_002/maintenance_ui_ux/evaluation/evaluation_result_filtered.json,0.0,0.0,0.03225806451612903,0.0
independent,element-hq_element-web_v1.11.95_v1.11.97,milestone_seed_05df321_1,_gemini-cli_gemini-3.1-pro_run_002,SWE-Milestone-log-results/element-hq_element-web_v1.11.95_v1.11.97/mstone_trial/_gemini-cli_gemini-3.1-pro_run_002/milestone_seed_05df321_1/evaluation/evaluation_result.json,1.0,1.0,1.0,1.0
independent,element-hq_element-web_v1.11.95_v1.11.97,milestone_seed_3762d40_1,_gemini-cli_gemini-3.1-pro_run_002,SWE-Milestone-log-results/element-hq_element-web_v1.11.95_v1.11.97/mstone_trial/_gemini-cli_gemini-3.1-pro_run_002/milestone_seed_3762d40_1/evaluation/evaluation_result.json,1.0,1.0,1.0,1.0
independent,element-hq_element-web_v1.11.95_v1.11.97,milestone_seed_3f47487_1,_gemini-cli_gemini-3.1-pro_run_002,SWE-Milestone-log-results/element-hq_element-web_v1.11.95_v1.11.97/mstone_trial/_gemini-cli_gemini-3.1-pro_run_002/milestone_seed_3f47487_1/evaluation/evaluation_result_filtered.json,0.0,0.1,0.0007865757734661773,0.0015608740894901144
independent,element-hq_element-web_v1.11.95_v1.11.97,milestone_seed_56c7fc1_1,_gemini-cli_gemini-3.1-pro_run_002,SWE-Milestone-log-results/element-hq_element-web_v1.11.95_v1.11.97/mstone_trial/_gemini-cli_gemini-3.1-pro_run_002/milestone_seed_56c7fc1_1/evaluation/evaluation_result_filtered.json,1.0,1.0,1.0,1.0
independent,element-hq_element-web_v1.11.95_v1.11.97,milestone_seed_599112e_1,_gemini-cli_gemini-3.1-pro_run_002,SWE-Milestone-log-results/element-hq_element-web_v1.11.95_v1.11.97/mstone_trial/_gemini-cli_gemini-3.1-pro_run_002/milestone_seed_599112e_1/evaluation/evaluation_result_filtered.json,0.0,0.3333333333333333,0.75,0.46153846153846156
independent,element-hq_element-web_v1.11.95_v1.11.97,milestone_seed_7ff1fd2_1,_gemini-cli_gemini-3.1-pro_run_002,SWE-Milestone-log-results/element-hq_element-web_v1.11.95_v1.11.97/mstone_trial/_gemini-cli_gemini-3.1-pro_run_002/milestone_seed_7ff1fd2_1/evaluation/evaluation_result.json,0.0,0.9655172413793104,1.0,0.9824561403508771
independent,element-hq_element-web_v1.11.95_v1.11.97,milestone_seed_8bb4d44_1,_gemini-cli_gemini-3.1-pro_run_002,SWE-Milestone-log-results/element-hq_element-web_v1.11.95_v1.11.97/mstone_trial/_gemini-cli_gemini-3.1-pro_run_002/milestone_seed_8bb4d44_1/evaluation/evaluation_result.json,1.0,1.0,1.0,1.0
independent,element-hq_element-web_v1.11.95_v1.11.97,milestone_seed_aa99601_1,_gemini-cli_gemini-3.1-pro_run_002,SWE-Milestone-log-results/element-hq_element-web_v1.11.95_v1.11.97/mstone_trial/_gemini-cli_gemini-3.1-pro_run_002/milestone_seed_aa99601_1/evaluation/evaluation_result.json,0.0,0.25,0.03333333333333333,0.058823529411764705
independent,element-hq_element-web_v1.11.95_v1.11.97,milestone_seed_be3778b_1,_gemini-cli_gemini-3.1-pro_run_002,SWE-Milestone-log-results/element-hq_element-web_v1.11.95_v1.11.97/mstone_trial/_gemini-cli_gemini-3.1-pro_run_002/milestone_seed_be3778b_1/evaluation/evaluation_result.json,0.0,0.7777777777777778,0.8,0.7887323943661971
independent,element-hq_element-web_v1.11.95_v1.11.97,milestone_seed_e662c19_1,_gemini-cli_gemini-3.1-pro_run_002,SWE-Milestone-log-results/element-hq_element-web_v1.11.95_v1.11.97/mstone_trial/_gemini-cli_gemini-3.1-pro_run_002/milestone_seed_e662c19_1/evaluation/evaluation_result.json,0.0,0.8,0.5652173913043478,0.6624203821656051
independent,element-hq_element-web_v1.11.95_v1.11.97,milestone_seed_e9a3625_1_sub-01,_gemini-cli_gemini-3.1-pro_run_002,SWE-Milestone-log-results/element-hq_element-web_v1.11.95_v1.11.97/mstone_trial/_gemini-cli_gemini-3.1-pro_run_002/milestone_seed_e9a3625_1_sub-01/evaluation/evaluation_result.json,1.0,1.0,1.0,1.0
independent,element-hq_element-web_v1.11.95_v1.11.97,milestone_seed_e9a3625_1_sub-02,_gemini-cli_gemini-3.1-pro_run_002,SWE-Milestone-log-results/element-hq_element-web_v1.11.95_v1.11.97/mstone_trial/_gemini-cli_gemini-3.1-pro_run_002/milestone_seed_e9a3625_1_sub-02/evaluation/evaluation_result.json,1.0,1.0,1.0,1.0
independent,element-hq_element-web_v1.11.95_v1.11.97,milestone_seed_e9a3625_1_sub-03,_gemini-cli_gemini-3.1-pro_run_002,SWE-Milestone-log-results/element-hq_element-web_v1.11.95_v1.11.97/mstone_trial/_gemini-cli_gemini-3.1-pro_run_002/milestone_seed_e9a3625_1_sub-03/evaluation/evaluation_result.json,0.0,0.9090909090909091,1.0,0.9523809523809523
independent,element-hq_element-web_v1.11.95_v1.11.97,milestone_seed_f59af37_1,_gemini-cli_gemini-3.1-pro_run_002,SWE-Milestone-log-results/element-hq_element-web_v1.11.95_v1.11.97/mstone_trial/_gemini-cli_gemini-3.1-pro_run_002/milestone_seed_f59af37_1/evaluation/evaluation_result_filtered.json,0.0,0.875,1.0,0.9333333333333333
independent,element-hq_element-web_v1.11.95_v1.11.97,milestone_seed_fba5938_1,_gemini-cli_gemini-3.1-pro_run_002,SWE-Milestone-log-results/element-hq_element-web_v1.11.95_v1.11.97/mstone_trial/_gemini-cli_gemini-3.1-pro_run_002/milestone_seed_fba5938_1/evaluation/evaluation_result.json,0.0,1.0,0.16666666666666666,0.2857142857142857
e2e,element-hq_element-web_v1.11.95_v1.11.97,feature_enhancements,_claude-code_glm-5.1_refine_run_002,SWE-Milestone-log-results/element-hq_element-web_v1.11.95_v1.11.97/e2e_trial/_claude-code_glm-5.1_refine_run_002/evaluation/feature_enhancements/evaluation_result.json,0.0,0.6923076923076923,0.5263157894736842,0.5980066445182723
e2e,element-hq_element-web_v1.11.95_v1.11.97,maintenance_ui_ux,_claude-code_glm-5.1_refine_run_002,SWE-Milestone-log-results/element-hq_element-web_v1.11.95_v1.11.97/e2e_trial/_claude-code_glm-5.1_refine_run_002/evaluation/maintenance_ui_ux/evaluation_result_filtered.json,0.0,1.0,0.49122807017543857,0.6588235294117647
e2e,element-hq_element-web_v1.11.95_v1.11.97,milestone_seed_3762d40_1,_claude-code_glm-5.1_refine_run_002,SWE-Milestone-log-results/element-hq_element-web_v1.11.95_v1.11.97/e2e_trial/_claude-code_glm-5.1_refine_run_002/evaluation/milestone_seed_3762d40_1/evaluation_result.json,0.0,0.0,0.027777777777777776,0.0
e2e,element-hq_element-web_v1.11.95_v1.11.97,milestone_seed_3f47487_1,_claude-code_glm-5.1_refine_run_002,SWE-Milestone-log-results/element-hq_element-web_v1.11.95_v1.11.97/e2e_trial/_claude-code_glm-5.1_refine_run_002/evaluation/milestone_seed_3f47487_1/evaluation_result_filtered.json,0.0,0.45,0.10526315789473684,0.17061611374407581
e2e,element-hq_element-web_v1.11.95_v1.11.97,milestone_seed_56c7fc1_1,_claude-code_glm-5.1_refine_run_002,SWE-Milestone-log-results/element-hq_element-web_v1.11.95_v1.11.97/e2e_trial/_claude-code_glm-5.1_refine_run_002/evaluation/milestone_seed_56c7fc1_1/evaluation_result_filtered.json,0.0,0.5,1.0,0.6666666666666666
e2e,element-hq_element-web_v1.11.95_v1.11.97,milestone_seed_599112e_1,_claude-code_glm-5.1_refine_run_002,SWE-Milestone-log-results/element-hq_element-web_v1.11.95_v1.11.97/e2e_trial/_claude-code_glm-5.1_refine_run_002/evaluation/milestone_seed_599112e_1/evaluation_result_filtered.json,0.0,0.3333333333333333,1.0,0.5
e2e,element-hq_element-web_v1.11.95_v1.11.97,milestone_seed_7ff1fd2_1,_claude-code_glm-5.1_refine_run_002,SWE-Milestone-log-results/element-hq_element-web_v1.11.95_v1.11.97/e2e_trial/_claude-code_glm-5.1_refine_run_002/evaluation/milestone_seed_7ff1fd2_1/evaluation_result.json,0.0,0.9655172413793104,1.0,0.9824561403508771
e2e,element-hq_element-web_v1.11.95_v1.11.97,milestone_seed_8bb4d44_1,_claude-code_glm-5.1_refine_run_002,SWE-Milestone-log-results/element-hq_element-web_v1.11.95_v1.11.97/e2e_trial/_claude-code_glm-5.1_refine_run_002/evaluation/milestone_seed_8bb4d44_1/evaluation_result.json,0.0,0.375,0.5714285714285714,0.4528301886792453
e2e,element-hq_element-web_v1.11.95_v1.11.97,milestone_seed_aa99601_1,_claude-code_glm-5.1_refine_run_002,SWE-Milestone-log-results/element-hq_element-web_v1.11.95_v1.11.97/e2e_trial/_claude-code_glm-5.1_refine_run_002/evaluation/milestone_seed_aa99601_1/evaluation_result.json,0.0,0.5,0.05357142857142857,0.09677419354838708
e2e,element-hq_element-web_v1.11.95_v1.11.97,milestone_seed_be3778b_1,_claude-code_glm-5.1_refine_run_002,SWE-Milestone-log-results/element-hq_element-web_v1.11.95_v1.11.97/e2e_trial/_claude-code_glm-5.1_refine_run_002/evaluation/milestone_seed_be3778b_1/evaluation_result.json,0.0,0.7777777777777778,0.32,0.45344129554655876
e2e,element-hq_element-web_v1.11.95_v1.11.97,milestone_seed_e662c19_1,_claude-code_glm-5.1_refine_run_002,SWE-Milestone-log-results/element-hq_element-web_v1.11.95_v1.11.97/e2e_trial/_claude-code_glm-5.1_refine_run_002/evaluation/milestone_seed_e662c19_1/evaluation_result.json,0.0,0.4,0.3684210526315789,0.3835616438356164
e2e,element-hq_element-web_v1.11.95_v1.11.97,milestone_seed_e9a3625_1_sub-01,_claude-code_glm-5.1_refine_run_002,SWE-Milestone-log-results/element-hq_element-web_v1.11.95_v1.11.97/e2e_trial/_claude-code_glm-5.1_refine_run_002/evaluation/milestone_seed_e9a3625_1_sub-01/evaluation_result.json,0.0,1.0,0.25,0.4
e2e,element-hq_element-web_v1.11.95_v1.11.97,milestone_seed_e9a3625_1_sub-02,_claude-code_glm-5.1_refine_run_002,SWE-Milestone-log-results/element-hq_element-web_v1.11.95_v1.11.97/e2e_trial/_claude-code_glm-5.1_refine_run_002/evaluation/milestone_seed_e9a3625_1_sub-02/evaluation_result.json,0.0,0.55,0.35051546391752575,0.4281625643961076
e2e,element-hq_element-web_v1.11.95_v1.11.97,milestone_seed_e9a3625_1_sub-03,_claude-code_glm-5.1_refine_run_002,SWE-Milestone-log-results/element-hq_element-web_v1.11.95_v1.11.97/e2e_trial/_claude-code_glm-5.1_refine_run_002/evaluation/milestone_seed_e9a3625_1_sub-03/evaluation_result.json,0.0,0.3181818181818182,0.0761904761904762,0.1229418221734358
e2e,element-hq_element-web_v1.11.95_v1.11.97,milestone_seed_f59af37_1,_claude-code_glm-5.1_refine_run_002,SWE-Milestone-log-results/element-hq_element-web_v1.11.95_v1.11.97/e2e_trial/_claude-code_glm-5.1_refine_run_002/evaluation/milestone_seed_f59af37_1/evaluation_result_filtered.json,0.0,0.9375,0.3902439024390244,0.5510907003444317
e2e,element-hq_element-web_v1.11.95_v1.11.97,milestone_seed_fba5938_1,_claude-code_glm-5.1_refine_run_002,SWE-Milestone-log-results/element-hq_element-web_v1.11.95_v1.11.97/e2e_trial/_claude-code_glm-5.1_refine_run_002/evaluation/milestone_seed_fba5938_1/evaluation_result.json,0.0,0.0,0.07692307692307693,0.0
e2e,element-hq_element-web_v1.11.95_v1.11.97,feature_enhancements,_claude-code_glm-5.1_run_002,SWE-Milestone-log-results/element-hq_element-web_v1.11.95_v1.11.97/e2e_trial/_claude-code_glm-5.1_run_002/evaluation/feature_enhancements/evaluation_result.json,0.0,0.6923076923076923,0.07874015748031496,0.14139827179890024
e2e,element-hq_element-web_v1.11.95_v1.11.97,maintenance_ui_ux,_claude-code_glm-5.1_run_002,SWE-Milestone-log-results/element-hq_element-web_v1.11.95_v1.11.97/e2e_trial/_claude-code_glm-5.1_run_002/evaluation/maintenance_ui_ux/evaluation_result_filtered.json,0.0,1.0,0.49122807017543857,0.6588235294117647
e2e,element-hq_element-web_v1.11.95_v1.11.97,milestone_seed_3762d40_1,_claude-code_glm-5.1_run_002,SWE-Milestone-log-results/element-hq_element-web_v1.11.95_v1.11.97/e2e_trial/_claude-code_glm-5.1_run_002/evaluation/milestone_seed_3762d40_1/evaluation_result.json,0.0,0.0,0.02040816326530612,0.0
e2e,element-hq_element-web_v1.11.95_v1.11.97,milestone_seed_3f47487_1,_claude-code_glm-5.1_run_002,SWE-Milestone-log-results/element-hq_element-web_v1.11.95_v1.11.97/e2e_trial/_claude-code_glm-5.1_run_002/evaluation/milestone_seed_3f47487_1/evaluation_result_filtered.json,0.0,0.1,0.01639344262295082,0.028169014084507043
e2e,element-hq_element-web_v1.11.95_v1.11.97,milestone_seed_56c7fc1_1,_claude-code_glm-5.1_run_002,SWE-Milestone-log-results/element-hq_element-web_v1.11.95_v1.11.97/e2e_trial/_claude-code_glm-5.1_run_002/evaluation/milestone_seed_56c7fc1_1/evaluation_result_filtered.json,0.0,0.0,1.0,0.0
e2e,element-hq_element-web_v1.11.95_v1.11.97,milestone_seed_599112e_1,_claude-code_glm-5.1_run_002,SWE-Milestone-log-results/element-hq_element-web_v1.11.95_v1.11.97/e2e_trial/_claude-code_glm-5.1_run_002/evaluation/milestone_seed_599112e_1/evaluation_result_filtered.json,0.0,0.0,1.0,0.0
e2e,element-hq_element-web_v1.11.95_v1.11.97,milestone_seed_7ff1fd2_1,_claude-code_glm-5.1_run_002,SWE-Milestone-log-results/element-hq_element-web_v1.11.95_v1.11.97/e2e_trial/_claude-code_glm-5.1_run_002/evaluation/milestone_seed_7ff1fd2_1/evaluation_result.json,0.0,0.9655172413793104,0.2230769230769231,0.36241910287882173
e2e,element-hq_element-web_v1.11.95_v1.11.97,milestone_seed_8bb4d44_1,_claude-code_glm-5.1_run_002,SWE-Milestone-log-results/element-hq_element-web_v1.11.95_v1.11.97/e2e_trial/_claude-code_glm-5.1_run_002/evaluation/milestone_seed_8bb4d44_1/evaluation_result.json,0.0,0.5,0.045871559633027525,0.08403361344537816
e2e,element-hq_element-web_v1.11.95_v1.11.97,milestone_seed_aa99601_1,_claude-code_glm-5.1_run_002,SWE-Milestone-log-results/element-hq_element-web_v1.11.95_v1.11.97/e2e_trial/_claude-code_glm-5.1_run_002/evaluation/milestone_seed_aa99601_1/evaluation_result.json,0.0,0.0,0.006622516556291391,0.0
e2e,element-hq_element-web_v1.11.95_v1.11.97,milestone_seed_be3778b_1,_claude-code_glm-5.1_run_002,SWE-Milestone-log-results/element-hq_element-web_v1.11.95_v1.11.97/e2e_trial/_claude-code_glm-5.1_run_002/evaluation/milestone_seed_be3778b_1/evaluation_result.json,0.0,0.5555555555555556,0.05555555555555555,0.101010101010101
e2e,element-hq_element-web_v1.11.95_v1.11.97,milestone_seed_e662c19_1,_claude-code_glm-5.1_run_002,SWE-Milestone-log-results/element-hq_element-web_v1.11.95_v1.11.97/e2e_trial/_claude-code_glm-5.1_run_002/evaluation/milestone_seed_e662c19_1/evaluation_result.json,0.0,0.8,0.10483870967741936,0.18538324420677363
e2e,element-hq_element-web_v1.11.95_v1.11.97,milestone_seed_e9a3625_1_sub-01,_claude-code_glm-5.1_run_002,SWE-Milestone-log-results/element-hq_element-web_v1.11.95_v1.11.97/e2e_trial/_claude-code_glm-5.1_run_002/evaluation/milestone_seed_e9a3625_1_sub-01/evaluation_result.json,0.0,1.0,0.027522935779816515,0.05357142857142857
e2e,element-hq_element-web_v1.11.95_v1.11.97,milestone_seed_e9a3625_1_sub-02,_claude-code_glm-5.1_run_002,SWE-Milestone-log-results/element-hq_element-web_v1.11.95_v1.11.97/e2e_trial/_claude-code_glm-5.1_run_002/evaluation/milestone_seed_e9a3625_1_sub-02/evaluation_result.json,0.0,0.6833333333333333,0.2916666666666667,0.40883190883190884
e2e,element-hq_element-web_v1.11.95_v1.11.97,milestone_seed_e9a3625_1_sub-03,_claude-code_glm-5.1_run_002,SWE-Milestone-log-results/element-hq_element-web_v1.11.95_v1.11.97/e2e_trial/_claude-code_glm-5.1_run_002/evaluation/milestone_seed_e9a3625_1_sub-03/evaluation_result.json,0.0,0.6818181818181818,0.08205128205128205,0.14647543484894718
e2e,element-hq_element-web_v1.11.95_v1.11.97,milestone_seed_f59af37_1,_claude-code_glm-5.1_run_002,SWE-Milestone-log-results/element-hq_element-web_v1.11.95_v1.11.97/e2e_trial/_claude-code_glm-5.1_run_002/evaluation/milestone_seed_f59af37_1/evaluation_result_filtered.json,0.0,0.0,0.00909090909090909,0.0
e2e,element-hq_element-web_v1.11.95_v1.11.97,milestone_seed_fba5938_1,_claude-code_glm-5.1_run_002,SWE-Milestone-log-results/element-hq_element-web_v1.11.95_v1.11.97/e2e_trial/_claude-code_glm-5.1_run_002/evaluation/milestone_seed_fba5938_1/evaluation_result.json,0.0,0.0,0.008928571428571428,0.0
e2e,element-hq_element-web_v1.11.95_v1.11.97,feature_enhancements,_claude-code_glm-5_refine_run_002,SWE-Milestone-log-results/element-hq_element-web_v1.11.95_v1.11.97/e2e_trial/_claude-code_glm-5_refine_run_002/evaluation/feature_enhancements/evaluation_result.json,0.0,0.0,0.0002681684097613301,0.0
e2e,element-hq_element-web_v1.11.95_v1.11.97,maintenance_ui_ux,_claude-code_glm-5_refine_run_002,SWE-Milestone-log-results/element-hq_element-web_v1.11.95_v1.11.97/e2e_trial/_claude-code_glm-5_refine_run_002/evaluation/maintenance_ui_ux/evaluation_result_filtered.json,0.0,1.0,0.4745762711864407,0.6436781609195402
e2e,element-hq_element-web_v1.11.95_v1.11.97,milestone_seed_3762d40_1,_claude-code_glm-5_refine_run_002,SWE-Milestone-log-results/element-hq_element-web_v1.11.95_v1.11.97/e2e_trial/_claude-code_glm-5_refine_run_002/evaluation/milestone_seed_3762d40_1/evaluation_result.json,0.0,0.0,0.02631578947368421,0.0
e2e,element-hq_element-web_v1.11.95_v1.11.97,milestone_seed_3f47487_1,_claude-code_glm-5_refine_run_002,SWE-Milestone-log-results/element-hq_element-web_v1.11.95_v1.11.97/e2e_trial/_claude-code_glm-5_refine_run_002/evaluation/milestone_seed_3f47487_1/evaluation_result_filtered.json,0.0,0.1,0.0008051529790660225,0.001597444089456869
e2e,element-hq_element-web_v1.11.95_v1.11.97,milestone_seed_56c7fc1_1,_claude-code_glm-5_refine_run_002,SWE-Milestone-log-results/element-hq_element-web_v1.11.95_v1.11.97/e2e_trial/_claude-code_glm-5_refine_run_002/evaluation/milestone_seed_56c7fc1_1/evaluation_result_filtered.json,0.0,0.0,0.3333333333333333,0.0
e2e,element-hq_element-web_v1.11.95_v1.11.97,milestone_seed_599112e_1,_claude-code_glm-5_refine_run_002,SWE-Milestone-log-results/element-hq_element-web_v1.11.95_v1.11.97/e2e_trial/_claude-code_glm-5_refine_run_002/evaluation/milestone_seed_599112e_1/evaluation_result_filtered.json,0.0,0.0,0.0072992700729927005,0.0
e2e,element-hq_element-web_v1.11.95_v1.11.97,milestone_seed_7ff1fd2_1,_claude-code_glm-5_refine_run_002,SWE-Milestone-log-results/element-hq_element-web_v1.11.95_v1.11.97/e2e_trial/_claude-code_glm-5_refine_run_002/evaluation/milestone_seed_7ff1fd2_1/evaluation_result.json,0.0,0.3793103448275862,0.08108108108108109,0.13360323886639677
e2e,element-hq_element-web_v1.11.95_v1.11.97,milestone_seed_8bb4d44_1,_claude-code_glm-5_refine_run_002,SWE-Milestone-log-results/element-hq_element-web_v1.11.95_v1.11.97/e2e_trial/_claude-code_glm-5_refine_run_002/evaluation/milestone_seed_8bb4d44_1/evaluation_result.json,0.0,0.125,0.0005443658138268917,0.0010840108401084013
e2e,element-hq_element-web_v1.11.95_v1.11.97,milestone_seed_aa99601_1,_claude-code_glm-5_refine_run_002,SWE-Milestone-log-results/element-hq_element-web_v1.11.95_v1.11.97/e2e_trial/_claude-code_glm-5_refine_run_002/evaluation/milestone_seed_aa99601_1/evaluation_result.json,0.0,0.0,0.0053475935828877,0.0
e2e,element-hq_element-web_v1.11.95_v1.11.97,milestone_seed_be3778b_1,_claude-code_glm-5_refine_run_002,SWE-Milestone-log-results/element-hq_element-web_v1.11.95_v1.11.97/e2e_trial/_claude-code_glm-5_refine_run_002/evaluation/milestone_seed_be3778b_1/evaluation_result.json,0.0,0.5555555555555556,0.023255813953488372,0.044642857142857144
e2e,element-hq_element-web_v1.11.95_v1.11.97,milestone_seed_e662c19_1,_claude-code_glm-5_refine_run_002,SWE-Milestone-log-results/element-hq_element-web_v1.11.95_v1.11.97/e2e_trial/_claude-code_glm-5_refine_run_002/evaluation/milestone_seed_e662c19_1/evaluation_result.json,0.0,0.26666666666666666,0.001348799568384138,0.002684023351003154
e2e,element-hq_element-web_v1.11.95_v1.11.97,milestone_seed_e9a3625_1_sub-01,_claude-code_glm-5_refine_run_002,SWE-Milestone-log-results/element-hq_element-web_v1.11.95_v1.11.97/e2e_trial/_claude-code_glm-5_refine_run_002/evaluation/milestone_seed_e9a3625_1_sub-01/evaluation_result.json,0.0,0.0,0.00026860059092130003,0.0
e2e,element-hq_element-web_v1.11.95_v1.11.97,milestone_seed_e9a3625_1_sub-02,_claude-code_glm-5_refine_run_002,SWE-Milestone-log-results/element-hq_element-web_v1.11.95_v1.11.97/e2e_trial/_claude-code_glm-5_refine_run_002/evaluation/milestone_seed_e9a3625_1_sub-02/evaluation_result.json,0.0,0.0,0.0002701972439881113,0.0
e2e,element-hq_element-web_v1.11.95_v1.11.97,milestone_seed_e9a3625_1_sub-03,_claude-code_glm-5_refine_run_002,SWE-Milestone-log-results/element-hq_element-web_v1.11.95_v1.11.97/e2e_trial/_claude-code_glm-5_refine_run_002/evaluation/milestone_seed_e9a3625_1_sub-03/evaluation_result.json,0.0,0.045454545454545456,0.0005309264666843643,0.0010495932826029915
e2e,element-hq_element-web_v1.11.95_v1.11.97,milestone_seed_f59af37_1,_claude-code_glm-5_refine_run_002,SWE-Milestone-log-results/element-hq_element-web_v1.11.95_v1.11.97/e2e_trial/_claude-code_glm-5_refine_run_002/evaluation/milestone_seed_f59af37_1/evaluation_result_filtered.json,0.0,0.0,0.00026961445133459155,0.0
e2e,element-hq_element-web_v1.11.95_v1.11.97,milestone_seed_fba5938_1,_claude-code_glm-5_refine_run_002,SWE-Milestone-log-results/element-hq_element-web_v1.11.95_v1.11.97/e2e_trial/_claude-code_glm-5_refine_run_002/evaluation/milestone_seed_fba5938_1/evaluation_result.json,0.0,0.0,0.0002701242571582928,0.0
e2e,element-hq_element-web_v1.11.95_v1.11.97,feature_enhancements,_claude-code_glm-5_run_002,SWE-Milestone-log-results/element-hq_element-web_v1.11.95_v1.11.97/e2e_trial/_claude-code_glm-5_run_002/evaluation/feature_enhancements/evaluation_result.json,0.0,0.07692307692307693,0.15384615384615385,0.10256410256410257
e2e,element-hq_element-web_v1.11.95_v1.11.97,maintenance_ui_ux,_claude-code_glm-5_run_002,SWE-Milestone-log-results/element-hq_element-web_v1.11.95_v1.11.97/e2e_trial/_claude-code_glm-5_run_002/evaluation/maintenance_ui_ux/evaluation_result_filtered.json,0.0,1.0,0.49122807017543857,0.6588235294117647
e2e,element-hq_element-web_v1.11.95_v1.11.97,milestone_seed_3762d40_1,_claude-code_glm-5_run_002,SWE-Milestone-log-results/element-hq_element-web_v1.11.95_v1.11.97/e2e_trial/_claude-code_glm-5_run_002/evaluation/milestone_seed_3762d40_1/evaluation_result.json,0.0,0.25,0.07894736842105263,0.11999999999999998
e2e,element-hq_element-web_v1.11.95_v1.11.97,milestone_seed_3f47487_1,_claude-code_glm-5_run_002,SWE-Milestone-log-results/element-hq_element-web_v1.11.95_v1.11.97/e2e_trial/_claude-code_glm-5_run_002/evaluation/milestone_seed_3f47487_1/evaluation_result_filtered.json,0.0,0.0,0.041666666666666664,0.0
e2e,element-hq_element-web_v1.11.95_v1.11.97,milestone_seed_56c7fc1_1,_claude-code_glm-5_run_002,SWE-Milestone-log-results/element-hq_element-web_v1.11.95_v1.11.97/e2e_trial/_claude-code_glm-5_run_002/evaluation/milestone_seed_56c7fc1_1/evaluation_result_filtered.json,0.0,0.0,1.0,0.0
e2e,element-hq_element-web_v1.11.95_v1.11.97,milestone_seed_599112e_1,_claude-code_glm-5_run_002,SWE-Milestone-log-results/element-hq_element-web_v1.11.95_v1.11.97/e2e_trial/_claude-code_glm-5_run_002/evaluation/milestone_seed_599112e_1/evaluation_result_filtered.json,0.0,0.16666666666666666,1.0,0.2857142857142857
e2e,element-hq_element-web_v1.11.95_v1.11.97,milestone_seed_7ff1fd2_1,_claude-code_glm-5_run_002,SWE-Milestone-log-results/element-hq_element-web_v1.11.95_v1.11.97/e2e_trial/_claude-code_glm-5_run_002/evaluation/milestone_seed_7ff1fd2_1/evaluation_result.json,0.0,0.3793103448275862,1.0,0.5499999999999999
e2e,element-hq_element-web_v1.11.95_v1.11.97,milestone_seed_8bb4d44_1,_claude-code_glm-5_run_002,SWE-Milestone-log-results/element-hq_element-web_v1.11.95_v1.11.97/e2e_trial/_claude-code_glm-5_run_002/evaluation/milestone_seed_8bb4d44_1/evaluation_result.json,0.0,0.0,0.25,0.0
e2e,element-hq_element-web_v1.11.95_v1.11.97,milestone_seed_aa99601_1,_claude-code_glm-5_run_002,SWE-Milestone-log-results/element-hq_element-web_v1.11.95_v1.11.97/e2e_trial/_claude-code_glm-5_run_002/evaluation/milestone_seed_aa99601_1/evaluation_result.json,0.0,0.0,0.02,0.0
e2e,element-hq_element-web_v1.11.95_v1.11.97,milestone_seed_be3778b_1,_claude-code_glm-5_run_002,SWE-Milestone-log-results/element-hq_element-web_v1.11.95_v1.11.97/e2e_trial/_claude-code_glm-5_run_002/evaluation/milestone_seed_be3778b_1/evaluation_result.json,0.0,0.6666666666666666,0.3333333333333333,0.4444444444444444
e2e,element-hq_element-web_v1.11.95_v1.11.97,milestone_seed_e662c19_1,_claude-code_glm-5_run_002,SWE-Milestone-log-results/element-hq_element-web_v1.11.95_v1.11.97/e2e_trial/_claude-code_glm-5_run_002/evaluation/milestone_seed_e662c19_1/evaluation_result.json,0.0,0.0,0.09090909090909091,0.0
e2e,element-hq_element-web_v1.11.95_v1.11.97,milestone_seed_e9a3625_1_sub-01,_claude-code_glm-5_run_002,SWE-Milestone-log-results/element-hq_element-web_v1.11.95_v1.11.97/e2e_trial/_claude-code_glm-5_run_002/evaluation/milestone_seed_e9a3625_1_sub-01/evaluation_result.json,0.0,0.0,0.05555555555555555,0.0
e2e,element-hq_element-web_v1.11.95_v1.11.97,milestone_seed_e9a3625_1_sub-02,_claude-code_glm-5_run_002,SWE-Milestone-log-results/element-hq_element-web_v1.11.95_v1.11.97/e2e_trial/_claude-code_glm-5_run_002/evaluation/milestone_seed_e9a3625_1_sub-02/evaluation_result.json,0.0,0.6166666666666667,0.6551724137931034,0.6353366470854045
e2e,element-hq_element-web_v1.11.95_v1.11.97,milestone_seed_e9a3625_1_sub-03,_claude-code_glm-5_run_002,SWE-Milestone-log-results/element-hq_element-web_v1.11.95_v1.11.97/e2e_trial/_claude-code_glm-5_run_002/evaluation/milestone_seed_e9a3625_1_sub-03/evaluation_result.json,0.0,0.13636363636363635,0.08333333333333333,0.10344827586206896
e2e,element-hq_element-web_v1.11.95_v1.11.97,milestone_seed_f59af37_1,_claude-code_glm-5_run_002,SWE-Milestone-log-results/element-hq_element-web_v1.11.95_v1.11.97/e2e_trial/_claude-code_glm-5_run_002/evaluation/milestone_seed_f59af37_1/evaluation_result_filtered.json,0.0,0.0,0.05555555555555555,0.0
e2e,element-hq_element-web_v1.11.95_v1.11.97,milestone_seed_fba5938_1,_claude-code_glm-5_run_002,SWE-Milestone-log-results/element-hq_element-web_v1.11.95_v1.11.97/e2e_trial/_claude-code_glm-5_run_002/evaluation/milestone_seed_fba5938_1/evaluation_result.json,0.0,0.0,0.09090909090909091,0.0
e2e,element-hq_element-web_v1.11.95_v1.11.97,feature_enhancements,_claude-code_kimi-k2.6_run_002,SWE-Milestone-log-results/element-hq_element-web_v1.11.95_v1.11.97/e2e_trial/_claude-code_kimi-k2.6_run_002/evaluation/feature_enhancements/evaluation_result.json,0.0,0.6153846153846154,0.375,0.46601941747572817
e2e,element-hq_element-web_v1.11.95_v1.11.97,maintenance_bug_fixes,_claude-code_kimi-k2.6_run_002,SWE-Milestone-log-results/element-hq_element-web_v1.11.95_v1.11.97/e2e_trial/_claude-code_kimi-k2.6_run_002/evaluation/maintenance_bug_fixes/evaluation_result.json,0.0,1.0,0.1,0.18181818181818182
e2e,element-hq_element-web_v1.11.95_v1.11.97,maintenance_ui_ux,_claude-code_kimi-k2.6_run_002,SWE-Milestone-log-results/element-hq_element-web_v1.11.95_v1.11.97/e2e_trial/_claude-code_kimi-k2.6_run_002/evaluation/maintenance_ui_ux/evaluation_result_filtered.json,0.0,1.0,0.49122807017543857,0.6588235294117647
e2e,element-hq_element-web_v1.11.95_v1.11.97,milestone_seed_05df321_1,_claude-code_kimi-k2.6_run_002,SWE-Milestone-log-results/element-hq_element-web_v1.11.95_v1.11.97/e2e_trial/_claude-code_kimi-k2.6_run_002/evaluation/milestone_seed_05df321_1/evaluation_result.json,0.0,1.0,0.02564102564102564,0.05
e2e,element-hq_element-web_v1.11.95_v1.11.97,milestone_seed_3762d40_1,_claude-code_kimi-k2.6_run_002,SWE-Milestone-log-results/element-hq_element-web_v1.11.95_v1.11.97/e2e_trial/_claude-code_kimi-k2.6_run_002/evaluation/milestone_seed_3762d40_1/evaluation_result.json,0.0,0.375,0.10256410256410256,0.16107382550335572
e2e,element-hq_element-web_v1.11.95_v1.11.97,milestone_seed_3f47487_1,_claude-code_kimi-k2.6_run_002,SWE-Milestone-log-results/element-hq_element-web_v1.11.95_v1.11.97/e2e_trial/_claude-code_kimi-k2.6_run_002/evaluation/milestone_seed_3f47487_1/evaluation_result_filtered.json,0.0,0.95,0.4,0.5629629629629629
e2e,element-hq_element-web_v1.11.95_v1.11.97,milestone_seed_56c7fc1_1,_claude-code_kimi-k2.6_run_002,SWE-Milestone-log-results/element-hq_element-web_v1.11.95_v1.11.97/e2e_trial/_claude-code_kimi-k2.6_run_002/evaluation/milestone_seed_56c7fc1_1/evaluation_result_filtered.json,1.0,1.0,1.0,1.0
e2e,element-hq_element-web_v1.11.95_v1.11.97,milestone_seed_599112e_1,_claude-code_kimi-k2.6_run_002,SWE-Milestone-log-results/element-hq_element-web_v1.11.95_v1.11.97/e2e_trial/_claude-code_kimi-k2.6_run_002/evaluation/milestone_seed_599112e_1/evaluation_result_filtered.json,0.0,0.8333333333333334,1.0,0.9090909090909091
e2e,element-hq_element-web_v1.11.95_v1.11.97,milestone_seed_7ff1fd2_1,_claude-code_kimi-k2.6_run_002,SWE-Milestone-log-results/element-hq_element-web_v1.11.95_v1.11.97/e2e_trial/_claude-code_kimi-k2.6_run_002/evaluation/milestone_seed_7ff1fd2_1/evaluation_result.json,1.0,1.0,1.0,1.0
e2e,element-hq_element-web_v1.11.95_v1.11.97,milestone_seed_8bb4d44_1,_claude-code_kimi-k2.6_run_002,SWE-Milestone-log-results/element-hq_element-web_v1.11.95_v1.11.97/e2e_trial/_claude-code_kimi-k2.6_run_002/evaluation/milestone_seed_8bb4d44_1/evaluation_result.json,0.0,1.0,0.75,0.8571428571428571
e2e,element-hq_element-web_v1.11.95_v1.11.97,milestone_seed_aa99601_1,_claude-code_kimi-k2.6_run_002,SWE-Milestone-log-results/element-hq_element-web_v1.11.95_v1.11.97/e2e_trial/_claude-code_kimi-k2.6_run_002/evaluation/milestone_seed_aa99601_1/evaluation_result.json,0.0,0.5,0.04411764705882353,0.0810810810810811
e2e,element-hq_element-web_v1.11.95_v1.11.97,milestone_seed_be3778b_1,_claude-code_kimi-k2.6_run_002,SWE-Milestone-log-results/element-hq_element-web_v1.11.95_v1.11.97/e2e_trial/_claude-code_kimi-k2.6_run_002/evaluation/milestone_seed_be3778b_1/evaluation_result.json,0.0,0.7777777777777778,0.32,0.45344129554655876
e2e,element-hq_element-web_v1.11.95_v1.11.97,milestone_seed_e662c19_1,_claude-code_kimi-k2.6_run_002,SWE-Milestone-log-results/element-hq_element-web_v1.11.95_v1.11.97/e2e_trial/_claude-code_kimi-k2.6_run_002/evaluation/milestone_seed_e662c19_1/evaluation_result.json,0.0,0.8,0.52,0.6303030303030304
e2e,element-hq_element-web_v1.11.95_v1.11.97,milestone_seed_e9a3625_1_sub-01,_claude-code_kimi-k2.6_run_002,SWE-Milestone-log-results/element-hq_element-web_v1.11.95_v1.11.97/e2e_trial/_claude-code_kimi-k2.6_run_002/evaluation/milestone_seed_e9a3625_1_sub-01/evaluation_result.json,0.0,1.0,0.25,0.4
e2e,element-hq_element-web_v1.11.95_v1.11.97,milestone_seed_e9a3625_1_sub-02,_claude-code_kimi-k2.6_run_002,SWE-Milestone-log-results/element-hq_element-web_v1.11.95_v1.11.97/e2e_trial/_claude-code_kimi-k2.6_run_002/evaluation/milestone_seed_e9a3625_1_sub-02/evaluation_result.json,0.0,0.9,0.9649122807017544,0.9313264346190029
e2e,element-hq_element-web_v1.11.95_v1.11.97,milestone_seed_e9a3625_1_sub-03,_claude-code_kimi-k2.6_run_002,SWE-Milestone-log-results/element-hq_element-web_v1.11.95_v1.11.97/e2e_trial/_claude-code_kimi-k2.6_run_002/evaluation/milestone_seed_e9a3625_1_sub-03/evaluation_result.json,0.0,0.9090909090909091,0.5833333333333334,0.7106598984771573
e2e,element-hq_element-web_v1.11.95_v1.11.97,milestone_seed_f59af37_1,_claude-code_kimi-k2.6_run_002,SWE-Milestone-log-results/element-hq_element-web_v1.11.95_v1.11.97/e2e_trial/_claude-code_kimi-k2.6_run_002/evaluation/milestone_seed_f59af37_1/evaluation_result_filtered.json,0.0,0.75,0.34210526315789475,0.4698795180722892
e2e,element-hq_element-web_v1.11.95_v1.11.97,milestone_seed_fba5938_1,_claude-code_kimi-k2.6_run_002,SWE-Milestone-log-results/element-hq_element-web_v1.11.95_v1.11.97/e2e_trial/_claude-code_kimi-k2.6_run_002/evaluation/milestone_seed_fba5938_1/evaluation_result.json,0.0,0.0,0.05,0.0
e2e,element-hq_element-web_v1.11.95_v1.11.97,feature_enhancements,_claude-code_opus-4.5_run_002,SWE-Milestone-log-results/element-hq_element-web_v1.11.95_v1.11.97/e2e_trial/_claude-code_opus-4.5_run_002/evaluation/feature_enhancements/evaluation_result.json,0.0,0.6153846153846154,0.5625,0.5877551020408163
e2e,element-hq_element-web_v1.11.95_v1.11.97,maintenance_ui_ux,_claude-code_opus-4.5_run_002,SWE-Milestone-log-results/element-hq_element-web_v1.11.95_v1.11.97/e2e_trial/_claude-code_opus-4.5_run_002/evaluation/maintenance_ui_ux/evaluation_result_filtered.json,0.0,1.0,0.49122807017543857,0.6588235294117647
e2e,element-hq_element-web_v1.11.95_v1.11.97,milestone_seed_3762d40_1,_claude-code_opus-4.5_run_002,SWE-Milestone-log-results/element-hq_element-web_v1.11.95_v1.11.97/e2e_trial/_claude-code_opus-4.5_run_002/evaluation/milestone_seed_3762d40_1/evaluation_result.json,0.0,0.0,0.027777777777777776,0.0
e2e,element-hq_element-web_v1.11.95_v1.11.97,milestone_seed_3f47487_1,_claude-code_opus-4.5_run_002,SWE-Milestone-log-results/element-hq_element-web_v1.11.95_v1.11.97/e2e_trial/_claude-code_opus-4.5_run_002/evaluation/milestone_seed_3f47487_1/evaluation_result_filtered.json,0.0,0.4,0.32142857142857145,0.3564356435643564
e2e,element-hq_element-web_v1.11.95_v1.11.97,milestone_seed_56c7fc1_1,_claude-code_opus-4.5_run_002,SWE-Milestone-log-results/element-hq_element-web_v1.11.95_v1.11.97/e2e_trial/_claude-code_opus-4.5_run_002/evaluation/milestone_seed_56c7fc1_1/evaluation_result_filtered.json,0.0,0.0,1.0,0.0
e2e,element-hq_element-web_v1.11.95_v1.11.97,milestone_seed_599112e_1,_claude-code_opus-4.5_run_002,SWE-Milestone-log-results/element-hq_element-web_v1.11.95_v1.11.97/e2e_trial/_claude-code_opus-4.5_run_002/evaluation/milestone_seed_599112e_1/evaluation_result_filtered.json,0.0,0.5,1.0,0.6666666666666666
e2e,element-hq_element-web_v1.11.95_v1.11.97,milestone_seed_7ff1fd2_1,_claude-code_opus-4.5_run_002,SWE-Milestone-log-results/element-hq_element-web_v1.11.95_v1.11.97/e2e_trial/_claude-code_opus-4.5_run_002/evaluation/milestone_seed_7ff1fd2_1/evaluation_result.json,0.0,0.7241379310344828,1.0,0.8400000000000001
e2e,element-hq_element-web_v1.11.95_v1.11.97,milestone_seed_8bb4d44_1,_claude-code_opus-4.5_run_002,SWE-Milestone-log-results/element-hq_element-web_v1.11.95_v1.11.97/e2e_trial/_claude-code_opus-4.5_run_002/evaluation/milestone_seed_8bb4d44_1/evaluation_result.json,0.0,0.5,0.5,0.5
e2e,element-hq_element-web_v1.11.95_v1.11.97,milestone_seed_aa99601_1,_claude-code_opus-4.5_run_002,SWE-Milestone-log-results/element-hq_element-web_v1.11.95_v1.11.97/e2e_trial/_claude-code_opus-4.5_run_002/evaluation/milestone_seed_aa99601_1/evaluation_result.json,0.0,0.0,0.015873015873015872,0.0
e2e,element-hq_element-web_v1.11.95_v1.11.97,milestone_seed_be3778b_1,_claude-code_opus-4.5_run_002,SWE-Milestone-log-results/element-hq_element-web_v1.11.95_v1.11.97/e2e_trial/_claude-code_opus-4.5_run_002/evaluation/milestone_seed_be3778b_1/evaluation_result.json,0.0,0.7777777777777778,0.34782608695652173,0.4806866952789699
e2e,element-hq_element-web_v1.11.95_v1.11.97,milestone_seed_e662c19_1,_claude-code_opus-4.5_run_002,SWE-Milestone-log-results/element-hq_element-web_v1.11.95_v1.11.97/e2e_trial/_claude-code_opus-4.5_run_002/evaluation/milestone_seed_e662c19_1/evaluation_result.json,0.0,0.0,0.09090909090909091,0.0
e2e,element-hq_element-web_v1.11.95_v1.11.97,milestone_seed_e9a3625_1_sub-01,_claude-code_opus-4.5_run_002,SWE-Milestone-log-results/element-hq_element-web_v1.11.95_v1.11.97/e2e_trial/_claude-code_opus-4.5_run_002/evaluation/milestone_seed_e9a3625_1_sub-01/evaluation_result.json,0.0,1.0,0.17647058823529413,0.3
e2e,element-hq_element-web_v1.11.95_v1.11.97,milestone_seed_e9a3625_1_sub-02,_claude-code_opus-4.5_run_002,SWE-Milestone-log-results/element-hq_element-web_v1.11.95_v1.11.97/e2e_trial/_claude-code_opus-4.5_run_002/evaluation/milestone_seed_e9a3625_1_sub-02/evaluation_result.json,0.0,0.0,0.0002655337227827934,0.0
e2e,element-hq_element-web_v1.11.95_v1.11.97,milestone_seed_e9a3625_1_sub-03,_claude-code_opus-4.5_run_002,SWE-Milestone-log-results/element-hq_element-web_v1.11.95_v1.11.97/e2e_trial/_claude-code_opus-4.5_run_002/evaluation/milestone_seed_e9a3625_1_sub-03/evaluation_result.json,0.0,0.045454545454545456,0.0005219206680584551,0.0010319917440660474
e2e,element-hq_element-web_v1.11.95_v1.11.97,milestone_seed_f59af37_1,_claude-code_opus-4.5_run_002,SWE-Milestone-log-results/element-hq_element-web_v1.11.95_v1.11.97/e2e_trial/_claude-code_opus-4.5_run_002/evaluation/milestone_seed_f59af37_1/evaluation_result_filtered.json,0.0,0.0,0.04,0.0
e2e,element-hq_element-web_v1.11.95_v1.11.97,milestone_seed_fba5938_1,_claude-code_opus-4.5_run_002,SWE-Milestone-log-results/element-hq_element-web_v1.11.95_v1.11.97/e2e_trial/_claude-code_opus-4.5_run_002/evaluation/milestone_seed_fba5938_1/evaluation_result.json,0.0,0.0,0.09090909090909091,0.0
e2e,element-hq_element-web_v1.11.95_v1.11.97,feature_enhancements,_claude-code_opus-4.6_run_002,SWE-Milestone-log-results/element-hq_element-web_v1.11.95_v1.11.97/e2e_trial/_claude-code_opus-4.6_run_002/evaluation/feature_enhancements/evaluation_result.json,0.0,0.6153846153846154,0.45,0.5198555956678701
e2e,element-hq_element-web_v1.11.95_v1.11.97,maintenance_bug_fixes,_claude-code_opus-4.6_run_002,SWE-Milestone-log-results/element-hq_element-web_v1.11.95_v1.11.97/e2e_trial/_claude-code_opus-4.6_run_002/evaluation/maintenance_bug_fixes/evaluation_result.json,0.0,1.0,0.045454545454545456,0.08695652173913045
e2e,element-hq_element-web_v1.11.95_v1.11.97,maintenance_ui_ux,_claude-code_opus-4.6_run_002,SWE-Milestone-log-results/element-hq_element-web_v1.11.95_v1.11.97/e2e_trial/_claude-code_opus-4.6_run_002/evaluation/maintenance_ui_ux/evaluation_result_filtered.json,0.0,1.0,0.49122807017543857,0.6588235294117647
e2e,element-hq_element-web_v1.11.95_v1.11.97,milestone_seed_05df321_1,_claude-code_opus-4.6_run_002,SWE-Milestone-log-results/element-hq_element-web_v1.11.95_v1.11.97/e2e_trial/_claude-code_opus-4.6_run_002/evaluation/milestone_seed_05df321_1/evaluation_result.json,0.0,1.0,0.013333333333333334,0.02631578947368421
e2e,element-hq_element-web_v1.11.95_v1.11.97,milestone_seed_3762d40_1,_claude-code_opus-4.6_run_002,SWE-Milestone-log-results/element-hq_element-web_v1.11.95_v1.11.97/e2e_trial/_claude-code_opus-4.6_run_002/evaluation/milestone_seed_3762d40_1/evaluation_result.json,0.0,0.0,1.0,0.0
e2e,element-hq_element-web_v1.11.95_v1.11.97,milestone_seed_3f47487_1,_claude-code_opus-4.6_run_002,SWE-Milestone-log-results/element-hq_element-web_v1.11.95_v1.11.97/e2e_trial/_claude-code_opus-4.6_run_002/evaluation/milestone_seed_3f47487_1/evaluation_result_filtered.json,0.0,0.3,0.12280701754385964,0.17427385892116182
e2e,element-hq_element-web_v1.11.95_v1.11.97,milestone_seed_56c7fc1_1,_claude-code_opus-4.6_run_002,SWE-Milestone-log-results/element-hq_element-web_v1.11.95_v1.11.97/e2e_trial/_claude-code_opus-4.6_run_002/evaluation/milestone_seed_56c7fc1_1/evaluation_result_filtered.json,1.0,1.0,1.0,1.0
e2e,element-hq_element-web_v1.11.95_v1.11.97,milestone_seed_599112e_1,_claude-code_opus-4.6_run_002,SWE-Milestone-log-results/element-hq_element-web_v1.11.95_v1.11.97/e2e_trial/_claude-code_opus-4.6_run_002/evaluation/milestone_seed_599112e_1/evaluation_result_filtered.json,0.0,0.8333333333333334,1.0,0.9090909090909091
e2e,element-hq_element-web_v1.11.95_v1.11.97,milestone_seed_7ff1fd2_1,_claude-code_opus-4.6_run_002,SWE-Milestone-log-results/element-hq_element-web_v1.11.95_v1.11.97/e2e_trial/_claude-code_opus-4.6_run_002/evaluation/milestone_seed_7ff1fd2_1/evaluation_result.json,0.0,0.3793103448275862,1.0,0.5499999999999999
e2e,element-hq_element-web_v1.11.95_v1.11.97,milestone_seed_8bb4d44_1,_claude-code_opus-4.6_run_002,SWE-Milestone-log-results/element-hq_element-web_v1.11.95_v1.11.97/e2e_trial/_claude-code_opus-4.6_run_002/evaluation/milestone_seed_8bb4d44_1/evaluation_result.json,0.0,1.0,0.75,0.8571428571428571
e2e,element-hq_element-web_v1.11.95_v1.11.97,milestone_seed_aa99601_1,_claude-code_opus-4.6_run_002,SWE-Milestone-log-results/element-hq_element-web_v1.11.95_v1.11.97/e2e_trial/_claude-code_opus-4.6_run_002/evaluation/milestone_seed_aa99601_1/evaluation_result.json,0.0,0.5,0.05454545454545454,0.09836065573770492
e2e,element-hq_element-web_v1.11.95_v1.11.97,milestone_seed_be3778b_1,_claude-code_opus-4.6_run_002,SWE-Milestone-log-results/element-hq_element-web_v1.11.95_v1.11.97/e2e_trial/_claude-code_opus-4.6_run_002/evaluation/milestone_seed_be3778b_1/evaluation_result.json,0.0,0.7777777777777778,0.32,0.45344129554655876
e2e,element-hq_element-web_v1.11.95_v1.11.97,milestone_seed_e662c19_1,_claude-code_opus-4.6_run_002,SWE-Milestone-log-results/element-hq_element-web_v1.11.95_v1.11.97/e2e_trial/_claude-code_opus-4.6_run_002/evaluation/milestone_seed_e662c19_1/evaluation_result.json,0.0,0.4666666666666667,0.4,0.4307692307692308
e2e,element-hq_element-web_v1.11.95_v1.11.97,milestone_seed_e9a3625_1_sub-01,_claude-code_opus-4.6_run_002,SWE-Milestone-log-results/element-hq_element-web_v1.11.95_v1.11.97/e2e_trial/_claude-code_opus-4.6_run_002/evaluation/milestone_seed_e9a3625_1_sub-01/evaluation_result.json,0.0,1.0,0.13636363636363635,0.24000000000000002
e2e,element-hq_element-web_v1.11.95_v1.11.97,milestone_seed_e9a3625_1_sub-02,_claude-code_opus-4.6_run_002,SWE-Milestone-log-results/element-hq_element-web_v1.11.95_v1.11.97/e2e_trial/_claude-code_opus-4.6_run_002/evaluation/milestone_seed_e9a3625_1_sub-02/evaluation_result.json,0.0,0.6833333333333333,0.6774193548387096,0.680363492690636
e2e,element-hq_element-web_v1.11.95_v1.11.97,milestone_seed_e9a3625_1_sub-03,_claude-code_opus-4.6_run_002,SWE-Milestone-log-results/element-hq_element-web_v1.11.95_v1.11.97/e2e_trial/_claude-code_opus-4.6_run_002/evaluation/milestone_seed_e9a3625_1_sub-03/evaluation_result.json,0.0,0.045454545454545456,0.0005219206680584551,0.0010319917440660474
e2e,element-hq_element-web_v1.11.95_v1.11.97,milestone_seed_f59af37_1,_claude-code_opus-4.6_run_002,SWE-Milestone-log-results/element-hq_element-web_v1.11.95_v1.11.97/e2e_trial/_claude-code_opus-4.6_run_002/evaluation/milestone_seed_f59af37_1/evaluation_result_filtered.json,0.0,0.875,0.4166666666666667,0.5645161290322581
e2e,element-hq_element-web_v1.11.95_v1.11.97,milestone_seed_fba5938_1,_claude-code_opus-4.6_run_002,SWE-Milestone-log-results/element-hq_element-web_v1.11.95_v1.11.97/e2e_trial/_claude-code_opus-4.6_run_002/evaluation/milestone_seed_fba5938_1/evaluation_result.json,0.0,0.0,0.09090909090909091,0.0
e2e,element-hq_element-web_v1.11.95_v1.11.97,feature_enhancements,_claude-code_opus-4.7-xhigh-1m_run_002,SWE-Milestone-log-results/element-hq_element-web_v1.11.95_v1.11.97/e2e_trial/_claude-code_opus-4.7-xhigh-1m_run_002/evaluation/feature_enhancements/evaluation_result.json,0.0,0.6923076923076923,0.5,0.5806451612903226
e2e,element-hq_element-web_v1.11.95_v1.11.97,maintenance_ui_ux,_claude-code_opus-4.7-xhigh-1m_run_002,SWE-Milestone-log-results/element-hq_element-web_v1.11.95_v1.11.97/e2e_trial/_claude-code_opus-4.7-xhigh-1m_run_002/evaluation/maintenance_ui_ux/evaluation_result_filtered.json,0.0,1.0,0.49122807017543857,0.6588235294117647
e2e,element-hq_element-web_v1.11.95_v1.11.97,milestone_seed_3762d40_1,_claude-code_opus-4.7-xhigh-1m_run_002,SWE-Milestone-log-results/element-hq_element-web_v1.11.95_v1.11.97/e2e_trial/_claude-code_opus-4.7-xhigh-1m_run_002/evaluation/milestone_seed_3762d40_1/evaluation_result.json,0.0,0.375,0.10256410256410256,0.16107382550335572
e2e,element-hq_element-web_v1.11.95_v1.11.97,milestone_seed_3f47487_1,_claude-code_opus-4.7-xhigh-1m_run_002,SWE-Milestone-log-results/element-hq_element-web_v1.11.95_v1.11.97/e2e_trial/_claude-code_opus-4.7-xhigh-1m_run_002/evaluation/milestone_seed_3f47487_1/evaluation_result_filtered.json,0.0,0.35,0.36363636363636365,0.35668789808917195
e2e,element-hq_element-web_v1.11.95_v1.11.97,milestone_seed_56c7fc1_1,_claude-code_opus-4.7-xhigh-1m_run_002,SWE-Milestone-log-results/element-hq_element-web_v1.11.95_v1.11.97/e2e_trial/_claude-code_opus-4.7-xhigh-1m_run_002/evaluation/milestone_seed_56c7fc1_1/evaluation_result_filtered.json,1.0,1.0,1.0,1.0
e2e,element-hq_element-web_v1.11.95_v1.11.97,milestone_seed_599112e_1,_claude-code_opus-4.7-xhigh-1m_run_002,SWE-Milestone-log-results/element-hq_element-web_v1.11.95_v1.11.97/e2e_trial/_claude-code_opus-4.7-xhigh-1m_run_002/evaluation/milestone_seed_599112e_1/evaluation_result_filtered.json,1.0,1.0,1.0,1.0
e2e,element-hq_element-web_v1.11.95_v1.11.97,milestone_seed_7ff1fd2_1,_claude-code_opus-4.7-xhigh-1m_run_002,SWE-Milestone-log-results/element-hq_element-web_v1.11.95_v1.11.97/e2e_trial/_claude-code_opus-4.7-xhigh-1m_run_002/evaluation/milestone_seed_7ff1fd2_1/evaluation_result.json,1.0,1.0,1.0,1.0
e2e,element-hq_element-web_v1.11.95_v1.11.97,milestone_seed_8bb4d44_1,_claude-code_opus-4.7-xhigh-1m_run_002,SWE-Milestone-log-results/element-hq_element-web_v1.11.95_v1.11.97/e2e_trial/_claude-code_opus-4.7-xhigh-1m_run_002/evaluation/milestone_seed_8bb4d44_1/evaluation_result.json,0.0,0.25,0.5,0.3333333333333333
e2e,element-hq_element-web_v1.11.95_v1.11.97,milestone_seed_aa99601_1,_claude-code_opus-4.7-xhigh-1m_run_002,SWE-Milestone-log-results/element-hq_element-web_v1.11.95_v1.11.97/e2e_trial/_claude-code_opus-4.7-xhigh-1m_run_002/evaluation/milestone_seed_aa99601_1/evaluation_result.json,0.0,0.0,0.018867924528301886,0.0
e2e,element-hq_element-web_v1.11.95_v1.11.97,milestone_seed_be3778b_1,_claude-code_opus-4.7-xhigh-1m_run_002,SWE-Milestone-log-results/element-hq_element-web_v1.11.95_v1.11.97/e2e_trial/_claude-code_opus-4.7-xhigh-1m_run_002/evaluation/milestone_seed_be3778b_1/evaluation_result.json,0.0,0.3333333333333333,0.21052631578947367,0.2580645161290323
e2e,element-hq_element-web_v1.11.95_v1.11.97,milestone_seed_e662c19_1,_claude-code_opus-4.7-xhigh-1m_run_002,SWE-Milestone-log-results/element-hq_element-web_v1.11.95_v1.11.97/e2e_trial/_claude-code_opus-4.7-xhigh-1m_run_002/evaluation/milestone_seed_e662c19_1/evaluation_result.json,0.0,0.4,0.4117647058823529,0.40579710144927533
e2e,element-hq_element-web_v1.11.95_v1.11.97,milestone_seed_e9a3625_1_sub-01,_claude-code_opus-4.7-xhigh-1m_run_002,SWE-Milestone-log-results/element-hq_element-web_v1.11.95_v1.11.97/e2e_trial/_claude-code_opus-4.7-xhigh-1m_run_002/evaluation/milestone_seed_e9a3625_1_sub-01/evaluation_result.json,1.0,1.0,1.0,1.0
e2e,element-hq_element-web_v1.11.95_v1.11.97,milestone_seed_e9a3625_1_sub-02,_claude-code_opus-4.7-xhigh-1m_run_002,SWE-Milestone-log-results/element-hq_element-web_v1.11.95_v1.11.97/e2e_trial/_claude-code_opus-4.7-xhigh-1m_run_002/evaluation/milestone_seed_e9a3625_1_sub-02/evaluation_result.json,0.0,0.7166666666666667,1.0,0.8349514563106796
e2e,element-hq_element-web_v1.11.95_v1.11.97,milestone_seed_e9a3625_1_sub-03,_claude-code_opus-4.7-xhigh-1m_run_002,SWE-Milestone-log-results/element-hq_element-web_v1.11.95_v1.11.97/e2e_trial/_claude-code_opus-4.7-xhigh-1m_run_002/evaluation/milestone_seed_e9a3625_1_sub-03/evaluation_result.json,0.0,0.36363636363636365,0.34615384615384615,0.35467980295566504
e2e,element-hq_element-web_v1.11.95_v1.11.97,milestone_seed_f59af37_1,_claude-code_opus-4.7-xhigh-1m_run_002,SWE-Milestone-log-results/element-hq_element-web_v1.11.95_v1.11.97/e2e_trial/_claude-code_opus-4.7-xhigh-1m_run_002/evaluation/milestone_seed_f59af37_1/evaluation_result_filtered.json,0.0,0.0,0.030303030303030304,0.0
e2e,element-hq_element-web_v1.11.95_v1.11.97,milestone_seed_fba5938_1,_claude-code_opus-4.7-xhigh-1m_run_002,SWE-Milestone-log-results/element-hq_element-web_v1.11.95_v1.11.97/e2e_trial/_claude-code_opus-4.7-xhigh-1m_run_002/evaluation/milestone_seed_fba5938_1/evaluation_result.json,0.0,0.0,0.09090909090909091,0.0
e2e,element-hq_element-web_v1.11.95_v1.11.97,feature_enhancements,_claude-code_opus-4.7-xhigh_run_002,SWE-Milestone-log-results/element-hq_element-web_v1.11.95_v1.11.97/e2e_trial/_claude-code_opus-4.7-xhigh_run_002/evaluation/feature_enhancements/evaluation_result.json,0.0,0.6923076923076923,0.38461538461538464,0.4945054945054946
e2e,element-hq_element-web_v1.11.95_v1.11.97,maintenance_ui_ux,_claude-code_opus-4.7-xhigh_run_002,SWE-Milestone-log-results/element-hq_element-web_v1.11.95_v1.11.97/e2e_trial/_claude-code_opus-4.7-xhigh_run_002/evaluation/maintenance_ui_ux/evaluation_result_filtered.json,0.0,1.0,0.49122807017543857,0.6588235294117647
e2e,element-hq_element-web_v1.11.95_v1.11.97,milestone_seed_3762d40_1,_claude-code_opus-4.7-xhigh_run_002,SWE-Milestone-log-results/element-hq_element-web_v1.11.95_v1.11.97/e2e_trial/_claude-code_opus-4.7-xhigh_run_002/evaluation/milestone_seed_3762d40_1/evaluation_result.json,0.0,0.25,0.07894736842105263,0.11999999999999998
e2e,element-hq_element-web_v1.11.95_v1.11.97,milestone_seed_3f47487_1,_claude-code_opus-4.7-xhigh_run_002,SWE-Milestone-log-results/element-hq_element-web_v1.11.95_v1.11.97/e2e_trial/_claude-code_opus-4.7-xhigh_run_002/evaluation/milestone_seed_3f47487_1/evaluation_result_filtered.json,0.0,0.25,0.13953488372093023,0.1791044776119403
e2e,element-hq_element-web_v1.11.95_v1.11.97,milestone_seed_56c7fc1_1,_claude-code_opus-4.7-xhigh_run_002,SWE-Milestone-log-results/element-hq_element-web_v1.11.95_v1.11.97/e2e_trial/_claude-code_opus-4.7-xhigh_run_002/evaluation/milestone_seed_56c7fc1_1/evaluation_result_filtered.json,1.0,1.0,1.0,1.0
e2e,element-hq_element-web_v1.11.95_v1.11.97,milestone_seed_599112e_1,_claude-code_opus-4.7-xhigh_run_002,SWE-Milestone-log-results/element-hq_element-web_v1.11.95_v1.11.97/e2e_trial/_claude-code_opus-4.7-xhigh_run_002/evaluation/milestone_seed_599112e_1/evaluation_result_filtered.json,1.0,1.0,1.0,1.0
e2e,element-hq_element-web_v1.11.95_v1.11.97,milestone_seed_7ff1fd2_1,_claude-code_opus-4.7-xhigh_run_002,SWE-Milestone-log-results/element-hq_element-web_v1.11.95_v1.11.97/e2e_trial/_claude-code_opus-4.7-xhigh_run_002/evaluation/milestone_seed_7ff1fd2_1/evaluation_result.json,1.0,1.0,1.0,1.0
e2e,element-hq_element-web_v1.11.95_v1.11.97,milestone_seed_8bb4d44_1,_claude-code_opus-4.7-xhigh_run_002,SWE-Milestone-log-results/element-hq_element-web_v1.11.95_v1.11.97/e2e_trial/_claude-code_opus-4.7-xhigh_run_002/evaluation/milestone_seed_8bb4d44_1/evaluation_result.json,0.0,0.5,0.625,0.5555555555555556
e2e,element-hq_element-web_v1.11.95_v1.11.97,milestone_seed_aa99601_1,_claude-code_opus-4.7-xhigh_run_002,SWE-Milestone-log-results/element-hq_element-web_v1.11.95_v1.11.97/e2e_trial/_claude-code_opus-4.7-xhigh_run_002/evaluation/milestone_seed_aa99601_1/evaluation_result.json,0.0,0.5,0.04411764705882353,0.0810810810810811
e2e,element-hq_element-web_v1.11.95_v1.11.97,milestone_seed_be3778b_1,_claude-code_opus-4.7-xhigh_run_002,SWE-Milestone-log-results/element-hq_element-web_v1.11.95_v1.11.97/e2e_trial/_claude-code_opus-4.7-xhigh_run_002/evaluation/milestone_seed_be3778b_1/evaluation_result.json,0.0,0.7777777777777778,0.32,0.45344129554655876
e2e,element-hq_element-web_v1.11.95_v1.11.97,milestone_seed_e662c19_1,_claude-code_opus-4.7-xhigh_run_002,SWE-Milestone-log-results/element-hq_element-web_v1.11.95_v1.11.97/e2e_trial/_claude-code_opus-4.7-xhigh_run_002/evaluation/milestone_seed_e662c19_1/evaluation_result.json,0.0,0.8,0.52,0.6303030303030304
e2e,element-hq_element-web_v1.11.95_v1.11.97,milestone_seed_e9a3625_1_sub-01,_claude-code_opus-4.7-xhigh_run_002,SWE-Milestone-log-results/element-hq_element-web_v1.11.95_v1.11.97/e2e_trial/_claude-code_opus-4.7-xhigh_run_002/evaluation/milestone_seed_e9a3625_1_sub-01/evaluation_result.json,0.0,1.0,0.6,0.7499999999999999
e2e,element-hq_element-web_v1.11.95_v1.11.97,milestone_seed_e9a3625_1_sub-02,_claude-code_opus-4.7-xhigh_run_002,SWE-Milestone-log-results/element-hq_element-web_v1.11.95_v1.11.97/e2e_trial/_claude-code_opus-4.7-xhigh_run_002/evaluation/milestone_seed_e9a3625_1_sub-02/evaluation_result.json,0.0,0.8333333333333334,0.9622641509433962,0.893169877408056
e2e,element-hq_element-web_v1.11.95_v1.11.97,milestone_seed_e9a3625_1_sub-03,_claude-code_opus-4.7-xhigh_run_002,SWE-Milestone-log-results/element-hq_element-web_v1.11.95_v1.11.97/e2e_trial/_claude-code_opus-4.7-xhigh_run_002/evaluation/milestone_seed_e9a3625_1_sub-03/evaluation_result.json,0.0,0.9090909090909091,0.525,0.6656101426307449
e2e,element-hq_element-web_v1.11.95_v1.11.97,milestone_seed_f59af37_1,_claude-code_opus-4.7-xhigh_run_002,SWE-Milestone-log-results/element-hq_element-web_v1.11.95_v1.11.97/e2e_trial/_claude-code_opus-4.7-xhigh_run_002/evaluation/milestone_seed_f59af37_1/evaluation_result_filtered.json,0.0,0.8125,0.358974358974359,0.49794801641586867
e2e,element-hq_element-web_v1.11.95_v1.11.97,milestone_seed_fba5938_1,_claude-code_opus-4.7-xhigh_run_002,SWE-Milestone-log-results/element-hq_element-web_v1.11.95_v1.11.97/e2e_trial/_claude-code_opus-4.7-xhigh_run_002/evaluation/milestone_seed_fba5938_1/evaluation_result.json,0.0,0.0,0.07692307692307693,0.0
e2e,element-hq_element-web_v1.11.95_v1.11.97,milestone_seed_56c7fc1_1,_claude-code_sonnet-4.5_run_002,SWE-Milestone-log-results/element-hq_element-web_v1.11.95_v1.11.97/e2e_trial/_claude-code_sonnet-4.5_run_002/evaluation/milestone_seed_56c7fc1_1/evaluation_result_filtered.json,1.0,1.0,1.0,1.0
e2e,element-hq_element-web_v1.11.95_v1.11.97,milestone_seed_599112e_1,_claude-code_sonnet-4.5_run_002,SWE-Milestone-log-results/element-hq_element-web_v1.11.95_v1.11.97/e2e_trial/_claude-code_sonnet-4.5_run_002/evaluation/milestone_seed_599112e_1/evaluation_result_filtered.json,0.0,0.8333333333333334,1.0,0.9090909090909091
e2e,element-hq_element-web_v1.11.95_v1.11.97,milestone_seed_7ff1fd2_1,_claude-code_sonnet-4.5_run_002,SWE-Milestone-log-results/element-hq_element-web_v1.11.95_v1.11.97/e2e_trial/_claude-code_sonnet-4.5_run_002/evaluation/milestone_seed_7ff1fd2_1/evaluation_result.json,0.0,0.1724137931034483,1.0,0.29411764705882354
e2e,element-hq_element-web_v1.11.95_v1.11.97,milestone_seed_8bb4d44_1,_claude-code_sonnet-4.5_run_002,SWE-Milestone-log-results/element-hq_element-web_v1.11.95_v1.11.97/e2e_trial/_claude-code_sonnet-4.5_run_002/evaluation/milestone_seed_8bb4d44_1/evaluation_result.json,0.0,0.875,0.34782608695652173,0.4977777777777778
e2e,element-hq_element-web_v1.11.95_v1.11.97,milestone_seed_aa99601_1,_claude-code_sonnet-4.5_run_002,SWE-Milestone-log-results/element-hq_element-web_v1.11.95_v1.11.97/e2e_trial/_claude-code_sonnet-4.5_run_002/evaluation/milestone_seed_aa99601_1/evaluation_result.json,0.0,0.5,0.05660377358490566,0.1016949152542373
e2e,element-hq_element-web_v1.11.95_v1.11.97,milestone_seed_be3778b_1,_claude-code_sonnet-4.5_run_002,SWE-Milestone-log-results/element-hq_element-web_v1.11.95_v1.11.97/e2e_trial/_claude-code_sonnet-4.5_run_002/evaluation/milestone_seed_be3778b_1/evaluation_result.json,0.0,0.6666666666666666,0.14285714285714285,0.23529411764705882
e2e,element-hq_element-web_v1.11.95_v1.11.97,milestone_seed_e662c19_1,_claude-code_sonnet-4.5_run_002,SWE-Milestone-log-results/element-hq_element-web_v1.11.95_v1.11.97/e2e_trial/_claude-code_sonnet-4.5_run_002/evaluation/milestone_seed_e662c19_1/evaluation_result.json,0.0,0.7333333333333333,0.5454545454545454,0.6255924170616113
e2e,element-hq_element-web_v1.11.95_v1.11.97,milestone_seed_e9a3625_1_sub-01,_claude-code_sonnet-4.5_run_002,SWE-Milestone-log-results/element-hq_element-web_v1.11.95_v1.11.97/e2e_trial/_claude-code_sonnet-4.5_run_002/evaluation/milestone_seed_e9a3625_1_sub-01/evaluation_result.json,0.0,1.0,0.6,0.7499999999999999
e2e,element-hq_element-web_v1.11.95_v1.11.97,milestone_seed_e9a3625_1_sub-02,_claude-code_sonnet-4.5_run_002,SWE-Milestone-log-results/element-hq_element-web_v1.11.95_v1.11.97/e2e_trial/_claude-code_sonnet-4.5_run_002/evaluation/milestone_seed_e9a3625_1_sub-02/evaluation_result.json,0.0,0.65,0.625,0.6372549019607844
e2e,element-hq_element-web_v1.11.95_v1.11.97,milestone_seed_e9a3625_1_sub-03,_claude-code_sonnet-4.5_run_002,SWE-Milestone-log-results/element-hq_element-web_v1.11.95_v1.11.97/e2e_trial/_claude-code_sonnet-4.5_run_002/evaluation/milestone_seed_e9a3625_1_sub-03/evaluation_result.json,0.0,0.2727272727272727,0.08860759493670886,0.1337579617834395
e2e,element-hq_element-web_v1.11.95_v1.11.97,milestone_seed_f59af37_1,_claude-code_sonnet-4.5_run_002,SWE-Milestone-log-results/element-hq_element-web_v1.11.95_v1.11.97/e2e_trial/_claude-code_sonnet-4.5_run_002/evaluation/milestone_seed_f59af37_1/evaluation_result_filtered.json,0.0,0.125,0.02127659574468085,0.03636363636363636
e2e,element-hq_element-web_v1.11.95_v1.11.97,milestone_seed_fba5938_1,_claude-code_sonnet-4.5_run_002,SWE-Milestone-log-results/element-hq_element-web_v1.11.95_v1.11.97/e2e_trial/_claude-code_sonnet-4.5_run_002/evaluation/milestone_seed_fba5938_1/evaluation_result.json,0.0,0.0,0.09090909090909091,0.0
e2e,element-hq_element-web_v1.11.95_v1.11.97,feature_enhancements,_claude-code_sonnet-4.6_run_002,SWE-Milestone-log-results/element-hq_element-web_v1.11.95_v1.11.97/e2e_trial/_claude-code_sonnet-4.6_run_002/evaluation/feature_enhancements/evaluation_result.json,0.0,0.6923076923076923,0.5555555555555556,0.6164383561643836
e2e,element-hq_element-web_v1.11.95_v1.11.97,maintenance_bug_fixes,_claude-code_sonnet-4.6_run_002,SWE-Milestone-log-results/element-hq_element-web_v1.11.95_v1.11.97/e2e_trial/_claude-code_sonnet-4.6_run_002/evaluation/maintenance_bug_fixes/evaluation_result.json,0.0,1.0,0.09375,0.17142857142857143
e2e,element-hq_element-web_v1.11.95_v1.11.97,maintenance_ui_ux,_claude-code_sonnet-4.6_run_002,SWE-Milestone-log-results/element-hq_element-web_v1.11.95_v1.11.97/e2e_trial/_claude-code_sonnet-4.6_run_002/evaluation/maintenance_ui_ux/evaluation_result_filtered.json,0.0,1.0,0.49122807017543857,0.6588235294117647
e2e,element-hq_element-web_v1.11.95_v1.11.97,milestone_seed_05df321_1,_claude-code_sonnet-4.6_run_002,SWE-Milestone-log-results/element-hq_element-web_v1.11.95_v1.11.97/e2e_trial/_claude-code_sonnet-4.6_run_002/evaluation/milestone_seed_05df321_1/evaluation_result.json,0.0,1.0,0.022222222222222223,0.04347826086956522
e2e,element-hq_element-web_v1.11.95_v1.11.97,milestone_seed_3762d40_1,_claude-code_sonnet-4.6_run_002,SWE-Milestone-log-results/element-hq_element-web_v1.11.95_v1.11.97/e2e_trial/_claude-code_sonnet-4.6_run_002/evaluation/milestone_seed_3762d40_1/evaluation_result.json,0.0,0.0,0.027777777777777776,0.0
e2e,element-hq_element-web_v1.11.95_v1.11.97,milestone_seed_3f47487_1,_claude-code_sonnet-4.6_run_002,SWE-Milestone-log-results/element-hq_element-web_v1.11.95_v1.11.97/e2e_trial/_claude-code_sonnet-4.6_run_002/evaluation/milestone_seed_3f47487_1/evaluation_result_filtered.json,0.0,0.4,0.2903225806451613,0.3364485981308411
e2e,element-hq_element-web_v1.11.95_v1.11.97,milestone_seed_56c7fc1_1,_claude-code_sonnet-4.6_run_002,SWE-Milestone-log-results/element-hq_element-web_v1.11.95_v1.11.97/e2e_trial/_claude-code_sonnet-4.6_run_002/evaluation/milestone_seed_56c7fc1_1/evaluation_result_filtered.json,1.0,1.0,1.0,1.0
e2e,element-hq_element-web_v1.11.95_v1.11.97,milestone_seed_599112e_1,_claude-code_sonnet-4.6_run_002,SWE-Milestone-log-results/element-hq_element-web_v1.11.95_v1.11.97/e2e_trial/_claude-code_sonnet-4.6_run_002/evaluation/milestone_seed_599112e_1/evaluation_result_filtered.json,0.0,0.16666666666666666,1.0,0.2857142857142857
e2e,element-hq_element-web_v1.11.95_v1.11.97,milestone_seed_7ff1fd2_1,_claude-code_sonnet-4.6_run_002,SWE-Milestone-log-results/element-hq_element-web_v1.11.95_v1.11.97/e2e_trial/_claude-code_sonnet-4.6_run_002/evaluation/milestone_seed_7ff1fd2_1/evaluation_result.json,0.0,0.6896551724137931,1.0,0.8163265306122449
e2e,element-hq_element-web_v1.11.95_v1.11.97,milestone_seed_8bb4d44_1,_claude-code_sonnet-4.6_run_002,SWE-Milestone-log-results/element-hq_element-web_v1.11.95_v1.11.97/e2e_trial/_claude-code_sonnet-4.6_run_002/evaluation/milestone_seed_8bb4d44_1/evaluation_result.json,0.0,0.375,0.5714285714285714,0.4528301886792453
e2e,element-hq_element-web_v1.11.95_v1.11.97,milestone_seed_aa99601_1,_claude-code_sonnet-4.6_run_002,SWE-Milestone-log-results/element-hq_element-web_v1.11.95_v1.11.97/e2e_trial/_claude-code_sonnet-4.6_run_002/evaluation/milestone_seed_aa99601_1/evaluation_result.json,0.0,0.5,0.06382978723404255,0.11320754716981131
e2e,element-hq_element-web_v1.11.95_v1.11.97,milestone_seed_be3778b_1,_claude-code_sonnet-4.6_run_002,SWE-Milestone-log-results/element-hq_element-web_v1.11.95_v1.11.97/e2e_trial/_claude-code_sonnet-4.6_run_002/evaluation/milestone_seed_be3778b_1/evaluation_result.json,0.0,0.7777777777777778,0.5,0.6086956521739131
e2e,element-hq_element-web_v1.11.95_v1.11.97,milestone_seed_e662c19_1,_claude-code_sonnet-4.6_run_002,SWE-Milestone-log-results/element-hq_element-web_v1.11.95_v1.11.97/e2e_trial/_claude-code_sonnet-4.6_run_002/evaluation/milestone_seed_e662c19_1/evaluation_result.json,0.0,0.8,0.52,0.6303030303030304
e2e,element-hq_element-web_v1.11.95_v1.11.97,milestone_seed_e9a3625_1_sub-01,_claude-code_sonnet-4.6_run_002,SWE-Milestone-log-results/element-hq_element-web_v1.11.95_v1.11.97/e2e_trial/_claude-code_sonnet-4.6_run_002/evaluation/milestone_seed_e9a3625_1_sub-01/evaluation_result.json,0.0,1.0,0.15,0.2608695652173913
e2e,element-hq_element-web_v1.11.95_v1.11.97,milestone_seed_e9a3625_1_sub-02,_claude-code_sonnet-4.6_run_002,SWE-Milestone-log-results/element-hq_element-web_v1.11.95_v1.11.97/e2e_trial/_claude-code_sonnet-4.6_run_002/evaluation/milestone_seed_e9a3625_1_sub-02/evaluation_result.json,0.0,0.0,0.0002655337227827934,0.0
e2e,element-hq_element-web_v1.11.95_v1.11.97,milestone_seed_e9a3625_1_sub-03,_claude-code_sonnet-4.6_run_002,SWE-Milestone-log-results/element-hq_element-web_v1.11.95_v1.11.97/e2e_trial/_claude-code_sonnet-4.6_run_002/evaluation/milestone_seed_e9a3625_1_sub-03/evaluation_result.json,0.0,0.045454545454545456,0.0005219206680584551,0.0010319917440660474
e2e,element-hq_element-web_v1.11.95_v1.11.97,milestone_seed_f59af37_1,_claude-code_sonnet-4.6_run_002,SWE-Milestone-log-results/element-hq_element-web_v1.11.95_v1.11.97/e2e_trial/_claude-code_sonnet-4.6_run_002/evaluation/milestone_seed_f59af37_1/evaluation_result_filtered.json,0.0,0.8125,0.4666666666666667,0.5928338762214983
e2e,element-hq_element-web_v1.11.95_v1.11.97,milestone_seed_fba5938_1,_claude-code_sonnet-4.6_run_002,SWE-Milestone-log-results/element-hq_element-web_v1.11.95_v1.11.97/e2e_trial/_claude-code_sonnet-4.6_run_002/evaluation/milestone_seed_fba5938_1/evaluation_result.json,0.0,0.0,0.07692307692307693,0.0
e2e,element-hq_element-web_v1.11.95_v1.11.97,feature_enhancements,_codex_gpt-5.2-codex_run_002,SWE-Milestone-log-results/element-hq_element-web_v1.11.95_v1.11.97/e2e_trial/_codex_gpt-5.2-codex_run_002/evaluation/feature_enhancements/evaluation_result.json,0.0,0.6923076923076923,0.05917159763313609,0.10902483343428225
e2e,element-hq_element-web_v1.11.95_v1.11.97,maintenance_bug_fixes,_codex_gpt-5.2-codex_run_002,SWE-Milestone-log-results/element-hq_element-web_v1.11.95_v1.11.97/e2e_trial/_codex_gpt-5.2-codex_run_002/evaluation/maintenance_bug_fixes/evaluation_result.json,0.0,1.0,0.010830324909747292,0.02142857142857143
e2e,element-hq_element-web_v1.11.95_v1.11.97,maintenance_ui_ux,_codex_gpt-5.2-codex_run_002,SWE-Milestone-log-results/element-hq_element-web_v1.11.95_v1.11.97/e2e_trial/_codex_gpt-5.2-codex_run_002/evaluation/maintenance_ui_ux/evaluation_result_filtered.json,0.0,1.0,0.49122807017543857,0.6588235294117647
e2e,element-hq_element-web_v1.11.95_v1.11.97,milestone_seed_05df321_1,_codex_gpt-5.2-codex_run_002,SWE-Milestone-log-results/element-hq_element-web_v1.11.95_v1.11.97/e2e_trial/_codex_gpt-5.2-codex_run_002/evaluation/milestone_seed_05df321_1/evaluation_result.json,0.0,1.0,0.0034602076124567475,0.006896551724137931
e2e,element-hq_element-web_v1.11.95_v1.11.97,milestone_seed_3762d40_1,_codex_gpt-5.2-codex_run_002,SWE-Milestone-log-results/element-hq_element-web_v1.11.95_v1.11.97/e2e_trial/_codex_gpt-5.2-codex_run_002/evaluation/milestone_seed_3762d40_1/evaluation_result.json,0.0,0.125,0.05405405405405406,0.07547169811320754
e2e,element-hq_element-web_v1.11.95_v1.11.97,milestone_seed_3f47487_1,_codex_gpt-5.2-codex_run_002,SWE-Milestone-log-results/element-hq_element-web_v1.11.95_v1.11.97/e2e_trial/_codex_gpt-5.2-codex_run_002/evaluation/milestone_seed_3f47487_1/evaluation_result_filtered.json,0.0,0.6,0.045774647887323945,0.08505997818974918
e2e,element-hq_element-web_v1.11.95_v1.11.97,milestone_seed_56c7fc1_1,_codex_gpt-5.2-codex_run_002,SWE-Milestone-log-results/element-hq_element-web_v1.11.95_v1.11.97/e2e_trial/_codex_gpt-5.2-codex_run_002/evaluation/milestone_seed_56c7fc1_1/evaluation_result_filtered.json,1.0,1.0,1.0,1.0
e2e,element-hq_element-web_v1.11.95_v1.11.97,milestone_seed_599112e_1,_codex_gpt-5.2-codex_run_002,SWE-Milestone-log-results/element-hq_element-web_v1.11.95_v1.11.97/e2e_trial/_codex_gpt-5.2-codex_run_002/evaluation/milestone_seed_599112e_1/evaluation_result_filtered.json,0.0,0.0,0.006896551724137931,0.0
e2e,element-hq_element-web_v1.11.95_v1.11.97,milestone_seed_7ff1fd2_1,_codex_gpt-5.2-codex_run_002,SWE-Milestone-log-results/element-hq_element-web_v1.11.95_v1.11.97/e2e_trial/_codex_gpt-5.2-codex_run_002/evaluation/milestone_seed_7ff1fd2_1/evaluation_result.json,0.0,1.0,0.1724137931034483,0.29411764705882354
e2e,element-hq_element-web_v1.11.95_v1.11.97,milestone_seed_8bb4d44_1,_codex_gpt-5.2-codex_run_002,SWE-Milestone-log-results/element-hq_element-web_v1.11.95_v1.11.97/e2e_trial/_codex_gpt-5.2-codex_run_002/evaluation/milestone_seed_8bb4d44_1/evaluation_result.json,0.0,0.5,0.03289473684210526,0.061728395061728385
e2e,element-hq_element-web_v1.11.95_v1.11.97,milestone_seed_aa99601_1,_codex_gpt-5.2-codex_run_002,SWE-Milestone-log-results/element-hq_element-web_v1.11.95_v1.11.97/e2e_trial/_codex_gpt-5.2-codex_run_002/evaluation/milestone_seed_aa99601_1/evaluation_result.json,0.0,0.5,0.014150943396226415,0.027522935779816512
e2e,element-hq_element-web_v1.11.95_v1.11.97,milestone_seed_be3778b_1,_codex_gpt-5.2-codex_run_002,SWE-Milestone-log-results/element-hq_element-web_v1.11.95_v1.11.97/e2e_trial/_codex_gpt-5.2-codex_run_002/evaluation/milestone_seed_be3778b_1/evaluation_result.json,0.0,0.7777777777777778,0.047337278106508875,0.08924302788844621
e2e,element-hq_element-web_v1.11.95_v1.11.97,milestone_seed_e662c19_1,_codex_gpt-5.2-codex_run_002,SWE-Milestone-log-results/element-hq_element-web_v1.11.95_v1.11.97/e2e_trial/_codex_gpt-5.2-codex_run_002/evaluation/milestone_seed_e662c19_1/evaluation_result.json,0.0,0.5333333333333333,0.05232558139534884,0.09530112508272667
e2e,element-hq_element-web_v1.11.95_v1.11.97,milestone_seed_e9a3625_1_sub-01,_codex_gpt-5.2-codex_run_002,SWE-Milestone-log-results/element-hq_element-web_v1.11.95_v1.11.97/e2e_trial/_codex_gpt-5.2-codex_run_002/evaluation/milestone_seed_e9a3625_1_sub-01/evaluation_result.json,0.0,0.0,0.0002623983206507478,0.0
e2e,element-hq_element-web_v1.11.95_v1.11.97,milestone_seed_e9a3625_1_sub-02,_codex_gpt-5.2-codex_run_002,SWE-Milestone-log-results/element-hq_element-web_v1.11.95_v1.11.97/e2e_trial/_codex_gpt-5.2-codex_run_002/evaluation/milestone_seed_e9a3625_1_sub-02/evaluation_result.json,0.0,0.0,0.0002646202699126753,0.0
e2e,element-hq_element-web_v1.11.95_v1.11.97,milestone_seed_e9a3625_1_sub-03,_codex_gpt-5.2-codex_run_002,SWE-Milestone-log-results/element-hq_element-web_v1.11.95_v1.11.97/e2e_trial/_codex_gpt-5.2-codex_run_002/evaluation/milestone_seed_e9a3625_1_sub-03/evaluation_result.json,0.0,0.045454545454545456,0.0005201560468140442,0.0010285420416559527
e2e,element-hq_element-web_v1.11.95_v1.11.97,milestone_seed_f59af37_1,_codex_gpt-5.2-codex_run_002,SWE-Milestone-log-results/element-hq_element-web_v1.11.95_v1.11.97/e2e_trial/_codex_gpt-5.2-codex_run_002/evaluation/milestone_seed_f59af37_1/evaluation_result_filtered.json,0.0,0.0,0.0002633658151171978,0.0
e2e,element-hq_element-web_v1.11.95_v1.11.97,milestone_seed_fba5938_1,_codex_gpt-5.2-codex_run_002,SWE-Milestone-log-results/element-hq_element-web_v1.11.95_v1.11.97/e2e_trial/_codex_gpt-5.2-codex_run_002/evaluation/milestone_seed_fba5938_1/evaluation_result.json,0.0,0.0,0.0002638522427440633,0.0
e2e,element-hq_element-web_v1.11.95_v1.11.97,feature_enhancements,_codex_gpt-5.2_run_002,SWE-Milestone-log-results/element-hq_element-web_v1.11.95_v1.11.97/e2e_trial/_codex_gpt-5.2_run_002/evaluation/feature_enhancements/evaluation_result.json,0.0,0.7692307692307693,0.16666666666666666,0.273972602739726
e2e,element-hq_element-web_v1.11.95_v1.11.97,maintenance_bug_fixes,_codex_gpt-5.2_run_002,SWE-Milestone-log-results/element-hq_element-web_v1.11.95_v1.11.97/e2e_trial/_codex_gpt-5.2_run_002/evaluation/maintenance_bug_fixes/evaluation_result.json,0.0,1.0,0.015789473684210527,0.031088082901554404
e2e,element-hq_element-web_v1.11.95_v1.11.97,maintenance_ui_ux,_codex_gpt-5.2_run_002,SWE-Milestone-log-results/element-hq_element-web_v1.11.95_v1.11.97/e2e_trial/_codex_gpt-5.2_run_002/evaluation/maintenance_ui_ux/evaluation_result_filtered.json,0.0,1.0,0.49122807017543857,0.6588235294117647
e2e,element-hq_element-web_v1.11.95_v1.11.97,milestone_seed_05df321_1,_codex_gpt-5.2_run_002,SWE-Milestone-log-results/element-hq_element-web_v1.11.95_v1.11.97/e2e_trial/_codex_gpt-5.2_run_002/evaluation/milestone_seed_05df321_1/evaluation_result.json,0.0,1.0,0.005,0.009950248756218907
e2e,element-hq_element-web_v1.11.95_v1.11.97,milestone_seed_3762d40_1,_codex_gpt-5.2_run_002,SWE-Milestone-log-results/element-hq_element-web_v1.11.95_v1.11.97/e2e_trial/_codex_gpt-5.2_run_002/evaluation/milestone_seed_3762d40_1/evaluation_result.json,0.0,0.375,0.10256410256410256,0.16107382550335572
e2e,element-hq_element-web_v1.11.95_v1.11.97,milestone_seed_3f47487_1,_codex_gpt-5.2_run_002,SWE-Milestone-log-results/element-hq_element-web_v1.11.95_v1.11.97/e2e_trial/_codex_gpt-5.2_run_002/evaluation/milestone_seed_3f47487_1/evaluation_result_filtered.json,0.0,0.45,0.05235602094240838,0.09379885356956748
e2e,element-hq_element-web_v1.11.95_v1.11.97,milestone_seed_56c7fc1_1,_codex_gpt-5.2_run_002,SWE-Milestone-log-results/element-hq_element-web_v1.11.95_v1.11.97/e2e_trial/_codex_gpt-5.2_run_002/evaluation/milestone_seed_56c7fc1_1/evaluation_result_filtered.json,1.0,1.0,1.0,1.0
e2e,element-hq_element-web_v1.11.95_v1.11.97,milestone_seed_599112e_1,_codex_gpt-5.2_run_002,SWE-Milestone-log-results/element-hq_element-web_v1.11.95_v1.11.97/e2e_trial/_codex_gpt-5.2_run_002/evaluation/milestone_seed_599112e_1/evaluation_result_filtered.json,0.0,0.3333333333333333,1.0,0.5
e2e,element-hq_element-web_v1.11.95_v1.11.97,milestone_seed_7ff1fd2_1,_codex_gpt-5.2_run_002,SWE-Milestone-log-results/element-hq_element-web_v1.11.95_v1.11.97/e2e_trial/_codex_gpt-5.2_run_002/evaluation/milestone_seed_7ff1fd2_1/evaluation_result.json,0.0,1.0,0.8333333333333334,0.9090909090909091
e2e,element-hq_element-web_v1.11.95_v1.11.97,milestone_seed_8bb4d44_1,_codex_gpt-5.2_run_002,SWE-Milestone-log-results/element-hq_element-web_v1.11.95_v1.11.97/e2e_trial/_codex_gpt-5.2_run_002/evaluation/milestone_seed_8bb4d44_1/evaluation_result.json,0.0,0.5,0.12195121951219512,0.19607843137254902
e2e,element-hq_element-web_v1.11.95_v1.11.97,milestone_seed_aa99601_1,_codex_gpt-5.2_run_002,SWE-Milestone-log-results/element-hq_element-web_v1.11.95_v1.11.97/e2e_trial/_codex_gpt-5.2_run_002/evaluation/milestone_seed_aa99601_1/evaluation_result.json,0.0,0.5,0.033707865168539325,0.06315789473684211
e2e,element-hq_element-web_v1.11.95_v1.11.97,milestone_seed_be3778b_1,_codex_gpt-5.2_run_002,SWE-Milestone-log-results/element-hq_element-web_v1.11.95_v1.11.97/e2e_trial/_codex_gpt-5.2_run_002/evaluation/milestone_seed_be3778b_1/evaluation_result.json,0.0,0.7777777777777778,0.13793103448275862,0.23430962343096237
e2e,element-hq_element-web_v1.11.95_v1.11.97,milestone_seed_e662c19_1,_codex_gpt-5.2_run_002,SWE-Milestone-log-results/element-hq_element-web_v1.11.95_v1.11.97/e2e_trial/_codex_gpt-5.2_run_002/evaluation/milestone_seed_e662c19_1/evaluation_result.json,0.0,0.5333333333333333,0.14754098360655737,0.23113964686998392
e2e,element-hq_element-web_v1.11.95_v1.11.97,milestone_seed_e9a3625_1_sub-01,_codex_gpt-5.2_run_002,SWE-Milestone-log-results/element-hq_element-web_v1.11.95_v1.11.97/e2e_trial/_codex_gpt-5.2_run_002/evaluation/milestone_seed_e9a3625_1_sub-01/evaluation_result.json,0.0,0.0,0.00026308866087871614,0.0
e2e,element-hq_element-web_v1.11.95_v1.11.97,milestone_seed_e9a3625_1_sub-02,_codex_gpt-5.2_run_002,SWE-Milestone-log-results/element-hq_element-web_v1.11.95_v1.11.97/e2e_trial/_codex_gpt-5.2_run_002/evaluation/milestone_seed_e9a3625_1_sub-02/evaluation_result.json,0.0,0.0,0.0002653223666755107,0.0
e2e,element-hq_element-web_v1.11.95_v1.11.97,milestone_seed_e9a3625_1_sub-03,_codex_gpt-5.2_run_002,SWE-Milestone-log-results/element-hq_element-web_v1.11.95_v1.11.97/e2e_trial/_codex_gpt-5.2_run_002/evaluation/milestone_seed_e9a3625_1_sub-03/evaluation_result.json,0.0,0.045454545454545456,0.0005215123859191656,0.001031193606599639
e2e,element-hq_element-web_v1.11.95_v1.11.97,milestone_seed_f59af37_1,_codex_gpt-5.2_run_002,SWE-Milestone-log-results/element-hq_element-web_v1.11.95_v1.11.97/e2e_trial/_codex_gpt-5.2_run_002/evaluation/milestone_seed_f59af37_1/evaluation_result_filtered.json,0.0,0.0,0.0002640612622128334,0.0
e2e,element-hq_element-web_v1.11.95_v1.11.97,milestone_seed_fba5938_1,_codex_gpt-5.2_run_002,SWE-Milestone-log-results/element-hq_element-web_v1.11.95_v1.11.97/e2e_trial/_codex_gpt-5.2_run_002/evaluation/milestone_seed_fba5938_1/evaluation_result.json,0.0,0.0,0.00026455026455026457,0.0
e2e,element-hq_element-web_v1.11.95_v1.11.97,feature_enhancements,_codex_gpt-5.3-codex_run_002,SWE-Milestone-log-results/element-hq_element-web_v1.11.95_v1.11.97/e2e_trial/_codex_gpt-5.3-codex_run_002/evaluation/feature_enhancements/evaluation_result.json,0.0,0.7692307692307693,0.4583333333333333,0.5744125326370757
e2e,element-hq_element-web_v1.11.95_v1.11.97,maintenance_ui_ux,_codex_gpt-5.3-codex_run_002,SWE-Milestone-log-results/element-hq_element-web_v1.11.95_v1.11.97/e2e_trial/_codex_gpt-5.3-codex_run_002/evaluation/maintenance_ui_ux/evaluation_result_filtered.json,0.0,1.0,0.49122807017543857,0.6588235294117647
e2e,element-hq_element-web_v1.11.95_v1.11.97,milestone_seed_3762d40_1,_codex_gpt-5.3-codex_run_002,SWE-Milestone-log-results/element-hq_element-web_v1.11.95_v1.11.97/e2e_trial/_codex_gpt-5.3-codex_run_002/evaluation/milestone_seed_3762d40_1/evaluation_result.json,0.0,0.5,0.125,0.2
e2e,element-hq_element-web_v1.11.95_v1.11.97,milestone_seed_3f47487_1,_codex_gpt-5.3-codex_run_002,SWE-Milestone-log-results/element-hq_element-web_v1.11.95_v1.11.97/e2e_trial/_codex_gpt-5.3-codex_run_002/evaluation/milestone_seed_3f47487_1/evaluation_result_filtered.json,0.0,0.35,0.3333333333333333,0.3414634146341463
e2e,element-hq_element-web_v1.11.95_v1.11.97,milestone_seed_56c7fc1_1,_codex_gpt-5.3-codex_run_002,SWE-Milestone-log-results/element-hq_element-web_v1.11.95_v1.11.97/e2e_trial/_codex_gpt-5.3-codex_run_002/evaluation/milestone_seed_56c7fc1_1/evaluation_result_filtered.json,1.0,1.0,1.0,1.0
e2e,element-hq_element-web_v1.11.95_v1.11.97,milestone_seed_599112e_1,_codex_gpt-5.3-codex_run_002,SWE-Milestone-log-results/element-hq_element-web_v1.11.95_v1.11.97/e2e_trial/_codex_gpt-5.3-codex_run_002/evaluation/milestone_seed_599112e_1/evaluation_result_filtered.json,0.0,0.3333333333333333,1.0,0.5
e2e,element-hq_element-web_v1.11.95_v1.11.97,milestone_seed_7ff1fd2_1,_codex_gpt-5.3-codex_run_002,SWE-Milestone-log-results/element-hq_element-web_v1.11.95_v1.11.97/e2e_trial/_codex_gpt-5.3-codex_run_002/evaluation/milestone_seed_7ff1fd2_1/evaluation_result.json,1.0,1.0,1.0,1.0
e2e,element-hq_element-web_v1.11.95_v1.11.97,milestone_seed_8bb4d44_1,_codex_gpt-5.3-codex_run_002,SWE-Milestone-log-results/element-hq_element-web_v1.11.95_v1.11.97/e2e_trial/_codex_gpt-5.3-codex_run_002/evaluation/milestone_seed_8bb4d44_1/evaluation_result.json,0.0,0.375,0.3333333333333333,0.35294117647058826
e2e,element-hq_element-web_v1.11.95_v1.11.97,milestone_seed_aa99601_1,_codex_gpt-5.3-codex_run_002,SWE-Milestone-log-results/element-hq_element-web_v1.11.95_v1.11.97/e2e_trial/_codex_gpt-5.3-codex_run_002/evaluation/milestone_seed_aa99601_1/evaluation_result.json,0.0,0.5,0.04918032786885246,0.08955223880597014
e2e,element-hq_element-web_v1.11.95_v1.11.97,milestone_seed_be3778b_1,_codex_gpt-5.3-codex_run_002,SWE-Milestone-log-results/element-hq_element-web_v1.11.95_v1.11.97/e2e_trial/_codex_gpt-5.3-codex_run_002/evaluation/milestone_seed_be3778b_1/evaluation_result.json,0.0,0.7777777777777778,0.26666666666666666,0.39716312056737585
e2e,element-hq_element-web_v1.11.95_v1.11.97,milestone_seed_e662c19_1,_codex_gpt-5.3-codex_run_002,SWE-Milestone-log-results/element-hq_element-web_v1.11.95_v1.11.97/e2e_trial/_codex_gpt-5.3-codex_run_002/evaluation/milestone_seed_e662c19_1/evaluation_result.json,0.0,0.0,0.05555555555555555,0.0
e2e,element-hq_element-web_v1.11.95_v1.11.97,milestone_seed_e9a3625_1_sub-01,_codex_gpt-5.3-codex_run_002,SWE-Milestone-log-results/element-hq_element-web_v1.11.95_v1.11.97/e2e_trial/_codex_gpt-5.3-codex_run_002/evaluation/milestone_seed_e9a3625_1_sub-01/evaluation_result.json,0.0,1.0,0.3,0.4615384615384615
e2e,element-hq_element-web_v1.11.95_v1.11.97,milestone_seed_e9a3625_1_sub-02,_codex_gpt-5.3-codex_run_002,SWE-Milestone-log-results/element-hq_element-web_v1.11.95_v1.11.97/e2e_trial/_codex_gpt-5.3-codex_run_002/evaluation/milestone_seed_e9a3625_1_sub-02/evaluation_result.json,0.0,0.65,0.851063829787234,0.7370659107016301
e2e,element-hq_element-web_v1.11.95_v1.11.97,milestone_seed_e9a3625_1_sub-03,_codex_gpt-5.3-codex_run_002,SWE-Milestone-log-results/element-hq_element-web_v1.11.95_v1.11.97/e2e_trial/_codex_gpt-5.3-codex_run_002/evaluation/milestone_seed_e9a3625_1_sub-03/evaluation_result.json,0.0,0.4090909090909091,0.2631578947368421,0.3202846975088968
e2e,element-hq_element-web_v1.11.95_v1.11.97,milestone_seed_f59af37_1,_codex_gpt-5.3-codex_run_002,SWE-Milestone-log-results/element-hq_element-web_v1.11.95_v1.11.97/e2e_trial/_codex_gpt-5.3-codex_run_002/evaluation/milestone_seed_f59af37_1/evaluation_result_filtered.json,0.0,0.0,0.041666666666666664,0.0
e2e,element-hq_element-web_v1.11.95_v1.11.97,milestone_seed_fba5938_1,_codex_gpt-5.3-codex_run_002,SWE-Milestone-log-results/element-hq_element-web_v1.11.95_v1.11.97/e2e_trial/_codex_gpt-5.3-codex_run_002/evaluation/milestone_seed_fba5938_1/evaluation_result.json,0.0,0.0,0.05555555555555555,0.0
e2e,element-hq_element-web_v1.11.95_v1.11.97,feature_enhancements,_codex_gpt-5.4_run_002,SWE-Milestone-log-results/element-hq_element-web_v1.11.95_v1.11.97/e2e_trial/_codex_gpt-5.4_run_002/evaluation/feature_enhancements/evaluation_result.json,0.0,0.6923076923076923,0.10869565217391304,0.1878914405010438
e2e,element-hq_element-web_v1.11.95_v1.11.97,maintenance_bug_fixes,_codex_gpt-5.4_run_002,SWE-Milestone-log-results/element-hq_element-web_v1.11.95_v1.11.97/e2e_trial/_codex_gpt-5.4_run_002/evaluation/maintenance_bug_fixes/evaluation_result.json,0.0,1.0,0.020833333333333332,0.04081632653061225
e2e,element-hq_element-web_v1.11.95_v1.11.97,maintenance_ui_ux,_codex_gpt-5.4_run_002,SWE-Milestone-log-results/element-hq_element-web_v1.11.95_v1.11.97/e2e_trial/_codex_gpt-5.4_run_002/evaluation/maintenance_ui_ux/evaluation_result_filtered.json,0.0,1.0,0.4057971014492754,0.577319587628866
e2e,element-hq_element-web_v1.11.95_v1.11.97,milestone_seed_05df321_1,_codex_gpt-5.4_run_002,SWE-Milestone-log-results/element-hq_element-web_v1.11.95_v1.11.97/e2e_trial/_codex_gpt-5.4_run_002/evaluation/milestone_seed_05df321_1/evaluation_result.json,0.0,1.0,0.006369426751592357,0.012658227848101266
e2e,element-hq_element-web_v1.11.95_v1.11.97,milestone_seed_3762d40_1,_codex_gpt-5.4_run_002,SWE-Milestone-log-results/element-hq_element-web_v1.11.95_v1.11.97/e2e_trial/_codex_gpt-5.4_run_002/evaluation/milestone_seed_3762d40_1/evaluation_result.json,0.0,0.0,0.0196078431372549,0.0
e2e,element-hq_element-web_v1.11.95_v1.11.97,milestone_seed_3f47487_1,_codex_gpt-5.4_run_002,SWE-Milestone-log-results/element-hq_element-web_v1.11.95_v1.11.97/e2e_trial/_codex_gpt-5.4_run_002/evaluation/milestone_seed_3f47487_1/evaluation_result_filtered.json,0.0,0.35,0.0851063829787234,0.13691931540342298
e2e,element-hq_element-web_v1.11.95_v1.11.97,milestone_seed_56c7fc1_1,_codex_gpt-5.4_run_002,SWE-Milestone-log-results/element-hq_element-web_v1.11.95_v1.11.97/e2e_trial/_codex_gpt-5.4_run_002/evaluation/milestone_seed_56c7fc1_1/evaluation_result_filtered.json,0.0,1.0,0.2,0.33333333333333337
e2e,element-hq_element-web_v1.11.95_v1.11.97,milestone_seed_599112e_1,_codex_gpt-5.4_run_002,SWE-Milestone-log-results/element-hq_element-web_v1.11.95_v1.11.97/e2e_trial/_codex_gpt-5.4_run_002/evaluation/milestone_seed_599112e_1/evaluation_result_filtered.json,0.0,0.16666666666666666,0.14285714285714285,0.15384615384615383
e2e,element-hq_element-web_v1.11.95_v1.11.97,milestone_seed_7ff1fd2_1,_codex_gpt-5.4_run_002,SWE-Milestone-log-results/element-hq_element-web_v1.11.95_v1.11.97/e2e_trial/_codex_gpt-5.4_run_002/evaluation/milestone_seed_7ff1fd2_1/evaluation_result.json,0.0,0.8620689655172413,0.6842105263157895,0.7629107981220656
e2e,element-hq_element-web_v1.11.95_v1.11.97,milestone_seed_8bb4d44_1,_codex_gpt-5.4_run_002,SWE-Milestone-log-results/element-hq_element-web_v1.11.95_v1.11.97/e2e_trial/_codex_gpt-5.4_run_002/evaluation/milestone_seed_8bb4d44_1/evaluation_result.json,0.0,0.25,0.04225352112676056,0.07228915662650602
e2e,element-hq_element-web_v1.11.95_v1.11.97,milestone_seed_aa99601_1,_codex_gpt-5.4_run_002,SWE-Milestone-log-results/element-hq_element-web_v1.11.95_v1.11.97/e2e_trial/_codex_gpt-5.4_run_002/evaluation/milestone_seed_aa99601_1/evaluation_result.json,0.0,0.0,0.008264462809917356,0.0
e2e,element-hq_element-web_v1.11.95_v1.11.97,milestone_seed_be3778b_1,_codex_gpt-5.4_run_002,SWE-Milestone-log-results/element-hq_element-web_v1.11.95_v1.11.97/e2e_trial/_codex_gpt-5.4_run_002/evaluation/milestone_seed_be3778b_1/evaluation_result.json,0.0,0.7777777777777778,0.0851063829787234,0.15342465753424656
e2e,element-hq_element-web_v1.11.95_v1.11.97,milestone_seed_e662c19_1,_codex_gpt-5.4_run_002,SWE-Milestone-log-results/element-hq_element-web_v1.11.95_v1.11.97/e2e_trial/_codex_gpt-5.4_run_002/evaluation/milestone_seed_e662c19_1/evaluation_result.json,0.0,0.5333333333333333,0.0989010989010989,0.16685979142526072
e2e,element-hq_element-web_v1.11.95_v1.11.97,milestone_seed_e9a3625_1_sub-01,_codex_gpt-5.4_run_002,SWE-Milestone-log-results/element-hq_element-web_v1.11.95_v1.11.97/e2e_trial/_codex_gpt-5.4_run_002/evaluation/milestone_seed_e9a3625_1_sub-01/evaluation_result.json,0.0,1.0,0.03614457831325301,0.06976744186046512
e2e,element-hq_element-web_v1.11.95_v1.11.97,milestone_seed_e9a3625_1_sub-02,_codex_gpt-5.4_run_002,SWE-Milestone-log-results/element-hq_element-web_v1.11.95_v1.11.97/e2e_trial/_codex_gpt-5.4_run_002/evaluation/milestone_seed_e9a3625_1_sub-02/evaluation_result.json,0.0,0.8333333333333334,0.3227848101265823,0.46532846715328463
e2e,element-hq_element-web_v1.11.95_v1.11.97,milestone_seed_e9a3625_1_sub-03,_codex_gpt-5.4_run_002,SWE-Milestone-log-results/element-hq_element-web_v1.11.95_v1.11.97/e2e_trial/_codex_gpt-5.4_run_002/evaluation/milestone_seed_e9a3625_1_sub-03/evaluation_result.json,0.0,0.8181818181818182,0.13286713286713286,0.2286096256684492
e2e,element-hq_element-web_v1.11.95_v1.11.97,milestone_seed_f59af37_1,_codex_gpt-5.4_run_002,SWE-Milestone-log-results/element-hq_element-web_v1.11.95_v1.11.97/e2e_trial/_codex_gpt-5.4_run_002/evaluation/milestone_seed_f59af37_1/evaluation_result_filtered.json,0.0,0.6875,0.07058823529411765,0.1280310378273521
e2e,element-hq_element-web_v1.11.95_v1.11.97,milestone_seed_fba5938_1,_codex_gpt-5.4_run_002,SWE-Milestone-log-results/element-hq_element-web_v1.11.95_v1.11.97/e2e_trial/_codex_gpt-5.4_run_002/evaluation/milestone_seed_fba5938_1/evaluation_result.json,0.0,0.0,0.007042253521126761,0.0
e2e,element-hq_element-web_v1.11.95_v1.11.97,feature_enhancements,_codex_gpt-5.5_run_002,SWE-Milestone-log-results/element-hq_element-web_v1.11.95_v1.11.97/e2e_trial/_codex_gpt-5.5_run_002/evaluation/feature_enhancements/evaluation_result.json,0.0,0.7692307692307693,0.2037037037037037,0.322108345534407
e2e,element-hq_element-web_v1.11.95_v1.11.97,maintenance_bug_fixes,_codex_gpt-5.5_run_002,SWE-Milestone-log-results/element-hq_element-web_v1.11.95_v1.11.97/e2e_trial/_codex_gpt-5.5_run_002/evaluation/maintenance_bug_fixes/evaluation_result.json,0.0,1.0,0.017241379310344827,0.03389830508474576
e2e,element-hq_element-web_v1.11.95_v1.11.97,maintenance_ui_ux,_codex_gpt-5.5_run_002,SWE-Milestone-log-results/element-hq_element-web_v1.11.95_v1.11.97/e2e_trial/_codex_gpt-5.5_run_002/evaluation/maintenance_ui_ux/evaluation_result_filtered.json,0.0,0.0,0.03333333333333333,0.0
e2e,element-hq_element-web_v1.11.95_v1.11.97,milestone_seed_05df321_1,_codex_gpt-5.5_run_002,SWE-Milestone-log-results/element-hq_element-web_v1.11.95_v1.11.97/e2e_trial/_codex_gpt-5.5_run_002/evaluation/milestone_seed_05df321_1/evaluation_result.json,0.0,1.0,0.005319148936170213,0.010582010582010583
e2e,element-hq_element-web_v1.11.95_v1.11.97,milestone_seed_3762d40_1,_codex_gpt-5.5_run_002,SWE-Milestone-log-results/element-hq_element-web_v1.11.95_v1.11.97/e2e_trial/_codex_gpt-5.5_run_002/evaluation/milestone_seed_3762d40_1/evaluation_result.json,0.0,0.0,0.027777777777777776,0.0
e2e,element-hq_element-web_v1.11.95_v1.11.97,milestone_seed_3f47487_1,_codex_gpt-5.5_run_002,SWE-Milestone-log-results/element-hq_element-web_v1.11.95_v1.11.97/e2e_trial/_codex_gpt-5.5_run_002/evaluation/milestone_seed_3f47487_1/evaluation_result_filtered.json,0.0,0.45,0.056818181818181816,0.10089686098654707
e2e,element-hq_element-web_v1.11.95_v1.11.97,milestone_seed_56c7fc1_1,_codex_gpt-5.5_run_002,SWE-Milestone-log-results/element-hq_element-web_v1.11.95_v1.11.97/e2e_trial/_codex_gpt-5.5_run_002/evaluation/milestone_seed_56c7fc1_1/evaluation_result_filtered.json,1.0,1.0,1.0,1.0
e2e,element-hq_element-web_v1.11.95_v1.11.97,milestone_seed_599112e_1,_codex_gpt-5.5_run_002,SWE-Milestone-log-results/element-hq_element-web_v1.11.95_v1.11.97/e2e_trial/_codex_gpt-5.5_run_002/evaluation/milestone_seed_599112e_1/evaluation_result_filtered.json,0.0,0.3333333333333333,1.0,0.5
e2e,element-hq_element-web_v1.11.95_v1.11.97,milestone_seed_7ff1fd2_1,_codex_gpt-5.5_run_002,SWE-Milestone-log-results/element-hq_element-web_v1.11.95_v1.11.97/e2e_trial/_codex_gpt-5.5_run_002/evaluation/milestone_seed_7ff1fd2_1/evaluation_result.json,0.0,0.896551724137931,1.0,0.9454545454545454
e2e,element-hq_element-web_v1.11.95_v1.11.97,milestone_seed_8bb4d44_1,_codex_gpt-5.5_run_002,SWE-Milestone-log-results/element-hq_element-web_v1.11.95_v1.11.97/e2e_trial/_codex_gpt-5.5_run_002/evaluation/milestone_seed_8bb4d44_1/evaluation_result.json,0.0,1.0,0.5,0.6666666666666666
e2e,element-hq_element-web_v1.11.95_v1.11.97,milestone_seed_aa99601_1,_codex_gpt-5.5_run_002,SWE-Milestone-log-results/element-hq_element-web_v1.11.95_v1.11.97/e2e_trial/_codex_gpt-5.5_run_002/evaluation/milestone_seed_aa99601_1/evaluation_result.json,0.0,0.5,0.05172413793103448,0.09375
e2e,element-hq_element-web_v1.11.95_v1.11.97,milestone_seed_be3778b_1,_codex_gpt-5.5_run_002,SWE-Milestone-log-results/element-hq_element-web_v1.11.95_v1.11.97/e2e_trial/_codex_gpt-5.5_run_002/evaluation/milestone_seed_be3778b_1/evaluation_result.json,0.0,0.7777777777777778,0.25806451612903225,0.38754325259515565
e2e,element-hq_element-web_v1.11.95_v1.11.97,milestone_seed_e662c19_1,_codex_gpt-5.5_run_002,SWE-Milestone-log-results/element-hq_element-web_v1.11.95_v1.11.97/e2e_trial/_codex_gpt-5.5_run_002/evaluation/milestone_seed_e662c19_1/evaluation_result.json,0.0,0.5333333333333333,0.3333333333333333,0.4102564102564102
e2e,element-hq_element-web_v1.11.95_v1.11.97,milestone_seed_e9a3625_1_sub-01,_codex_gpt-5.5_run_002,SWE-Milestone-log-results/element-hq_element-web_v1.11.95_v1.11.97/e2e_trial/_codex_gpt-5.5_run_002/evaluation/milestone_seed_e9a3625_1_sub-01/evaluation_result.json,0.0,1.0,0.02912621359223301,0.05660377358490566
e2e,element-hq_element-web_v1.11.95_v1.11.97,milestone_seed_e9a3625_1_sub-02,_codex_gpt-5.5_run_002,SWE-Milestone-log-results/element-hq_element-web_v1.11.95_v1.11.97/e2e_trial/_codex_gpt-5.5_run_002/evaluation/milestone_seed_e9a3625_1_sub-02/evaluation_result.json,0.0,0.7333333333333333,0.6081081081081081,0.6648757555406314
e2e,element-hq_element-web_v1.11.95_v1.11.97,milestone_seed_e9a3625_1_sub-03,_codex_gpt-5.5_run_002,SWE-Milestone-log-results/element-hq_element-web_v1.11.95_v1.11.97/e2e_trial/_codex_gpt-5.5_run_002/evaluation/milestone_seed_e9a3625_1_sub-03/evaluation_result.json,0.0,0.7727272727272727,0.2535211267605634,0.38178415470991894
e2e,element-hq_element-web_v1.11.95_v1.11.97,milestone_seed_f59af37_1,_codex_gpt-5.5_run_002,SWE-Milestone-log-results/element-hq_element-web_v1.11.95_v1.11.97/e2e_trial/_codex_gpt-5.5_run_002/evaluation/milestone_seed_f59af37_1/evaluation_result_filtered.json,0.0,0.75,0.09774436090225563,0.17294900221729487
e2e,element-hq_element-web_v1.11.95_v1.11.97,milestone_seed_fba5938_1,_codex_gpt-5.5_run_002,SWE-Milestone-log-results/element-hq_element-web_v1.11.95_v1.11.97/e2e_trial/_codex_gpt-5.5_run_002/evaluation/milestone_seed_fba5938_1/evaluation_result.json,0.0,0.0,0.009615384615384616,0.0
e2e,element-hq_element-web_v1.11.95_v1.11.97,feature_enhancements,_gemini-cli_gemini-3-flash_run_002,SWE-Milestone-log-results/element-hq_element-web_v1.11.95_v1.11.97/e2e_trial/_gemini-cli_gemini-3-flash_run_002/evaluation/feature_enhancements/evaluation_result.json,0.0,0.7692307692307693,0.11458333333333333,0.19945602901178602
e2e,element-hq_element-web_v1.11.95_v1.11.97,maintenance_ui_ux,_gemini-cli_gemini-3-flash_run_002,SWE-Milestone-log-results/element-hq_element-web_v1.11.95_v1.11.97/e2e_trial/_gemini-cli_gemini-3-flash_run_002/evaluation/maintenance_ui_ux/evaluation_result_filtered.json,0.0,0.0,0.03333333333333333,0.0
e2e,element-hq_element-web_v1.11.95_v1.11.97,milestone_seed_3762d40_1,_gemini-cli_gemini-3-flash_run_002,SWE-Milestone-log-results/element-hq_element-web_v1.11.95_v1.11.97/e2e_trial/_gemini-cli_gemini-3-flash_run_002/evaluation/milestone_seed_3762d40_1/evaluation_result.json,0.0,0.0,0.027777777777777776,0.0
e2e,element-hq_element-web_v1.11.95_v1.11.97,milestone_seed_3f47487_1,_gemini-cli_gemini-3-flash_run_002,SWE-Milestone-log-results/element-hq_element-web_v1.11.95_v1.11.97/e2e_trial/_gemini-cli_gemini-3-flash_run_002/evaluation/milestone_seed_3f47487_1/evaluation_result_filtered.json,0.0,0.45,0.08196721311475409,0.1386748844375963
e2e,element-hq_element-web_v1.11.95_v1.11.97,milestone_seed_56c7fc1_1,_gemini-cli_gemini-3-flash_run_002,SWE-Milestone-log-results/element-hq_element-web_v1.11.95_v1.11.97/e2e_trial/_gemini-cli_gemini-3-flash_run_002/evaluation/milestone_seed_56c7fc1_1/evaluation_result_filtered.json,1.0,1.0,1.0,1.0
e2e,element-hq_element-web_v1.11.95_v1.11.97,milestone_seed_599112e_1,_gemini-cli_gemini-3-flash_run_002,SWE-Milestone-log-results/element-hq_element-web_v1.11.95_v1.11.97/e2e_trial/_gemini-cli_gemini-3-flash_run_002/evaluation/milestone_seed_599112e_1/evaluation_result_filtered.json,0.0,0.16666666666666666,0.13333333333333333,0.14814814814814814
e2e,element-hq_element-web_v1.11.95_v1.11.97,milestone_seed_7ff1fd2_1,_gemini-cli_gemini-3-flash_run_002,SWE-Milestone-log-results/element-hq_element-web_v1.11.95_v1.11.97/e2e_trial/_gemini-cli_gemini-3-flash_run_002/evaluation/milestone_seed_7ff1fd2_1/evaluation_result.json,0.0,1.0,0.6976744186046512,0.8219178082191781
e2e,element-hq_element-web_v1.11.95_v1.11.97,milestone_seed_8bb4d44_1,_gemini-cli_gemini-3-flash_run_002,SWE-Milestone-log-results/element-hq_element-web_v1.11.95_v1.11.97/e2e_trial/_gemini-cli_gemini-3-flash_run_002/evaluation/milestone_seed_8bb4d44_1/evaluation_result.json,0.0,0.875,0.2962962962962963,0.4426877470355731
e2e,element-hq_element-web_v1.11.95_v1.11.97,milestone_seed_aa99601_1,_gemini-cli_gemini-3-flash_run_002,SWE-Milestone-log-results/element-hq_element-web_v1.11.95_v1.11.97/e2e_trial/_gemini-cli_gemini-3-flash_run_002/evaluation/milestone_seed_aa99601_1/evaluation_result.json,0.0,0.5,0.03571428571428571,0.06666666666666667
e2e,element-hq_element-web_v1.11.95_v1.11.97,milestone_seed_be3778b_1,_gemini-cli_gemini-3-flash_run_002,SWE-Milestone-log-results/element-hq_element-web_v1.11.95_v1.11.97/e2e_trial/_gemini-cli_gemini-3-flash_run_002/evaluation/milestone_seed_be3778b_1/evaluation_result.json,0.0,0.6666666666666666,0.175,0.27722772277227725
e2e,element-hq_element-web_v1.11.95_v1.11.97,milestone_seed_e662c19_1,_gemini-cli_gemini-3-flash_run_002,SWE-Milestone-log-results/element-hq_element-web_v1.11.95_v1.11.97/e2e_trial/_gemini-cli_gemini-3-flash_run_002/evaluation/milestone_seed_e662c19_1/evaluation_result.json,0.0,0.5333333333333333,0.24324324324324326,0.33410672853828305
e2e,element-hq_element-web_v1.11.95_v1.11.97,milestone_seed_e9a3625_1_sub-01,_gemini-cli_gemini-3-flash_run_002,SWE-Milestone-log-results/element-hq_element-web_v1.11.95_v1.11.97/e2e_trial/_gemini-cli_gemini-3-flash_run_002/evaluation/milestone_seed_e9a3625_1_sub-01/evaluation_result.json,0.0,1.0,0.10714285714285714,0.19354838709677416
e2e,element-hq_element-web_v1.11.95_v1.11.97,milestone_seed_e9a3625_1_sub-02,_gemini-cli_gemini-3-flash_run_002,SWE-Milestone-log-results/element-hq_element-web_v1.11.95_v1.11.97/e2e_trial/_gemini-cli_gemini-3-flash_run_002/evaluation/milestone_seed_e9a3625_1_sub-02/evaluation_result.json,0.0,0.7333333333333333,0.703125,0.7179115300942712
e2e,element-hq_element-web_v1.11.95_v1.11.97,milestone_seed_e9a3625_1_sub-03,_gemini-cli_gemini-3-flash_run_002,SWE-Milestone-log-results/element-hq_element-web_v1.11.95_v1.11.97/e2e_trial/_gemini-cli_gemini-3-flash_run_002/evaluation/milestone_seed_e9a3625_1_sub-03/evaluation_result.json,0.0,0.5909090909090909,0.17721518987341772,0.27265917602996254
e2e,element-hq_element-web_v1.11.95_v1.11.97,milestone_seed_f59af37_1,_gemini-cli_gemini-3-flash_run_002,SWE-Milestone-log-results/element-hq_element-web_v1.11.95_v1.11.97/e2e_trial/_gemini-cli_gemini-3-flash_run_002/evaluation/milestone_seed_f59af37_1/evaluation_result_filtered.json,0.0,0.9375,0.27586206896551724,0.42628774422735344
e2e,element-hq_element-web_v1.11.95_v1.11.97,milestone_seed_fba5938_1,_gemini-cli_gemini-3-flash_run_002,SWE-Milestone-log-results/element-hq_element-web_v1.11.95_v1.11.97/e2e_trial/_gemini-cli_gemini-3-flash_run_002/evaluation/milestone_seed_fba5938_1/evaluation_result.json,0.0,0.0,0.02702702702702703,0.0
e2e,element-hq_element-web_v1.11.95_v1.11.97,feature_enhancements,_gemini-cli_gemini-3-pro_run_002,SWE-Milestone-log-results/element-hq_element-web_v1.11.95_v1.11.97/e2e_trial/_gemini-cli_gemini-3-pro_run_002/evaluation/feature_enhancements/evaluation_result.json,0.0,0.0,0.0002630194634402946,0.0
e2e,element-hq_element-web_v1.11.95_v1.11.97,maintenance_ui_ux,_gemini-cli_gemini-3-pro_run_002,SWE-Milestone-log-results/element-hq_element-web_v1.11.95_v1.11.97/e2e_trial/_gemini-cli_gemini-3-pro_run_002/evaluation/maintenance_ui_ux/evaluation_result_filtered.json,0.0,1.0,0.4745762711864407,0.6436781609195402
e2e,element-hq_element-web_v1.11.95_v1.11.97,milestone_seed_3762d40_1,_gemini-cli_gemini-3-pro_run_002,SWE-Milestone-log-results/element-hq_element-web_v1.11.95_v1.11.97/e2e_trial/_gemini-cli_gemini-3-pro_run_002/evaluation/milestone_seed_3762d40_1/evaluation_result.json,0.0,0.25,0.075,0.11538461538461538
e2e,element-hq_element-web_v1.11.95_v1.11.97,milestone_seed_3f47487_1,_gemini-cli_gemini-3-pro_run_002,SWE-Milestone-log-results/element-hq_element-web_v1.11.95_v1.11.97/e2e_trial/_gemini-cli_gemini-3-pro_run_002/evaluation/milestone_seed_3f47487_1/evaluation_result_filtered.json,0.0,0.1,0.0007896814951302974,0.0015669887699138155
e2e,element-hq_element-web_v1.11.95_v1.11.97,milestone_seed_56c7fc1_1,_gemini-cli_gemini-3-pro_run_002,SWE-Milestone-log-results/element-hq_element-web_v1.11.95_v1.11.97/e2e_trial/_gemini-cli_gemini-3-pro_run_002/evaluation/milestone_seed_56c7fc1_1/evaluation_result_filtered.json,0.0,1.0,0.6,0.7499999999999999
e2e,element-hq_element-web_v1.11.95_v1.11.97,milestone_seed_599112e_1,_gemini-cli_gemini-3-pro_run_002,SWE-Milestone-log-results/element-hq_element-web_v1.11.95_v1.11.97/e2e_trial/_gemini-cli_gemini-3-pro_run_002/evaluation/milestone_seed_599112e_1/evaluation_result_filtered.json,0.0,0.3333333333333333,0.6,0.42857142857142855
e2e,element-hq_element-web_v1.11.95_v1.11.97,milestone_seed_7ff1fd2_1,_gemini-cli_gemini-3-pro_run_002,SWE-Milestone-log-results/element-hq_element-web_v1.11.95_v1.11.97/e2e_trial/_gemini-cli_gemini-3-pro_run_002/evaluation/milestone_seed_7ff1fd2_1/evaluation_result.json,0.0,0.20689655172413793,0.4666666666666667,0.28668941979522183
e2e,element-hq_element-web_v1.11.95_v1.11.97,milestone_seed_8bb4d44_1,_gemini-cli_gemini-3-pro_run_002,SWE-Milestone-log-results/element-hq_element-web_v1.11.95_v1.11.97/e2e_trial/_gemini-cli_gemini-3-pro_run_002/evaluation/milestone_seed_8bb4d44_1/evaluation_result.json,0.0,0.0,0.0002672367717797969,0.0
e2e,element-hq_element-web_v1.11.95_v1.11.97,milestone_seed_aa99601_1,_gemini-cli_gemini-3-pro_run_002,SWE-Milestone-log-results/element-hq_element-web_v1.11.95_v1.11.97/e2e_trial/_gemini-cli_gemini-3-pro_run_002/evaluation/milestone_seed_aa99601_1/evaluation_result.json,0.0,0.0,0.007936507936507936,0.0
e2e,element-hq_element-web_v1.11.95_v1.11.97,milestone_seed_be3778b_1,_gemini-cli_gemini-3-pro_run_002,SWE-Milestone-log-results/element-hq_element-web_v1.11.95_v1.11.97/e2e_trial/_gemini-cli_gemini-3-pro_run_002/evaluation/milestone_seed_be3778b_1/evaluation_result.json,0.0,0.8888888888888888,0.10344827586206896,0.18532818532818535
e2e,element-hq_element-web_v1.11.95_v1.11.97,milestone_seed_e662c19_1,_gemini-cli_gemini-3-pro_run_002,SWE-Milestone-log-results/element-hq_element-web_v1.11.95_v1.11.97/e2e_trial/_gemini-cli_gemini-3-pro_run_002/evaluation/milestone_seed_e662c19_1/evaluation_result.json,0.0,0.6,0.0026448029621793175,0.005266391643991925
e2e,element-hq_element-web_v1.11.95_v1.11.97,milestone_seed_e9a3625_1_sub-01,_gemini-cli_gemini-3-pro_run_002,SWE-Milestone-log-results/element-hq_element-web_v1.11.95_v1.11.97/e2e_trial/_gemini-cli_gemini-3-pro_run_002/evaluation/milestone_seed_e9a3625_1_sub-01/evaluation_result.json,0.0,0.0,0.0002630194634402946,0.0
e2e,element-hq_element-web_v1.11.95_v1.11.97,milestone_seed_e9a3625_1_sub-02,_gemini-cli_gemini-3-pro_run_002,SWE-Milestone-log-results/element-hq_element-web_v1.11.95_v1.11.97/e2e_trial/_gemini-cli_gemini-3-pro_run_002/evaluation/milestone_seed_e9a3625_1_sub-02/evaluation_result.json,0.0,0.0,0.0002652519893899204,0.0
e2e,element-hq_element-web_v1.11.95_v1.11.97,milestone_seed_e9a3625_1_sub-03,_gemini-cli_gemini-3-pro_run_002,SWE-Milestone-log-results/element-hq_element-web_v1.11.95_v1.11.97/e2e_trial/_gemini-cli_gemini-3-pro_run_002/evaluation/milestone_seed_e9a3625_1_sub-03/evaluation_result.json,0.0,0.045454545454545456,0.0005213764337851929,0.0010309278350515464
e2e,element-hq_element-web_v1.11.95_v1.11.97,milestone_seed_f59af37_1,_gemini-cli_gemini-3-pro_run_002,SWE-Milestone-log-results/element-hq_element-web_v1.11.95_v1.11.97/e2e_trial/_gemini-cli_gemini-3-pro_run_002/evaluation/milestone_seed_f59af37_1/evaluation_result_filtered.json,0.0,0.0,0.00026399155227032733,0.0
e2e,element-hq_element-web_v1.11.95_v1.11.97,milestone_seed_fba5938_1,_gemini-cli_gemini-3-pro_run_002,SWE-Milestone-log-results/element-hq_element-web_v1.11.95_v1.11.97/e2e_trial/_gemini-cli_gemini-3-pro_run_002/evaluation/milestone_seed_fba5938_1/evaluation_result.json,0.0,0.0,0.0002644802962179318,0.0
e2e,element-hq_element-web_v1.11.95_v1.11.97,maintenance_ui_ux,_gemini-cli_gemini-3.1-pro_run_002,SWE-Milestone-log-results/element-hq_element-web_v1.11.95_v1.11.97/e2e_trial/_gemini-cli_gemini-3.1-pro_run_002/evaluation/maintenance_ui_ux/evaluation_result_filtered.json,0.0,1.0,0.49122807017543857,0.6588235294117647
e2e,element-hq_element-web_v1.11.95_v1.11.97,milestone_seed_3762d40_1,_gemini-cli_gemini-3.1-pro_run_002,SWE-Milestone-log-results/element-hq_element-web_v1.11.95_v1.11.97/e2e_trial/_gemini-cli_gemini-3.1-pro_run_002/evaluation/milestone_seed_3762d40_1/evaluation_result.json,0.0,0.25,0.07894736842105263,0.11999999999999998
e2e,element-hq_element-web_v1.11.95_v1.11.97,milestone_seed_56c7fc1_1,_gemini-cli_gemini-3.1-pro_run_002,SWE-Milestone-log-results/element-hq_element-web_v1.11.95_v1.11.97/e2e_trial/_gemini-cli_gemini-3.1-pro_run_002/evaluation/milestone_seed_56c7fc1_1/evaluation_result_filtered.json,1.0,1.0,1.0,1.0
e2e,element-hq_element-web_v1.11.95_v1.11.97,milestone_seed_599112e_1,_gemini-cli_gemini-3.1-pro_run_002,SWE-Milestone-log-results/element-hq_element-web_v1.11.95_v1.11.97/e2e_trial/_gemini-cli_gemini-3.1-pro_run_002/evaluation/milestone_seed_599112e_1/evaluation_result_filtered.json,0.0,0.3333333333333333,1.0,0.5
e2e,element-hq_element-web_v1.11.95_v1.11.97,feature_enhancements,_openhands_gemini-3-flash_run_002,SWE-Milestone-log-results/element-hq_element-web_v1.11.95_v1.11.97/e2e_trial/_openhands_gemini-3-flash_run_002/evaluation/feature_enhancements/evaluation_result.json,0.0,0.7692307692307693,0.0859375,0.15460295151089248
e2e,element-hq_element-web_v1.11.95_v1.11.97,maintenance_ui_ux,_openhands_gemini-3-flash_run_002,SWE-Milestone-log-results/element-hq_element-web_v1.11.95_v1.11.97/e2e_trial/_openhands_gemini-3-flash_run_002/evaluation/maintenance_ui_ux/evaluation_result_filtered.json,0.0,1.0,0.49122807017543857,0.6588235294117647
e2e,element-hq_element-web_v1.11.95_v1.11.97,milestone_seed_3762d40_1,_openhands_gemini-3-flash_run_002,SWE-Milestone-log-results/element-hq_element-web_v1.11.95_v1.11.97/e2e_trial/_openhands_gemini-3-flash_run_002/evaluation/milestone_seed_3762d40_1/evaluation_result.json,0.0,0.5,0.125,0.2
e2e,element-hq_element-web_v1.11.95_v1.11.97,milestone_seed_3f47487_1,_openhands_gemini-3-flash_run_002,SWE-Milestone-log-results/element-hq_element-web_v1.11.95_v1.11.97/e2e_trial/_openhands_gemini-3-flash_run_002/evaluation/milestone_seed_3f47487_1/evaluation_result_filtered.json,0.0,0.1,0.0007849293563579278,0.0015576323987538943
e2e,element-hq_element-web_v1.11.95_v1.11.97,milestone_seed_56c7fc1_1,_openhands_gemini-3-flash_run_002,SWE-Milestone-log-results/element-hq_element-web_v1.11.95_v1.11.97/e2e_trial/_openhands_gemini-3-flash_run_002/evaluation/milestone_seed_56c7fc1_1/evaluation_result_filtered.json,1.0,1.0,1.0,1.0
e2e,element-hq_element-web_v1.11.95_v1.11.97,milestone_seed_599112e_1,_openhands_gemini-3-flash_run_002,SWE-Milestone-log-results/element-hq_element-web_v1.11.95_v1.11.97/e2e_trial/_openhands_gemini-3-flash_run_002/evaluation/milestone_seed_599112e_1/evaluation_result_filtered.json,0.0,0.3333333333333333,1.0,0.5
e2e,element-hq_element-web_v1.11.95_v1.11.97,milestone_seed_7ff1fd2_1,_openhands_gemini-3-flash_run_002,SWE-Milestone-log-results/element-hq_element-web_v1.11.95_v1.11.97/e2e_trial/_openhands_gemini-3-flash_run_002/evaluation/milestone_seed_7ff1fd2_1/evaluation_result.json,0.0,0.0,0.01020408163265306,0.0
e2e,element-hq_element-web_v1.11.95_v1.11.97,milestone_seed_8bb4d44_1,_openhands_gemini-3-flash_run_002,SWE-Milestone-log-results/element-hq_element-web_v1.11.95_v1.11.97/e2e_trial/_openhands_gemini-3-flash_run_002/evaluation/milestone_seed_8bb4d44_1/evaluation_result.json,0.0,0.125,0.0005310674455655868,0.0010576414595452142
e2e,element-hq_element-web_v1.11.95_v1.11.97,milestone_seed_aa99601_1,_openhands_gemini-3-flash_run_002,SWE-Milestone-log-results/element-hq_element-web_v1.11.95_v1.11.97/e2e_trial/_openhands_gemini-3-flash_run_002/evaluation/milestone_seed_aa99601_1/evaluation_result.json,0.0,0.5,0.017964071856287425,0.03468208092485549
e2e,element-hq_element-web_v1.11.95_v1.11.97,milestone_seed_be3778b_1,_openhands_gemini-3-flash_run_002,SWE-Milestone-log-results/element-hq_element-web_v1.11.95_v1.11.97/e2e_trial/_openhands_gemini-3-flash_run_002/evaluation/milestone_seed_be3778b_1/evaluation_result.json,0.0,0.7777777777777778,0.0625,0.11570247933884298
e2e,element-hq_element-web_v1.11.95_v1.11.97,milestone_seed_e662c19_1,_openhands_gemini-3-flash_run_002,SWE-Milestone-log-results/element-hq_element-web_v1.11.95_v1.11.97/e2e_trial/_openhands_gemini-3-flash_run_002/evaluation/milestone_seed_e662c19_1/evaluation_result.json,0.0,0.26666666666666666,0.0013154433043935806,0.002617972380391387
e2e,element-hq_element-web_v1.11.95_v1.11.97,milestone_seed_e9a3625_1_sub-01,_openhands_gemini-3-flash_run_002,SWE-Milestone-log-results/element-hq_element-web_v1.11.95_v1.11.97/e2e_trial/_openhands_gemini-3-flash_run_002/evaluation/milestone_seed_e9a3625_1_sub-01/evaluation_result.json,0.0,0.0,0.00026198585276395077,0.0
e2e,element-hq_element-web_v1.11.95_v1.11.97,milestone_seed_e9a3625_1_sub-02,_openhands_gemini-3-flash_run_002,SWE-Milestone-log-results/element-hq_element-web_v1.11.95_v1.11.97/e2e_trial/_openhands_gemini-3-flash_run_002/evaluation/milestone_seed_e9a3625_1_sub-02/evaluation_result.json,0.0,0.0,0.0002642007926023778,0.0
e2e,element-hq_element-web_v1.11.95_v1.11.97,milestone_seed_e9a3625_1_sub-03,_openhands_gemini-3-flash_run_002,SWE-Milestone-log-results/element-hq_element-web_v1.11.95_v1.11.97/e2e_trial/_openhands_gemini-3-flash_run_002/evaluation/milestone_seed_e9a3625_1_sub-03/evaluation_result.json,0.0,0.045454545454545456,0.0005188067444876783,0.00102590407796871
e2e,element-hq_element-web_v1.11.95_v1.11.97,milestone_seed_f59af37_1,_openhands_gemini-3-flash_run_002,SWE-Milestone-log-results/element-hq_element-web_v1.11.95_v1.11.97/e2e_trial/_openhands_gemini-3-flash_run_002/evaluation/milestone_seed_f59af37_1/evaluation_result_filtered.json,0.0,0.0,0.00026295030239284776,0.0
e2e,element-hq_element-web_v1.11.95_v1.11.97,milestone_seed_fba5938_1,_openhands_gemini-3-flash_run_002,SWE-Milestone-log-results/element-hq_element-web_v1.11.95_v1.11.97/e2e_trial/_openhands_gemini-3-flash_run_002/evaluation/milestone_seed_fba5938_1/evaluation_result.json,0.0,0.0,0.00026343519494204424,0.0
e2e,element-hq_element-web_v1.11.95_v1.11.97,feature_enhancements,_openhands_glm-5_run_002,SWE-Milestone-log-results/element-hq_element-web_v1.11.95_v1.11.97/e2e_trial/_openhands_glm-5_run_002/evaluation/feature_enhancements/evaluation_result.json,0.0,0.5384615384615384,0.2222222222222222,0.3146067415730337
e2e,element-hq_element-web_v1.11.95_v1.11.97,maintenance_ui_ux,_openhands_glm-5_run_002,SWE-Milestone-log-results/element-hq_element-web_v1.11.95_v1.11.97/e2e_trial/_openhands_glm-5_run_002/evaluation/maintenance_ui_ux/evaluation_result_filtered.json,0.0,1.0,0.49122807017543857,0.6588235294117647
e2e,element-hq_element-web_v1.11.95_v1.11.97,milestone_seed_3762d40_1,_openhands_glm-5_run_002,SWE-Milestone-log-results/element-hq_element-web_v1.11.95_v1.11.97/e2e_trial/_openhands_glm-5_run_002/evaluation/milestone_seed_3762d40_1/evaluation_result.json,0.0,0.0,0.027777777777777776,0.0
e2e,element-hq_element-web_v1.11.95_v1.11.97,milestone_seed_3f47487_1,_openhands_glm-5_run_002,SWE-Milestone-log-results/element-hq_element-web_v1.11.95_v1.11.97/e2e_trial/_openhands_glm-5_run_002/evaluation/milestone_seed_3f47487_1/evaluation_result_filtered.json,0.0,0.35,0.08163265306122448,0.13238770685579196
e2e,element-hq_element-web_v1.11.95_v1.11.97,milestone_seed_56c7fc1_1,_openhands_glm-5_run_002,SWE-Milestone-log-results/element-hq_element-web_v1.11.95_v1.11.97/e2e_trial/_openhands_glm-5_run_002/evaluation/milestone_seed_56c7fc1_1/evaluation_result_filtered.json,1.0,1.0,1.0,1.0
e2e,element-hq_element-web_v1.11.95_v1.11.97,milestone_seed_599112e_1,_openhands_glm-5_run_002,SWE-Milestone-log-results/element-hq_element-web_v1.11.95_v1.11.97/e2e_trial/_openhands_glm-5_run_002/evaluation/milestone_seed_599112e_1/evaluation_result_filtered.json,0.0,0.16666666666666666,0.125,0.14285714285714288
e2e,element-hq_element-web_v1.11.95_v1.11.97,milestone_seed_7ff1fd2_1,_openhands_glm-5_run_002,SWE-Milestone-log-results/element-hq_element-web_v1.11.95_v1.11.97/e2e_trial/_openhands_glm-5_run_002/evaluation/milestone_seed_7ff1fd2_1/evaluation_result.json,0.0,0.6896551724137931,0.6,0.641711229946524
e2e,element-hq_element-web_v1.11.95_v1.11.97,milestone_seed_8bb4d44_1,_openhands_glm-5_run_002,SWE-Milestone-log-results/element-hq_element-web_v1.11.95_v1.11.97/e2e_trial/_openhands_glm-5_run_002/evaluation/milestone_seed_8bb4d44_1/evaluation_result.json,0.0,0.5,0.23809523809523808,0.3225806451612903
e2e,element-hq_element-web_v1.11.95_v1.11.97,milestone_seed_aa99601_1,_openhands_glm-5_run_002,SWE-Milestone-log-results/element-hq_element-web_v1.11.95_v1.11.97/e2e_trial/_openhands_glm-5_run_002/evaluation/milestone_seed_aa99601_1/evaluation_result.json,0.0,0.5,0.0375,0.06976744186046512
e2e,element-hq_element-web_v1.11.95_v1.11.97,milestone_seed_be3778b_1,_openhands_glm-5_run_002,SWE-Milestone-log-results/element-hq_element-web_v1.11.95_v1.11.97/e2e_trial/_openhands_glm-5_run_002/evaluation/milestone_seed_be3778b_1/evaluation_result.json,0.0,0.6666666666666666,0.19444444444444445,0.3010752688172043
e2e,element-hq_element-web_v1.11.95_v1.11.97,milestone_seed_e662c19_1,_openhands_glm-5_run_002,SWE-Milestone-log-results/element-hq_element-web_v1.11.95_v1.11.97/e2e_trial/_openhands_glm-5_run_002/evaluation/milestone_seed_e662c19_1/evaluation_result.json,0.0,0.13333333333333333,0.08823529411764706,0.10619469026548672
e2e,element-hq_element-web_v1.11.95_v1.11.97,milestone_seed_e9a3625_1_sub-01,_openhands_glm-5_run_002,SWE-Milestone-log-results/element-hq_element-web_v1.11.95_v1.11.97/e2e_trial/_openhands_glm-5_run_002/evaluation/milestone_seed_e9a3625_1_sub-01/evaluation_result.json,0.0,1.0,0.09375,0.17142857142857143
e2e,element-hq_element-web_v1.11.95_v1.11.97,milestone_seed_e9a3625_1_sub-02,_openhands_glm-5_run_002,SWE-Milestone-log-results/element-hq_element-web_v1.11.95_v1.11.97/e2e_trial/_openhands_glm-5_run_002/evaluation/milestone_seed_e9a3625_1_sub-02/evaluation_result.json,0.0,0.6,0.33035714285714285,0.4261036468330134
e2e,element-hq_element-web_v1.11.95_v1.11.97,milestone_seed_e9a3625_1_sub-03,_openhands_glm-5_run_002,SWE-Milestone-log-results/element-hq_element-web_v1.11.95_v1.11.97/e2e_trial/_openhands_glm-5_run_002/evaluation/milestone_seed_e9a3625_1_sub-03/evaluation_result.json,0.0,0.6363636363636364,0.13636363636363635,0.2245989304812834
e2e,element-hq_element-web_v1.11.95_v1.11.97,milestone_seed_f59af37_1,_openhands_glm-5_run_002,SWE-Milestone-log-results/element-hq_element-web_v1.11.95_v1.11.97/e2e_trial/_openhands_glm-5_run_002/evaluation/milestone_seed_f59af37_1/evaluation_result_filtered.json,0.0,0.6875,0.055299539170506916,0.10236525785188058
e2e,element-hq_element-web_v1.11.95_v1.11.97,milestone_seed_fba5938_1,_openhands_glm-5_run_002,SWE-Milestone-log-results/element-hq_element-web_v1.11.95_v1.11.97/e2e_trial/_openhands_glm-5_run_002/evaluation/milestone_seed_fba5938_1/evaluation_result.json,0.0,0.0,0.03125,0.0
e2e,element-hq_element-web_v1.11.95_v1.11.97,maintenance_ui_ux,_openhands_gpt-5.3-codex_run_002,SWE-Milestone-log-results/element-hq_element-web_v1.11.95_v1.11.97/e2e_trial/_openhands_gpt-5.3-codex_run_002/evaluation/maintenance_ui_ux/evaluation_result_filtered.json,0.0,1.0,0.49122807017543857,0.6588235294117647
e2e,element-hq_element-web_v1.11.95_v1.11.97,milestone_seed_3762d40_1,_openhands_gpt-5.3-codex_run_002,SWE-Milestone-log-results/element-hq_element-web_v1.11.95_v1.11.97/e2e_trial/_openhands_gpt-5.3-codex_run_002/evaluation/milestone_seed_3762d40_1/evaluation_result.json,0.0,0.375,0.10256410256410256,0.16107382550335572
e2e,element-hq_element-web_v1.11.95_v1.11.97,milestone_seed_56c7fc1_1,_openhands_gpt-5.3-codex_run_002,SWE-Milestone-log-results/element-hq_element-web_v1.11.95_v1.11.97/e2e_trial/_openhands_gpt-5.3-codex_run_002/evaluation/milestone_seed_56c7fc1_1/evaluation_result_filtered.json,1.0,1.0,1.0,1.0
e2e,element-hq_element-web_v1.11.95_v1.11.97,feature_enhancements,_openhands_kimi-k2.5_run_002,SWE-Milestone-log-results/element-hq_element-web_v1.11.95_v1.11.97/e2e_trial/_openhands_kimi-k2.5_run_002/evaluation/feature_enhancements/evaluation_result.json,0.0,0.7692307692307693,0.07913669064748201,0.14350945857795172
e2e,element-hq_element-web_v1.11.95_v1.11.97,maintenance_ui_ux,_openhands_kimi-k2.5_run_002,SWE-Milestone-log-results/element-hq_element-web_v1.11.95_v1.11.97/e2e_trial/_openhands_kimi-k2.5_run_002/evaluation/maintenance_ui_ux/evaluation_result_filtered.json,0.0,0.0,0.03333333333333333,0.0
e2e,element-hq_element-web_v1.11.95_v1.11.97,milestone_seed_3762d40_1,_openhands_kimi-k2.5_run_002,SWE-Milestone-log-results/element-hq_element-web_v1.11.95_v1.11.97/e2e_trial/_openhands_kimi-k2.5_run_002/evaluation/milestone_seed_3762d40_1/evaluation_result.json,0.0,0.375,0.10256410256410256,0.16107382550335572
e2e,element-hq_element-web_v1.11.95_v1.11.97,milestone_seed_3f47487_1,_openhands_kimi-k2.5_run_002,SWE-Milestone-log-results/element-hq_element-web_v1.11.95_v1.11.97/e2e_trial/_openhands_kimi-k2.5_run_002/evaluation/milestone_seed_3f47487_1/evaluation_result.json,0.0,0.3181818181818182,0.04678362573099415,0.08157319737800436
e2e,element-hq_element-web_v1.11.95_v1.11.97,milestone_seed_56c7fc1_1,_openhands_kimi-k2.5_run_002,SWE-Milestone-log-results/element-hq_element-web_v1.11.95_v1.11.97/e2e_trial/_openhands_kimi-k2.5_run_002/evaluation/milestone_seed_56c7fc1_1/evaluation_result_filtered.json,0.0,0.0,1.0,0.0
e2e,element-hq_element-web_v1.11.95_v1.11.97,milestone_seed_599112e_1,_openhands_kimi-k2.5_run_002,SWE-Milestone-log-results/element-hq_element-web_v1.11.95_v1.11.97/e2e_trial/_openhands_kimi-k2.5_run_002/evaluation/milestone_seed_599112e_1/evaluation_result_filtered.json,0.0,0.3333333333333333,1.0,0.5
e2e,element-hq_element-web_v1.11.95_v1.11.97,milestone_seed_7ff1fd2_1,_openhands_kimi-k2.5_run_002,SWE-Milestone-log-results/element-hq_element-web_v1.11.95_v1.11.97/e2e_trial/_openhands_kimi-k2.5_run_002/evaluation/milestone_seed_7ff1fd2_1/evaluation_result.json,0.0,0.0,0.010869565217391304,0.0
e2e,element-hq_element-web_v1.11.95_v1.11.97,milestone_seed_8bb4d44_1,_openhands_kimi-k2.5_run_002,SWE-Milestone-log-results/element-hq_element-web_v1.11.95_v1.11.97/e2e_trial/_openhands_kimi-k2.5_run_002/evaluation/milestone_seed_8bb4d44_1/evaluation_result.json,0.0,0.125,0.01834862385321101,0.032
e2e,element-hq_element-web_v1.11.95_v1.11.97,milestone_seed_aa99601_1,_openhands_kimi-k2.5_run_002,SWE-Milestone-log-results/element-hq_element-web_v1.11.95_v1.11.97/e2e_trial/_openhands_kimi-k2.5_run_002/evaluation/milestone_seed_aa99601_1/evaluation_result.json,0.0,0.0,0.0064516129032258064,0.0
e2e,element-hq_element-web_v1.11.95_v1.11.97,milestone_seed_be3778b_1,_openhands_kimi-k2.5_run_002,SWE-Milestone-log-results/element-hq_element-web_v1.11.95_v1.11.97/e2e_trial/_openhands_kimi-k2.5_run_002/evaluation/milestone_seed_be3778b_1/evaluation_result.json,0.0,0.7777777777777778,0.06956521739130435,0.12770809578107184
e2e,element-hq_element-web_v1.11.95_v1.11.97,milestone_seed_e662c19_1,_openhands_kimi-k2.5_run_002,SWE-Milestone-log-results/element-hq_element-web_v1.11.95_v1.11.97/e2e_trial/_openhands_kimi-k2.5_run_002/evaluation/milestone_seed_e662c19_1/evaluation_result.json,0.0,0.0,0.00980392156862745,0.0
e2e,element-hq_element-web_v1.11.95_v1.11.97,milestone_seed_e9a3625_1_sub-01,_openhands_kimi-k2.5_run_002,SWE-Milestone-log-results/element-hq_element-web_v1.11.95_v1.11.97/e2e_trial/_openhands_kimi-k2.5_run_002/evaluation/milestone_seed_e9a3625_1_sub-01/evaluation_result.json,0.0,1.0,0.02459016393442623,0.048
e2e,element-hq_element-web_v1.11.95_v1.11.97,milestone_seed_e9a3625_1_sub-02,_openhands_kimi-k2.5_run_002,SWE-Milestone-log-results/element-hq_element-web_v1.11.95_v1.11.97/e2e_trial/_openhands_kimi-k2.5_run_002/evaluation/milestone_seed_e9a3625_1_sub-02/evaluation_result.json,0.0,0.6166666666666667,0.20105820105820105,0.3032459829612854
e2e,element-hq_element-web_v1.11.95_v1.11.97,milestone_seed_e9a3625_1_sub-03,_openhands_kimi-k2.5_run_002,SWE-Milestone-log-results/element-hq_element-web_v1.11.95_v1.11.97/e2e_trial/_openhands_kimi-k2.5_run_002/evaluation/milestone_seed_e9a3625_1_sub-03/evaluation_result.json,0.0,0.5454545454545454,0.08024691358024691,0.13991031390134528
e2e,element-hq_element-web_v1.11.95_v1.11.97,milestone_seed_f59af37_1,_openhands_kimi-k2.5_run_002,SWE-Milestone-log-results/element-hq_element-web_v1.11.95_v1.11.97/e2e_trial/_openhands_kimi-k2.5_run_002/evaluation/milestone_seed_f59af37_1/evaluation_result_filtered.json,0.0,0.3125,0.04054054054054054,0.07177033492822966
e2e,element-hq_element-web_v1.11.95_v1.11.97,milestone_seed_fba5938_1,_openhands_kimi-k2.5_run_002,SWE-Milestone-log-results/element-hq_element-web_v1.11.95_v1.11.97/e2e_trial/_openhands_kimi-k2.5_run_002/evaluation/milestone_seed_fba5938_1/evaluation_result.json,0.0,0.0,0.00980392156862745,0.0
e2e,element-hq_element-web_v1.11.95_v1.11.97,feature_enhancements,_openhands_kimi-k2.6_run_002,SWE-Milestone-log-results/element-hq_element-web_v1.11.95_v1.11.97/e2e_trial/_openhands_kimi-k2.6_run_002/evaluation/feature_enhancements/evaluation_result.json,0.0,0.6923076923076923,0.5,0.5806451612903226
e2e,element-hq_element-web_v1.11.95_v1.11.97,maintenance_ui_ux,_openhands_kimi-k2.6_run_002,SWE-Milestone-log-results/element-hq_element-web_v1.11.95_v1.11.97/e2e_trial/_openhands_kimi-k2.6_run_002/evaluation/maintenance_ui_ux/evaluation_result_filtered.json,0.0,1.0,0.49122807017543857,0.6588235294117647
e2e,element-hq_element-web_v1.11.95_v1.11.97,milestone_seed_3762d40_1,_openhands_kimi-k2.6_run_002,SWE-Milestone-log-results/element-hq_element-web_v1.11.95_v1.11.97/e2e_trial/_openhands_kimi-k2.6_run_002/evaluation/milestone_seed_3762d40_1/evaluation_result.json,0.0,0.5,0.125,0.2
e2e,element-hq_element-web_v1.11.95_v1.11.97,milestone_seed_3f47487_1,_openhands_kimi-k2.6_run_002,SWE-Milestone-log-results/element-hq_element-web_v1.11.95_v1.11.97/e2e_trial/_openhands_kimi-k2.6_run_002/evaluation/milestone_seed_3f47487_1/evaluation_result_filtered.json,0.0,0.0,0.02631578947368421,0.0
e2e,element-hq_element-web_v1.11.95_v1.11.97,milestone_seed_56c7fc1_1,_openhands_kimi-k2.6_run_002,SWE-Milestone-log-results/element-hq_element-web_v1.11.95_v1.11.97/e2e_trial/_openhands_kimi-k2.6_run_002/evaluation/milestone_seed_56c7fc1_1/evaluation_result_filtered.json,0.0,0.5,1.0,0.6666666666666666
e2e,element-hq_element-web_v1.11.95_v1.11.97,milestone_seed_599112e_1,_openhands_kimi-k2.6_run_002,SWE-Milestone-log-results/element-hq_element-web_v1.11.95_v1.11.97/e2e_trial/_openhands_kimi-k2.6_run_002/evaluation/milestone_seed_599112e_1/evaluation_result_filtered.json,0.0,0.3333333333333333,1.0,0.5
e2e,element-hq_element-web_v1.11.95_v1.11.97,milestone_seed_7ff1fd2_1,_openhands_kimi-k2.6_run_002,SWE-Milestone-log-results/element-hq_element-web_v1.11.95_v1.11.97/e2e_trial/_openhands_kimi-k2.6_run_002/evaluation/milestone_seed_7ff1fd2_1/evaluation_result.json,0.0,0.9655172413793104,1.0,0.9824561403508771
e2e,element-hq_element-web_v1.11.95_v1.11.97,milestone_seed_8bb4d44_1,_openhands_kimi-k2.6_run_002,SWE-Milestone-log-results/element-hq_element-web_v1.11.95_v1.11.97/e2e_trial/_openhands_kimi-k2.6_run_002/evaluation/milestone_seed_8bb4d44_1/evaluation_result.json,0.0,0.625,0.8571428571428571,0.7228915662650602
e2e,element-hq_element-web_v1.11.95_v1.11.97,milestone_seed_aa99601_1,_openhands_kimi-k2.6_run_002,SWE-Milestone-log-results/element-hq_element-web_v1.11.95_v1.11.97/e2e_trial/_openhands_kimi-k2.6_run_002/evaluation/milestone_seed_aa99601_1/evaluation_result.json,0.0,0.5,0.07894736842105263,0.13636363636363635
e2e,element-hq_element-web_v1.11.95_v1.11.97,milestone_seed_be3778b_1,_openhands_kimi-k2.6_run_002,SWE-Milestone-log-results/element-hq_element-web_v1.11.95_v1.11.97/e2e_trial/_openhands_kimi-k2.6_run_002/evaluation/milestone_seed_be3778b_1/evaluation_result.json,0.0,0.7777777777777778,1.0,0.8750000000000001
e2e,element-hq_element-web_v1.11.95_v1.11.97,milestone_seed_e662c19_1,_openhands_kimi-k2.6_run_002,SWE-Milestone-log-results/element-hq_element-web_v1.11.95_v1.11.97/e2e_trial/_openhands_kimi-k2.6_run_002/evaluation/milestone_seed_e662c19_1/evaluation_result.json,0.0,0.13333333333333333,0.08108108108108109,0.10084033613445378
e2e,element-hq_element-web_v1.11.95_v1.11.97,milestone_seed_e9a3625_1_sub-01,_openhands_kimi-k2.6_run_002,SWE-Milestone-log-results/element-hq_element-web_v1.11.95_v1.11.97/e2e_trial/_openhands_kimi-k2.6_run_002/evaluation/milestone_seed_e9a3625_1_sub-01/evaluation_result.json,0.0,1.0,0.05084745762711865,0.0967741935483871
e2e,element-hq_element-web_v1.11.95_v1.11.97,milestone_seed_e9a3625_1_sub-02,_openhands_kimi-k2.6_run_002,SWE-Milestone-log-results/element-hq_element-web_v1.11.95_v1.11.97/e2e_trial/_openhands_kimi-k2.6_run_002/evaluation/milestone_seed_e9a3625_1_sub-02/evaluation_result.json,0.0,0.6166666666666667,0.36893203883495146,0.46166475127236906
e2e,element-hq_element-web_v1.11.95_v1.11.97,milestone_seed_e9a3625_1_sub-03,_openhands_kimi-k2.6_run_002,SWE-Milestone-log-results/element-hq_element-web_v1.11.95_v1.11.97/e2e_trial/_openhands_kimi-k2.6_run_002/evaluation/milestone_seed_e9a3625_1_sub-03/evaluation_result.json,0.0,0.5909090909090909,0.13333333333333333,0.2175732217573222
e2e,element-hq_element-web_v1.11.95_v1.11.97,milestone_seed_f59af37_1,_openhands_kimi-k2.6_run_002,SWE-Milestone-log-results/element-hq_element-web_v1.11.95_v1.11.97/e2e_trial/_openhands_kimi-k2.6_run_002/evaluation/milestone_seed_f59af37_1/evaluation_result_filtered.json,0.0,0.0,0.015384615384615385,0.0
e2e,element-hq_element-web_v1.11.95_v1.11.97,milestone_seed_fba5938_1,_openhands_kimi-k2.6_run_002,SWE-Milestone-log-results/element-hq_element-web_v1.11.95_v1.11.97/e2e_trial/_openhands_kimi-k2.6_run_002/evaluation/milestone_seed_fba5938_1/evaluation_result.json,0.0,0.0,0.02857142857142857,0.0
e2e,element-hq_element-web_v1.11.95_v1.11.97,feature_enhancements,_openhands_minimax-m2.5_run_002,SWE-Milestone-log-results/element-hq_element-web_v1.11.95_v1.11.97/e2e_trial/_openhands_minimax-m2.5_run_002/evaluation/feature_enhancements/evaluation_result.json,0.0,0.6153846153846154,0.23076923076923078,0.3356643356643356
e2e,element-hq_element-web_v1.11.95_v1.11.97,maintenance_ui_ux,_openhands_minimax-m2.5_run_002,SWE-Milestone-log-results/element-hq_element-web_v1.11.95_v1.11.97/e2e_trial/_openhands_minimax-m2.5_run_002/evaluation/maintenance_ui_ux/evaluation_result_filtered.json,0.0,1.0,0.45901639344262296,0.6292134831460674
e2e,element-hq_element-web_v1.11.95_v1.11.97,milestone_seed_3762d40_1,_openhands_minimax-m2.5_run_002,SWE-Milestone-log-results/element-hq_element-web_v1.11.95_v1.11.97/e2e_trial/_openhands_minimax-m2.5_run_002/evaluation/milestone_seed_3762d40_1/evaluation_result.json,0.0,0.0,0.025,0.0
e2e,element-hq_element-web_v1.11.95_v1.11.97,milestone_seed_3f47487_1,_openhands_minimax-m2.5_run_002,SWE-Milestone-log-results/element-hq_element-web_v1.11.95_v1.11.97/e2e_trial/_openhands_minimax-m2.5_run_002/evaluation/milestone_seed_3f47487_1/evaluation_result_filtered.json,0.0,0.35,0.1702127659574468,0.22903885480572594
e2e,element-hq_element-web_v1.11.95_v1.11.97,milestone_seed_56c7fc1_1,_openhands_minimax-m2.5_run_002,SWE-Milestone-log-results/element-hq_element-web_v1.11.95_v1.11.97/e2e_trial/_openhands_minimax-m2.5_run_002/evaluation/milestone_seed_56c7fc1_1/evaluation_result_filtered.json,0.0,0.0,0.2,0.0
e2e,element-hq_element-web_v1.11.95_v1.11.97,milestone_seed_599112e_1,_openhands_minimax-m2.5_run_002,SWE-Milestone-log-results/element-hq_element-web_v1.11.95_v1.11.97/e2e_trial/_openhands_minimax-m2.5_run_002/evaluation/milestone_seed_599112e_1/evaluation_result_filtered.json,0.0,0.3333333333333333,0.42857142857142855,0.375
e2e,element-hq_element-web_v1.11.95_v1.11.97,milestone_seed_7ff1fd2_1,_openhands_minimax-m2.5_run_002,SWE-Milestone-log-results/element-hq_element-web_v1.11.95_v1.11.97/e2e_trial/_openhands_minimax-m2.5_run_002/evaluation/milestone_seed_7ff1fd2_1/evaluation_result.json,0.0,0.3793103448275862,0.08,0.13213213213213212
e2e,element-hq_element-web_v1.11.95_v1.11.97,milestone_seed_8bb4d44_1,_openhands_minimax-m2.5_run_002,SWE-Milestone-log-results/element-hq_element-web_v1.11.95_v1.11.97/e2e_trial/_openhands_minimax-m2.5_run_002/evaluation/milestone_seed_8bb4d44_1/evaluation_result.json,0.0,0.0,0.006289308176100629,0.0
e2e,element-hq_element-web_v1.11.95_v1.11.97,milestone_seed_aa99601_1,_openhands_minimax-m2.5_run_002,SWE-Milestone-log-results/element-hq_element-web_v1.11.95_v1.11.97/e2e_trial/_openhands_minimax-m2.5_run_002/evaluation/milestone_seed_aa99601_1/evaluation_result.json,0.0,0.0,0.0048543689320388345,0.0
e2e,element-hq_element-web_v1.11.95_v1.11.97,milestone_seed_be3778b_1,_openhands_minimax-m2.5_run_002,SWE-Milestone-log-results/element-hq_element-web_v1.11.95_v1.11.97/e2e_trial/_openhands_minimax-m2.5_run_002/evaluation/milestone_seed_be3778b_1/evaluation_result.json,0.0,0.7777777777777778,0.0449438202247191,0.08497723823975721
e2e,element-hq_element-web_v1.11.95_v1.11.97,milestone_seed_e662c19_1,_openhands_minimax-m2.5_run_002,SWE-Milestone-log-results/element-hq_element-web_v1.11.95_v1.11.97/e2e_trial/_openhands_minimax-m2.5_run_002/evaluation/milestone_seed_e662c19_1/evaluation_result.json,0.0,0.0,0.006024096385542169,0.0
e2e,element-hq_element-web_v1.11.95_v1.11.97,milestone_seed_e9a3625_1_sub-01,_openhands_minimax-m2.5_run_002,SWE-Milestone-log-results/element-hq_element-web_v1.11.95_v1.11.97/e2e_trial/_openhands_minimax-m2.5_run_002/evaluation/milestone_seed_e9a3625_1_sub-01/evaluation_result.json,0.0,1.0,0.017142857142857144,0.033707865168539325
e2e,element-hq_element-web_v1.11.95_v1.11.97,milestone_seed_e9a3625_1_sub-02,_openhands_minimax-m2.5_run_002,SWE-Milestone-log-results/element-hq_element-web_v1.11.95_v1.11.97/e2e_trial/_openhands_minimax-m2.5_run_002/evaluation/milestone_seed_e9a3625_1_sub-02/evaluation_result.json,0.0,0.6166666666666667,0.18009478672985782,0.27877466045404975
e2e,element-hq_element-web_v1.11.95_v1.11.97,milestone_seed_e9a3625_1_sub-03,_openhands_minimax-m2.5_run_002,SWE-Milestone-log-results/element-hq_element-web_v1.11.95_v1.11.97/e2e_trial/_openhands_minimax-m2.5_run_002/evaluation/milestone_seed_e9a3625_1_sub-03/evaluation_result.json,0.0,0.36363636363636365,0.12162162162162163,0.18227848101265826
e2e,element-hq_element-web_v1.11.95_v1.11.97,milestone_seed_f59af37_1,_openhands_minimax-m2.5_run_002,SWE-Milestone-log-results/element-hq_element-web_v1.11.95_v1.11.97/e2e_trial/_openhands_minimax-m2.5_run_002/evaluation/milestone_seed_f59af37_1/evaluation_result_filtered.json,0.0,0.0,0.005747126436781609,0.0
e2e,element-hq_element-web_v1.11.95_v1.11.97,milestone_seed_fba5938_1,_openhands_minimax-m2.5_run_002,SWE-Milestone-log-results/element-hq_element-web_v1.11.95_v1.11.97/e2e_trial/_openhands_minimax-m2.5_run_002/evaluation/milestone_seed_fba5938_1/evaluation_result.json,0.0,0.0,0.006024096385542169,0.0
e2e,element-hq_element-web_v1.11.95_v1.11.97,feature_enhancements,_openhands_opus-4.6_run_002,SWE-Milestone-log-results/element-hq_element-web_v1.11.95_v1.11.97/e2e_trial/_openhands_opus-4.6_run_002/evaluation/feature_enhancements/evaluation_result.json,0.0,1.0,0.6363636363636364,0.7777777777777778
e2e,element-hq_element-web_v1.11.95_v1.11.97,maintenance_ui_ux,_openhands_opus-4.6_run_002,SWE-Milestone-log-results/element-hq_element-web_v1.11.95_v1.11.97/e2e_trial/_openhands_opus-4.6_run_002/evaluation/maintenance_ui_ux/evaluation_result_filtered.json,0.0,1.0,0.49122807017543857,0.6588235294117647
e2e,element-hq_element-web_v1.11.95_v1.11.97,milestone_seed_3762d40_1,_openhands_opus-4.6_run_002,SWE-Milestone-log-results/element-hq_element-web_v1.11.95_v1.11.97/e2e_trial/_openhands_opus-4.6_run_002/evaluation/milestone_seed_3762d40_1/evaluation_result.json,0.0,0.375,0.10256410256410256,0.16107382550335572
e2e,element-hq_element-web_v1.11.95_v1.11.97,milestone_seed_3f47487_1,_openhands_opus-4.6_run_002,SWE-Milestone-log-results/element-hq_element-web_v1.11.95_v1.11.97/e2e_trial/_openhands_opus-4.6_run_002/evaluation/milestone_seed_3f47487_1/evaluation_result_filtered.json,0.0,0.6,0.15294117647058825,0.24375
e2e,element-hq_element-web_v1.11.95_v1.11.97,milestone_seed_56c7fc1_1,_openhands_opus-4.6_run_002,SWE-Milestone-log-results/element-hq_element-web_v1.11.95_v1.11.97/e2e_trial/_openhands_opus-4.6_run_002/evaluation/milestone_seed_56c7fc1_1/evaluation_result_filtered.json,1.0,1.0,1.0,1.0
e2e,element-hq_element-web_v1.11.95_v1.11.97,milestone_seed_599112e_1,_openhands_opus-4.6_run_002,SWE-Milestone-log-results/element-hq_element-web_v1.11.95_v1.11.97/e2e_trial/_openhands_opus-4.6_run_002/evaluation/milestone_seed_599112e_1/evaluation_result_filtered.json,0.0,0.6666666666666666,1.0,0.8
e2e,element-hq_element-web_v1.11.95_v1.11.97,milestone_seed_7ff1fd2_1,_openhands_opus-4.6_run_002,SWE-Milestone-log-results/element-hq_element-web_v1.11.95_v1.11.97/e2e_trial/_openhands_opus-4.6_run_002/evaluation/milestone_seed_7ff1fd2_1/evaluation_result.json,0.0,0.9655172413793104,1.0,0.9824561403508771
e2e,element-hq_element-web_v1.11.95_v1.11.97,milestone_seed_8bb4d44_1,_openhands_opus-4.6_run_002,SWE-Milestone-log-results/element-hq_element-web_v1.11.95_v1.11.97/e2e_trial/_openhands_opus-4.6_run_002/evaluation/milestone_seed_8bb4d44_1/evaluation_result.json,0.0,0.5,0.625,0.5555555555555556
e2e,element-hq_element-web_v1.11.95_v1.11.97,milestone_seed_aa99601_1,_openhands_opus-4.6_run_002,SWE-Milestone-log-results/element-hq_element-web_v1.11.95_v1.11.97/e2e_trial/_openhands_opus-4.6_run_002/evaluation/milestone_seed_aa99601_1/evaluation_result.json,0.0,0.5,0.04477611940298507,0.0821917808219178
e2e,element-hq_element-web_v1.11.95_v1.11.97,milestone_seed_be3778b_1,_openhands_opus-4.6_run_002,SWE-Milestone-log-results/element-hq_element-web_v1.11.95_v1.11.97/e2e_trial/_openhands_opus-4.6_run_002/evaluation/milestone_seed_be3778b_1/evaluation_result.json,0.0,0.7777777777777778,0.3333333333333333,0.4666666666666666
e2e,element-hq_element-web_v1.11.95_v1.11.97,milestone_seed_e662c19_1,_openhands_opus-4.6_run_002,SWE-Milestone-log-results/element-hq_element-web_v1.11.95_v1.11.97/e2e_trial/_openhands_opus-4.6_run_002/evaluation/milestone_seed_e662c19_1/evaluation_result.json,0.0,0.4666666666666667,0.4,0.4307692307692308
e2e,element-hq_element-web_v1.11.95_v1.11.97,milestone_seed_e9a3625_1_sub-01,_openhands_opus-4.6_run_002,SWE-Milestone-log-results/element-hq_element-web_v1.11.95_v1.11.97/e2e_trial/_openhands_opus-4.6_run_002/evaluation/milestone_seed_e9a3625_1_sub-01/evaluation_result.json,0.0,1.0,0.6,0.7499999999999999
e2e,element-hq_element-web_v1.11.95_v1.11.97,milestone_seed_f59af37_1,_openhands_opus-4.6_run_002,SWE-Milestone-log-results/element-hq_element-web_v1.11.95_v1.11.97/e2e_trial/_openhands_opus-4.6_run_002/evaluation/milestone_seed_f59af37_1/evaluation_result_filtered.json,0.0,0.875,0.38461538461538464,0.5343511450381679
e2e,element-hq_element-web_v1.11.95_v1.11.97,milestone_seed_fba5938_1,_openhands_opus-4.6_run_002,SWE-Milestone-log-results/element-hq_element-web_v1.11.95_v1.11.97/e2e_trial/_openhands_opus-4.6_run_002/evaluation/milestone_seed_fba5938_1/evaluation_result.json,0.0,0.0,0.07692307692307693,0.0
independent,navidrome_navidrome_v0.57.0_v0.58.0,milestone_001,_claude-code_opus-4.5_run_001,SWE-Milestone-log-results/navidrome_navidrome_v0.57.0_v0.58.0/mstone_trial/_claude-code_opus-4.5_run_001/milestone_001/evaluation/evaluation_result.json,1.0,1.0,1.0,1.0
independent,navidrome_navidrome_v0.57.0_v0.58.0,milestone_002,_claude-code_opus-4.5_run_001,SWE-Milestone-log-results/navidrome_navidrome_v0.57.0_v0.58.0/mstone_trial/_claude-code_opus-4.5_run_001/milestone_002/evaluation/evaluation_result_filtered.json,0.0,0.0,1.0,0.0
independent,navidrome_navidrome_v0.57.0_v0.58.0,milestone_003_sub-01,_claude-code_opus-4.5_run_001,SWE-Milestone-log-results/navidrome_navidrome_v0.57.0_v0.58.0/mstone_trial/_claude-code_opus-4.5_run_001/milestone_003_sub-01/evaluation/evaluation_result_filtered.json,0.0,0.05235602094240838,1.0,0.09950248756218906
independent,navidrome_navidrome_v0.57.0_v0.58.0,milestone_003_sub-02,_claude-code_opus-4.5_run_001,SWE-Milestone-log-results/navidrome_navidrome_v0.57.0_v0.58.0/mstone_trial/_claude-code_opus-4.5_run_001/milestone_003_sub-02/evaluation/evaluation_result.json,0.0,0.5368421052631579,1.0,0.6986301369863014
independent,navidrome_navidrome_v0.57.0_v0.58.0,milestone_003_sub-03,_claude-code_opus-4.5_run_001,SWE-Milestone-log-results/navidrome_navidrome_v0.57.0_v0.58.0/mstone_trial/_claude-code_opus-4.5_run_001/milestone_003_sub-03/evaluation/evaluation_result_filtered.json,0.0,0.0,1.0,0.0
independent,navidrome_navidrome_v0.57.0_v0.58.0,milestone_003_sub-04,_claude-code_opus-4.5_run_001,SWE-Milestone-log-results/navidrome_navidrome_v0.57.0_v0.58.0/mstone_trial/_claude-code_opus-4.5_run_001/milestone_003_sub-04/evaluation/evaluation_result.json,0.0,0.7204301075268817,1.0,0.8375
independent,navidrome_navidrome_v0.57.0_v0.58.0,milestone_004,_claude-code_opus-4.5_run_001,SWE-Milestone-log-results/navidrome_navidrome_v0.57.0_v0.58.0/mstone_trial/_claude-code_opus-4.5_run_001/milestone_004/evaluation/evaluation_result.json,1.0,1.0,1.0,1.0
independent,navidrome_navidrome_v0.57.0_v0.58.0,milestone_006,_claude-code_opus-4.5_run_001,SWE-Milestone-log-results/navidrome_navidrome_v0.57.0_v0.58.0/mstone_trial/_claude-code_opus-4.5_run_001/milestone_006/evaluation/evaluation_result_filtered.json,1.0,1.0,1.0,1.0
independent,navidrome_navidrome_v0.57.0_v0.58.0,milestone_007,_claude-code_opus-4.5_run_001,SWE-Milestone-log-results/navidrome_navidrome_v0.57.0_v0.58.0/mstone_trial/_claude-code_opus-4.5_run_001/milestone_007/evaluation/evaluation_result.json,1.0,1.0,1.0,1.0
independent,navidrome_navidrome_v0.57.0_v0.58.0,milestone_001,_claude-code_opus-4.6_run_001,SWE-Milestone-log-results/navidrome_navidrome_v0.57.0_v0.58.0/mstone_trial/_claude-code_opus-4.6_run_001/milestone_001/evaluation/evaluation_result.json,1.0,1.0,1.0,1.0
independent,navidrome_navidrome_v0.57.0_v0.58.0,milestone_002,_claude-code_opus-4.6_run_001,SWE-Milestone-log-results/navidrome_navidrome_v0.57.0_v0.58.0/mstone_trial/_claude-code_opus-4.6_run_001/milestone_002/evaluation/evaluation_result_filtered.json,1.0,1.0,1.0,1.0
independent,navidrome_navidrome_v0.57.0_v0.58.0,milestone_003_sub-01,_claude-code_opus-4.6_run_001,SWE-Milestone-log-results/navidrome_navidrome_v0.57.0_v0.58.0/mstone_trial/_claude-code_opus-4.6_run_001/milestone_003_sub-01/evaluation/evaluation_result_filtered.json,0.0,0.05235602094240838,1.0,0.09950248756218906
independent,navidrome_navidrome_v0.57.0_v0.58.0,milestone_003_sub-02,_claude-code_opus-4.6_run_001,SWE-Milestone-log-results/navidrome_navidrome_v0.57.0_v0.58.0/mstone_trial/_claude-code_opus-4.6_run_001/milestone_003_sub-02/evaluation/evaluation_result.json,0.0,0.9368421052631579,1.0,0.967391304347826
independent,navidrome_navidrome_v0.57.0_v0.58.0,milestone_003_sub-03,_claude-code_opus-4.6_run_001,SWE-Milestone-log-results/navidrome_navidrome_v0.57.0_v0.58.0/mstone_trial/_claude-code_opus-4.6_run_001/milestone_003_sub-03/evaluation/evaluation_result_filtered.json,0.0,0.7640449438202247,1.0,0.8662420382165604
independent,navidrome_navidrome_v0.57.0_v0.58.0,milestone_003_sub-04,_claude-code_opus-4.6_run_001,SWE-Milestone-log-results/navidrome_navidrome_v0.57.0_v0.58.0/mstone_trial/_claude-code_opus-4.6_run_001/milestone_003_sub-04/evaluation/evaluation_result.json,1.0,1.0,1.0,1.0
independent,navidrome_navidrome_v0.57.0_v0.58.0,milestone_004,_claude-code_opus-4.6_run_001,SWE-Milestone-log-results/navidrome_navidrome_v0.57.0_v0.58.0/mstone_trial/_claude-code_opus-4.6_run_001/milestone_004/evaluation/evaluation_result.json,1.0,1.0,1.0,1.0
independent,navidrome_navidrome_v0.57.0_v0.58.0,milestone_006,_claude-code_opus-4.6_run_001,SWE-Milestone-log-results/navidrome_navidrome_v0.57.0_v0.58.0/mstone_trial/_claude-code_opus-4.6_run_001/milestone_006/evaluation/evaluation_result_filtered.json,1.0,1.0,1.0,1.0
independent,navidrome_navidrome_v0.57.0_v0.58.0,milestone_007,_claude-code_opus-4.6_run_001,SWE-Milestone-log-results/navidrome_navidrome_v0.57.0_v0.58.0/mstone_trial/_claude-code_opus-4.6_run_001/milestone_007/evaluation/evaluation_result.json,1.0,1.0,1.0,1.0
independent,navidrome_navidrome_v0.57.0_v0.58.0,milestone_001,_claude-code_sonnet-4.5_run_001,SWE-Milestone-log-results/navidrome_navidrome_v0.57.0_v0.58.0/mstone_trial/_claude-code_sonnet-4.5_run_001/milestone_001/evaluation/evaluation_result.json,0.0,0.0,0.006896551724137931,0.0
independent,navidrome_navidrome_v0.57.0_v0.58.0,milestone_002,_claude-code_sonnet-4.5_run_001,SWE-Milestone-log-results/navidrome_navidrome_v0.57.0_v0.58.0/mstone_trial/_claude-code_sonnet-4.5_run_001/milestone_002/evaluation/evaluation_result_filtered.json,0.0,0.0,1.0,0.0
independent,navidrome_navidrome_v0.57.0_v0.58.0,milestone_003_sub-01,_claude-code_sonnet-4.5_run_001,SWE-Milestone-log-results/navidrome_navidrome_v0.57.0_v0.58.0/mstone_trial/_claude-code_sonnet-4.5_run_001/milestone_003_sub-01/evaluation/evaluation_result_filtered.json,0.0,0.05235602094240838,0.5789473684210527,0.09602793539938892
independent,navidrome_navidrome_v0.57.0_v0.58.0,milestone_003_sub-02,_claude-code_sonnet-4.5_run_001,SWE-Milestone-log-results/navidrome_navidrome_v0.57.0_v0.58.0/mstone_trial/_claude-code_sonnet-4.5_run_001/milestone_003_sub-02/evaluation/evaluation_result.json,0.0,0.45263157894736844,0.4489795918367347,0.45079818918274955
independent,navidrome_navidrome_v0.57.0_v0.58.0,milestone_003_sub-03,_claude-code_sonnet-4.5_run_001,SWE-Milestone-log-results/navidrome_navidrome_v0.57.0_v0.58.0/mstone_trial/_claude-code_sonnet-4.5_run_001/milestone_003_sub-03/evaluation/evaluation_result_filtered.json,0.0,0.0,1.0,0.0
independent,navidrome_navidrome_v0.57.0_v0.58.0,milestone_003_sub-04,_claude-code_sonnet-4.5_run_001,SWE-Milestone-log-results/navidrome_navidrome_v0.57.0_v0.58.0/mstone_trial/_claude-code_sonnet-4.5_run_001/milestone_003_sub-04/evaluation/evaluation_result.json,0.0,0.9139784946236559,1.0,0.9550561797752808
independent,navidrome_navidrome_v0.57.0_v0.58.0,milestone_004,_claude-code_sonnet-4.5_run_001,SWE-Milestone-log-results/navidrome_navidrome_v0.57.0_v0.58.0/mstone_trial/_claude-code_sonnet-4.5_run_001/milestone_004/evaluation/evaluation_result.json,1.0,1.0,1.0,1.0
independent,navidrome_navidrome_v0.57.0_v0.58.0,milestone_006,_claude-code_sonnet-4.5_run_001,SWE-Milestone-log-results/navidrome_navidrome_v0.57.0_v0.58.0/mstone_trial/_claude-code_sonnet-4.5_run_001/milestone_006/evaluation/evaluation_result_filtered.json,1.0,1.0,1.0,1.0
independent,navidrome_navidrome_v0.57.0_v0.58.0,milestone_007,_claude-code_sonnet-4.5_run_001,SWE-Milestone-log-results/navidrome_navidrome_v0.57.0_v0.58.0/mstone_trial/_claude-code_sonnet-4.5_run_001/milestone_007/evaluation/evaluation_result.json,1.0,1.0,1.0,1.0
independent,navidrome_navidrome_v0.57.0_v0.58.0,milestone_001,_claude-code_sonnet-4.6_run_002,SWE-Milestone-log-results/navidrome_navidrome_v0.57.0_v0.58.0/mstone_trial/_claude-code_sonnet-4.6_run_002/milestone_001/evaluation/evaluation_result.json,1.0,1.0,1.0,1.0
independent,navidrome_navidrome_v0.57.0_v0.58.0,milestone_002,_claude-code_sonnet-4.6_run_002,SWE-Milestone-log-results/navidrome_navidrome_v0.57.0_v0.58.0/mstone_trial/_claude-code_sonnet-4.6_run_002/milestone_002/evaluation/evaluation_result_filtered.json,1.0,1.0,1.0,1.0
independent,navidrome_navidrome_v0.57.0_v0.58.0,milestone_003_sub-01,_claude-code_sonnet-4.6_run_002,SWE-Milestone-log-results/navidrome_navidrome_v0.57.0_v0.58.0/mstone_trial/_claude-code_sonnet-4.6_run_002/milestone_003_sub-01/evaluation/evaluation_result_filtered.json,0.0,0.020942408376963352,0.018115942028985508,0.01942690626517727
independent,navidrome_navidrome_v0.57.0_v0.58.0,milestone_003_sub-02,_claude-code_sonnet-4.6_run_002,SWE-Milestone-log-results/navidrome_navidrome_v0.57.0_v0.58.0/mstone_trial/_claude-code_sonnet-4.6_run_002/milestone_003_sub-02/evaluation/evaluation_result.json,0.0,0.9157894736842105,1.0,0.956043956043956
independent,navidrome_navidrome_v0.57.0_v0.58.0,milestone_003_sub-03,_claude-code_sonnet-4.6_run_002,SWE-Milestone-log-results/navidrome_navidrome_v0.57.0_v0.58.0/mstone_trial/_claude-code_sonnet-4.6_run_002/milestone_003_sub-03/evaluation/evaluation_result_filtered.json,1.0,1.0,1.0,1.0
independent,navidrome_navidrome_v0.57.0_v0.58.0,milestone_003_sub-04,_claude-code_sonnet-4.6_run_002,SWE-Milestone-log-results/navidrome_navidrome_v0.57.0_v0.58.0/mstone_trial/_claude-code_sonnet-4.6_run_002/milestone_003_sub-04/evaluation/evaluation_result.json,1.0,1.0,1.0,1.0
independent,navidrome_navidrome_v0.57.0_v0.58.0,milestone_004,_claude-code_sonnet-4.6_run_002,SWE-Milestone-log-results/navidrome_navidrome_v0.57.0_v0.58.0/mstone_trial/_claude-code_sonnet-4.6_run_002/milestone_004/evaluation/evaluation_result.json,1.0,1.0,1.0,1.0
independent,navidrome_navidrome_v0.57.0_v0.58.0,milestone_006,_claude-code_sonnet-4.6_run_002,SWE-Milestone-log-results/navidrome_navidrome_v0.57.0_v0.58.0/mstone_trial/_claude-code_sonnet-4.6_run_002/milestone_006/evaluation/evaluation_result_filtered.json,1.0,1.0,1.0,1.0
independent,navidrome_navidrome_v0.57.0_v0.58.0,milestone_007,_claude-code_sonnet-4.6_run_002,SWE-Milestone-log-results/navidrome_navidrome_v0.57.0_v0.58.0/mstone_trial/_claude-code_sonnet-4.6_run_002/milestone_007/evaluation/evaluation_result.json,1.0,1.0,1.0,1.0
independent,navidrome_navidrome_v0.57.0_v0.58.0,milestone_001,_codex_gpt-5.2-codex_run_001,SWE-Milestone-log-results/navidrome_navidrome_v0.57.0_v0.58.0/mstone_trial/_codex_gpt-5.2-codex_run_001/milestone_001/evaluation/evaluation_result.json,0.0,0.0,0.006711409395973154,0.0
independent,navidrome_navidrome_v0.57.0_v0.58.0,milestone_002,_codex_gpt-5.2-codex_run_001,SWE-Milestone-log-results/navidrome_navidrome_v0.57.0_v0.58.0/mstone_trial/_codex_gpt-5.2-codex_run_001/milestone_002/evaluation/evaluation_result_filtered.json,0.0,0.0,0.014925373134328358,0.0
independent,navidrome_navidrome_v0.57.0_v0.58.0,milestone_003_sub-01,_codex_gpt-5.2-codex_run_001,SWE-Milestone-log-results/navidrome_navidrome_v0.57.0_v0.58.0/mstone_trial/_codex_gpt-5.2-codex_run_001/milestone_003_sub-01/evaluation/evaluation_result_filtered.json,0.0,0.05235602094240838,0.5789473684210527,0.09602793539938892
independent,navidrome_navidrome_v0.57.0_v0.58.0,milestone_003_sub-02,_codex_gpt-5.2-codex_run_001,SWE-Milestone-log-results/navidrome_navidrome_v0.57.0_v0.58.0/mstone_trial/_codex_gpt-5.2-codex_run_001/milestone_003_sub-02/evaluation/evaluation_result.json,0.0,0.4421052631578947,0.3049645390070922,0.36094733686419506
independent,navidrome_navidrome_v0.57.0_v0.58.0,milestone_003_sub-03,_codex_gpt-5.2-codex_run_001,SWE-Milestone-log-results/navidrome_navidrome_v0.57.0_v0.58.0/mstone_trial/_codex_gpt-5.2-codex_run_001/milestone_003_sub-03/evaluation/evaluation_result_filtered.json,0.0,0.0,1.0,0.0
independent,navidrome_navidrome_v0.57.0_v0.58.0,milestone_003_sub-04,_codex_gpt-5.2-codex_run_001,SWE-Milestone-log-results/navidrome_navidrome_v0.57.0_v0.58.0/mstone_trial/_codex_gpt-5.2-codex_run_001/milestone_003_sub-04/evaluation/evaluation_result.json,1.0,1.0,1.0,1.0
independent,navidrome_navidrome_v0.57.0_v0.58.0,milestone_004,_codex_gpt-5.2-codex_run_001,SWE-Milestone-log-results/navidrome_navidrome_v0.57.0_v0.58.0/mstone_trial/_codex_gpt-5.2-codex_run_001/milestone_004/evaluation/evaluation_result.json,1.0,1.0,1.0,1.0
independent,navidrome_navidrome_v0.57.0_v0.58.0,milestone_006,_codex_gpt-5.2-codex_run_001,SWE-Milestone-log-results/navidrome_navidrome_v0.57.0_v0.58.0/mstone_trial/_codex_gpt-5.2-codex_run_001/milestone_006/evaluation/evaluation_result_filtered.json,1.0,1.0,1.0,1.0
independent,navidrome_navidrome_v0.57.0_v0.58.0,milestone_007,_codex_gpt-5.2-codex_run_001,SWE-Milestone-log-results/navidrome_navidrome_v0.57.0_v0.58.0/mstone_trial/_codex_gpt-5.2-codex_run_001/milestone_007/evaluation/evaluation_result.json,0.0,0.0,1.0,0.0
independent,navidrome_navidrome_v0.57.0_v0.58.0,milestone_001,_codex_gpt-5.2_run_001,SWE-Milestone-log-results/navidrome_navidrome_v0.57.0_v0.58.0/mstone_trial/_codex_gpt-5.2_run_001/milestone_001/evaluation/evaluation_result.json,1.0,1.0,1.0,1.0
independent,navidrome_navidrome_v0.57.0_v0.58.0,milestone_002,_codex_gpt-5.2_run_001,SWE-Milestone-log-results/navidrome_navidrome_v0.57.0_v0.58.0/mstone_trial/_codex_gpt-5.2_run_001/milestone_002/evaluation/evaluation_result_filtered.json,1.0,1.0,1.0,1.0
independent,navidrome_navidrome_v0.57.0_v0.58.0,milestone_003_sub-01,_codex_gpt-5.2_run_001,SWE-Milestone-log-results/navidrome_navidrome_v0.57.0_v0.58.0/mstone_trial/_codex_gpt-5.2_run_001/milestone_003_sub-01/evaluation/evaluation_result_filtered.json,0.0,0.020942408376963352,0.018115942028985508,0.01942690626517727
independent,navidrome_navidrome_v0.57.0_v0.58.0,milestone_003_sub-02,_codex_gpt-5.2_run_001,SWE-Milestone-log-results/navidrome_navidrome_v0.57.0_v0.58.0/mstone_trial/_codex_gpt-5.2_run_001/milestone_003_sub-02/evaluation/evaluation_result.json,0.0,0.45263157894736844,0.4489795918367347,0.45079818918274955
independent,navidrome_navidrome_v0.57.0_v0.58.0,milestone_003_sub-03,_codex_gpt-5.2_run_001,SWE-Milestone-log-results/navidrome_navidrome_v0.57.0_v0.58.0/mstone_trial/_codex_gpt-5.2_run_001/milestone_003_sub-03/evaluation/evaluation_result_filtered.json,0.0,0.0,0.001968503937007874,0.0
independent,navidrome_navidrome_v0.57.0_v0.58.0,milestone_003_sub-04,_codex_gpt-5.2_run_001,SWE-Milestone-log-results/navidrome_navidrome_v0.57.0_v0.58.0/mstone_trial/_codex_gpt-5.2_run_001/milestone_003_sub-04/evaluation/evaluation_result.json,1.0,1.0,1.0,1.0
independent,navidrome_navidrome_v0.57.0_v0.58.0,milestone_004,_codex_gpt-5.2_run_001,SWE-Milestone-log-results/navidrome_navidrome_v0.57.0_v0.58.0/mstone_trial/_codex_gpt-5.2_run_001/milestone_004/evaluation/evaluation_result.json,1.0,1.0,1.0,1.0
independent,navidrome_navidrome_v0.57.0_v0.58.0,milestone_006,_codex_gpt-5.2_run_001,SWE-Milestone-log-results/navidrome_navidrome_v0.57.0_v0.58.0/mstone_trial/_codex_gpt-5.2_run_001/milestone_006/evaluation/evaluation_result_filtered.json,1.0,1.0,1.0,1.0
independent,navidrome_navidrome_v0.57.0_v0.58.0,milestone_007,_codex_gpt-5.2_run_001,SWE-Milestone-log-results/navidrome_navidrome_v0.57.0_v0.58.0/mstone_trial/_codex_gpt-5.2_run_001/milestone_007/evaluation/evaluation_result.json,1.0,1.0,1.0,1.0
independent,navidrome_navidrome_v0.57.0_v0.58.0,milestone_001,_codex_gpt-5.3-codex_run_002,SWE-Milestone-log-results/navidrome_navidrome_v0.57.0_v0.58.0/mstone_trial/_codex_gpt-5.3-codex_run_002/milestone_001/evaluation/evaluation_result.json,1.0,1.0,1.0,1.0
independent,navidrome_navidrome_v0.57.0_v0.58.0,milestone_002,_codex_gpt-5.3-codex_run_002,SWE-Milestone-log-results/navidrome_navidrome_v0.57.0_v0.58.0/mstone_trial/_codex_gpt-5.3-codex_run_002/milestone_002/evaluation/evaluation_result_filtered.json,0.0,0.0,0.014925373134328358,0.0
independent,navidrome_navidrome_v0.57.0_v0.58.0,milestone_003_sub-01,_codex_gpt-5.3-codex_run_002,SWE-Milestone-log-results/navidrome_navidrome_v0.57.0_v0.58.0/mstone_trial/_codex_gpt-5.3-codex_run_002/milestone_003_sub-01/evaluation/evaluation_result_filtered.json,0.0,0.020942408376963352,0.018115942028985508,0.01942690626517727
independent,navidrome_navidrome_v0.57.0_v0.58.0,milestone_003_sub-02,_codex_gpt-5.3-codex_run_002,SWE-Milestone-log-results/navidrome_navidrome_v0.57.0_v0.58.0/mstone_trial/_codex_gpt-5.3-codex_run_002/milestone_003_sub-02/evaluation/evaluation_result.json,0.0,0.4,0.41935483870967744,0.40944881889763785
independent,navidrome_navidrome_v0.57.0_v0.58.0,milestone_003_sub-03,_codex_gpt-5.3-codex_run_002,SWE-Milestone-log-results/navidrome_navidrome_v0.57.0_v0.58.0/mstone_trial/_codex_gpt-5.3-codex_run_002/milestone_003_sub-03/evaluation/evaluation_result_filtered.json,1.0,1.0,1.0,1.0
independent,navidrome_navidrome_v0.57.0_v0.58.0,milestone_003_sub-04,_codex_gpt-5.3-codex_run_002,SWE-Milestone-log-results/navidrome_navidrome_v0.57.0_v0.58.0/mstone_trial/_codex_gpt-5.3-codex_run_002/milestone_003_sub-04/evaluation/evaluation_result.json,1.0,1.0,1.0,1.0
independent,navidrome_navidrome_v0.57.0_v0.58.0,milestone_004,_codex_gpt-5.3-codex_run_002,SWE-Milestone-log-results/navidrome_navidrome_v0.57.0_v0.58.0/mstone_trial/_codex_gpt-5.3-codex_run_002/milestone_004/evaluation/evaluation_result.json,1.0,1.0,1.0,1.0
independent,navidrome_navidrome_v0.57.0_v0.58.0,milestone_006,_codex_gpt-5.3-codex_run_002,SWE-Milestone-log-results/navidrome_navidrome_v0.57.0_v0.58.0/mstone_trial/_codex_gpt-5.3-codex_run_002/milestone_006/evaluation/evaluation_result_filtered.json,1.0,1.0,1.0,1.0
independent,navidrome_navidrome_v0.57.0_v0.58.0,milestone_007,_codex_gpt-5.3-codex_run_002,SWE-Milestone-log-results/navidrome_navidrome_v0.57.0_v0.58.0/mstone_trial/_codex_gpt-5.3-codex_run_002/milestone_007/evaluation/evaluation_result.json,0.0,0.0,1.0,0.0
independent,navidrome_navidrome_v0.57.0_v0.58.0,milestone_001,_gemini-cli_gemini-3-flash_run_001,SWE-Milestone-log-results/navidrome_navidrome_v0.57.0_v0.58.0/mstone_trial/_gemini-cli_gemini-3-flash_run_001/milestone_001/evaluation/evaluation_result.json,0.0,0.0,0.006711409395973154,0.0
independent,navidrome_navidrome_v0.57.0_v0.58.0,milestone_002,_gemini-cli_gemini-3-flash_run_001,SWE-Milestone-log-results/navidrome_navidrome_v0.57.0_v0.58.0/mstone_trial/_gemini-cli_gemini-3-flash_run_001/milestone_002/evaluation/evaluation_result_filtered.json,1.0,1.0,1.0,1.0
independent,navidrome_navidrome_v0.57.0_v0.58.0,milestone_003_sub-01,_gemini-cli_gemini-3-flash_run_001,SWE-Milestone-log-results/navidrome_navidrome_v0.57.0_v0.58.0/mstone_trial/_gemini-cli_gemini-3-flash_run_001/milestone_003_sub-01/evaluation/evaluation_result_filtered.json,0.0,0.020942408376963352,0.017241379310344827,0.018912529550827426
independent,navidrome_navidrome_v0.57.0_v0.58.0,milestone_003_sub-02,_gemini-cli_gemini-3-flash_run_001,SWE-Milestone-log-results/navidrome_navidrome_v0.57.0_v0.58.0/mstone_trial/_gemini-cli_gemini-3-flash_run_001/milestone_003_sub-02/evaluation/evaluation_result.json,0.0,0.021052631578947368,0.01935483870967742,0.020168067226890758
independent,navidrome_navidrome_v0.57.0_v0.58.0,milestone_003_sub-03,_gemini-cli_gemini-3-flash_run_001,SWE-Milestone-log-results/navidrome_navidrome_v0.57.0_v0.58.0/mstone_trial/_gemini-cli_gemini-3-flash_run_001/milestone_003_sub-03/evaluation/evaluation_result_filtered.json,0.0,0.0,0.001968503937007874,0.0
independent,navidrome_navidrome_v0.57.0_v0.58.0,milestone_003_sub-04,_gemini-cli_gemini-3-flash_run_001,SWE-Milestone-log-results/navidrome_navidrome_v0.57.0_v0.58.0/mstone_trial/_gemini-cli_gemini-3-flash_run_001/milestone_003_sub-04/evaluation/evaluation_result.json,0.0,0.20430107526881722,0.8333333333333334,0.32815198618307434
independent,navidrome_navidrome_v0.57.0_v0.58.0,milestone_004,_gemini-cli_gemini-3-flash_run_001,SWE-Milestone-log-results/navidrome_navidrome_v0.57.0_v0.58.0/mstone_trial/_gemini-cli_gemini-3-flash_run_001/milestone_004/evaluation/evaluation_result.json,1.0,1.0,1.0,1.0
independent,navidrome_navidrome_v0.57.0_v0.58.0,milestone_006,_gemini-cli_gemini-3-flash_run_001,SWE-Milestone-log-results/navidrome_navidrome_v0.57.0_v0.58.0/mstone_trial/_gemini-cli_gemini-3-flash_run_001/milestone_006/evaluation/evaluation_result_filtered.json,1.0,1.0,1.0,1.0
independent,navidrome_navidrome_v0.57.0_v0.58.0,milestone_007,_gemini-cli_gemini-3-flash_run_001,SWE-Milestone-log-results/navidrome_navidrome_v0.57.0_v0.58.0/mstone_trial/_gemini-cli_gemini-3-flash_run_001/milestone_007/evaluation/evaluation_result.json,0.0,0.0,0.02631578947368421,0.0
independent,navidrome_navidrome_v0.57.0_v0.58.0,milestone_001,_gemini-cli_gemini-3-pro_run_001,SWE-Milestone-log-results/navidrome_navidrome_v0.57.0_v0.58.0/mstone_trial/_gemini-cli_gemini-3-pro_run_001/milestone_001/evaluation/evaluation_result.json,1.0,1.0,1.0,1.0
independent,navidrome_navidrome_v0.57.0_v0.58.0,milestone_002,_gemini-cli_gemini-3-pro_run_001,SWE-Milestone-log-results/navidrome_navidrome_v0.57.0_v0.58.0/mstone_trial/_gemini-cli_gemini-3-pro_run_001/milestone_002/evaluation/evaluation_result_filtered.json,1.0,1.0,1.0,1.0
independent,navidrome_navidrome_v0.57.0_v0.58.0,milestone_003_sub-01,_gemini-cli_gemini-3-pro_run_001,SWE-Milestone-log-results/navidrome_navidrome_v0.57.0_v0.58.0/mstone_trial/_gemini-cli_gemini-3-pro_run_001/milestone_003_sub-01/evaluation/evaluation_result_filtered.json,0.0,0.020942408376963352,0.018115942028985508,0.01942690626517727
independent,navidrome_navidrome_v0.57.0_v0.58.0,milestone_003_sub-02,_gemini-cli_gemini-3-pro_run_001,SWE-Milestone-log-results/navidrome_navidrome_v0.57.0_v0.58.0/mstone_trial/_gemini-cli_gemini-3-pro_run_001/milestone_003_sub-02/evaluation/evaluation_result.json,0.0,0.021052631578947368,0.01935483870967742,0.020168067226890758
independent,navidrome_navidrome_v0.57.0_v0.58.0,milestone_003_sub-03,_gemini-cli_gemini-3-pro_run_001,SWE-Milestone-log-results/navidrome_navidrome_v0.57.0_v0.58.0/mstone_trial/_gemini-cli_gemini-3-pro_run_001/milestone_003_sub-03/evaluation/evaluation_result_filtered.json,1.0,1.0,1.0,1.0
independent,navidrome_navidrome_v0.57.0_v0.58.0,milestone_003_sub-04,_gemini-cli_gemini-3-pro_run_001,SWE-Milestone-log-results/navidrome_navidrome_v0.57.0_v0.58.0/mstone_trial/_gemini-cli_gemini-3-pro_run_001/milestone_003_sub-04/evaluation/evaluation_result.json,1.0,1.0,1.0,1.0
independent,navidrome_navidrome_v0.57.0_v0.58.0,milestone_004,_gemini-cli_gemini-3-pro_run_001,SWE-Milestone-log-results/navidrome_navidrome_v0.57.0_v0.58.0/mstone_trial/_gemini-cli_gemini-3-pro_run_001/milestone_004/evaluation/evaluation_result.json,1.0,1.0,1.0,1.0
independent,navidrome_navidrome_v0.57.0_v0.58.0,milestone_006,_gemini-cli_gemini-3-pro_run_001,SWE-Milestone-log-results/navidrome_navidrome_v0.57.0_v0.58.0/mstone_trial/_gemini-cli_gemini-3-pro_run_001/milestone_006/evaluation/evaluation_result_filtered.json,1.0,1.0,1.0,1.0
independent,navidrome_navidrome_v0.57.0_v0.58.0,milestone_007,_gemini-cli_gemini-3-pro_run_001,SWE-Milestone-log-results/navidrome_navidrome_v0.57.0_v0.58.0/mstone_trial/_gemini-cli_gemini-3-pro_run_001/milestone_007/evaluation/evaluation_result.json,1.0,1.0,1.0,1.0
independent,navidrome_navidrome_v0.57.0_v0.58.0,milestone_001,_gemini-cli_gemini-3.1-pro_run_002,SWE-Milestone-log-results/navidrome_navidrome_v0.57.0_v0.58.0/mstone_trial/_gemini-cli_gemini-3.1-pro_run_002/milestone_001/evaluation/evaluation_result.json,1.0,1.0,1.0,1.0
independent,navidrome_navidrome_v0.57.0_v0.58.0,milestone_002,_gemini-cli_gemini-3.1-pro_run_002,SWE-Milestone-log-results/navidrome_navidrome_v0.57.0_v0.58.0/mstone_trial/_gemini-cli_gemini-3.1-pro_run_002/milestone_002/evaluation/evaluation_result_filtered.json,1.0,1.0,1.0,1.0
independent,navidrome_navidrome_v0.57.0_v0.58.0,milestone_003_sub-01,_gemini-cli_gemini-3.1-pro_run_002,SWE-Milestone-log-results/navidrome_navidrome_v0.57.0_v0.58.0/mstone_trial/_gemini-cli_gemini-3.1-pro_run_002/milestone_003_sub-01/evaluation/evaluation_result_filtered.json,0.0,0.020942408376963352,0.018115942028985508,0.01942690626517727
independent,navidrome_navidrome_v0.57.0_v0.58.0,milestone_003_sub-02,_gemini-cli_gemini-3.1-pro_run_002,SWE-Milestone-log-results/navidrome_navidrome_v0.57.0_v0.58.0/mstone_trial/_gemini-cli_gemini-3.1-pro_run_002/milestone_003_sub-02/evaluation/evaluation_result.json,0.0,0.10526315789473684,0.10091743119266056,0.10304449648711943
independent,navidrome_navidrome_v0.57.0_v0.58.0,milestone_003_sub-03,_gemini-cli_gemini-3.1-pro_run_002,SWE-Milestone-log-results/navidrome_navidrome_v0.57.0_v0.58.0/mstone_trial/_gemini-cli_gemini-3.1-pro_run_002/milestone_003_sub-03/evaluation/evaluation_result_filtered.json,1.0,1.0,1.0,1.0
independent,navidrome_navidrome_v0.57.0_v0.58.0,milestone_003_sub-04,_gemini-cli_gemini-3.1-pro_run_002,SWE-Milestone-log-results/navidrome_navidrome_v0.57.0_v0.58.0/mstone_trial/_gemini-cli_gemini-3.1-pro_run_002/milestone_003_sub-04/evaluation/evaluation_result.json,0.0,0.8064516129032258,1.0,0.8928571428571428
independent,navidrome_navidrome_v0.57.0_v0.58.0,milestone_004,_gemini-cli_gemini-3.1-pro_run_002,SWE-Milestone-log-results/navidrome_navidrome_v0.57.0_v0.58.0/mstone_trial/_gemini-cli_gemini-3.1-pro_run_002/milestone_004/evaluation/evaluation_result.json,1.0,1.0,1.0,1.0
independent,navidrome_navidrome_v0.57.0_v0.58.0,milestone_006,_gemini-cli_gemini-3.1-pro_run_002,SWE-Milestone-log-results/navidrome_navidrome_v0.57.0_v0.58.0/mstone_trial/_gemini-cli_gemini-3.1-pro_run_002/milestone_006/evaluation/evaluation_result_filtered.json,1.0,1.0,1.0,1.0
independent,navidrome_navidrome_v0.57.0_v0.58.0,milestone_007,_gemini-cli_gemini-3.1-pro_run_002,SWE-Milestone-log-results/navidrome_navidrome_v0.57.0_v0.58.0/mstone_trial/_gemini-cli_gemini-3.1-pro_run_002/milestone_007/evaluation/evaluation_result.json,1.0,1.0,1.0,1.0
e2e,navidrome_navidrome_v0.57.0_v0.58.0,milestone_001,_claude-code_glm-5.1_refine_run_002,SWE-Milestone-log-results/navidrome_navidrome_v0.57.0_v0.58.0/e2e_trial/_claude-code_glm-5.1_refine_run_002/evaluation/milestone_001/evaluation_result.json,0.0,0.0,0.005494505494505495,0.0
e2e,navidrome_navidrome_v0.57.0_v0.58.0,milestone_002,_claude-code_glm-5.1_refine_run_002,SWE-Milestone-log-results/navidrome_navidrome_v0.57.0_v0.58.0/e2e_trial/_claude-code_glm-5.1_refine_run_002/evaluation/milestone_002/evaluation_result_filtered.json,1.0,1.0,1.0,1.0
e2e,navidrome_navidrome_v0.57.0_v0.58.0,milestone_003_sub-01,_claude-code_glm-5.1_refine_run_002,SWE-Milestone-log-results/navidrome_navidrome_v0.57.0_v0.58.0/e2e_trial/_claude-code_glm-5.1_refine_run_002/evaluation/milestone_003_sub-01/evaluation_result_filtered.json,0.0,0.020942408376963352,0.018115942028985508,0.01942690626517727
e2e,navidrome_navidrome_v0.57.0_v0.58.0,milestone_003_sub-02,_claude-code_glm-5.1_refine_run_002,SWE-Milestone-log-results/navidrome_navidrome_v0.57.0_v0.58.0/e2e_trial/_claude-code_glm-5.1_refine_run_002/evaluation/milestone_003_sub-02/evaluation_result.json,0.0,0.0,0.0007604562737642585,0.0
e2e,navidrome_navidrome_v0.57.0_v0.58.0,milestone_003_sub-03,_claude-code_glm-5.1_refine_run_002,SWE-Milestone-log-results/navidrome_navidrome_v0.57.0_v0.58.0/e2e_trial/_claude-code_glm-5.1_refine_run_002/evaluation/milestone_003_sub-03/evaluation_result_filtered.json,0.0,0.0,0.001968503937007874,0.0
e2e,navidrome_navidrome_v0.57.0_v0.58.0,milestone_003_sub-04,_claude-code_glm-5.1_refine_run_002,SWE-Milestone-log-results/navidrome_navidrome_v0.57.0_v0.58.0/e2e_trial/_claude-code_glm-5.1_refine_run_002/evaluation/milestone_003_sub-04/evaluation_result.json,0.0,0.16129032258064516,0.017410228509249184,0.03142801021410332
e2e,navidrome_navidrome_v0.57.0_v0.58.0,milestone_004,_claude-code_glm-5.1_refine_run_002,SWE-Milestone-log-results/navidrome_navidrome_v0.57.0_v0.58.0/e2e_trial/_claude-code_glm-5.1_refine_run_002/evaluation/milestone_004/evaluation_result.json,0.0,0.0,0.001968503937007874,0.0
e2e,navidrome_navidrome_v0.57.0_v0.58.0,milestone_006,_claude-code_glm-5.1_refine_run_002,SWE-Milestone-log-results/navidrome_navidrome_v0.57.0_v0.58.0/e2e_trial/_claude-code_glm-5.1_refine_run_002/evaluation/milestone_006/evaluation_result_filtered.json,1.0,1.0,1.0,1.0
e2e,navidrome_navidrome_v0.57.0_v0.58.0,milestone_007,_claude-code_glm-5.1_refine_run_002,SWE-Milestone-log-results/navidrome_navidrome_v0.57.0_v0.58.0/e2e_trial/_claude-code_glm-5.1_refine_run_002/evaluation/milestone_007/evaluation_result.json,0.0,0.0,0.025,0.0
e2e,navidrome_navidrome_v0.57.0_v0.58.0,milestone_001,_claude-code_glm-5.1_run_002,SWE-Milestone-log-results/navidrome_navidrome_v0.57.0_v0.58.0/e2e_trial/_claude-code_glm-5.1_run_002/evaluation/milestone_001/evaluation_result.json,0.0,1.0,0.7050359712230215,0.8270042194092826
e2e,navidrome_navidrome_v0.57.0_v0.58.0,milestone_002,_claude-code_glm-5.1_run_002,SWE-Milestone-log-results/navidrome_navidrome_v0.57.0_v0.58.0/e2e_trial/_claude-code_glm-5.1_run_002/evaluation/milestone_002/evaluation_result_filtered.json,1.0,1.0,1.0,1.0
e2e,navidrome_navidrome_v0.57.0_v0.58.0,milestone_003_sub-01,_claude-code_glm-5.1_run_002,SWE-Milestone-log-results/navidrome_navidrome_v0.57.0_v0.58.0/e2e_trial/_claude-code_glm-5.1_run_002/evaluation/milestone_003_sub-01/evaluation_result_filtered.json,0.0,0.0,0.003676470588235294,0.0
e2e,navidrome_navidrome_v0.57.0_v0.58.0,milestone_003_sub-02,_claude-code_glm-5.1_run_002,SWE-Milestone-log-results/navidrome_navidrome_v0.57.0_v0.58.0/e2e_trial/_claude-code_glm-5.1_run_002/evaluation/milestone_003_sub-02/evaluation_result.json,0.0,0.0,0.000758150113722517,0.0
e2e,navidrome_navidrome_v0.57.0_v0.58.0,milestone_003_sub-03,_claude-code_glm-5.1_run_002,SWE-Milestone-log-results/navidrome_navidrome_v0.57.0_v0.58.0/e2e_trial/_claude-code_glm-5.1_run_002/evaluation/milestone_003_sub-03/evaluation_result_filtered.json,0.0,0.0,0.001953125,0.0
e2e,navidrome_navidrome_v0.57.0_v0.58.0,milestone_003_sub-04,_claude-code_glm-5.1_run_002,SWE-Milestone-log-results/navidrome_navidrome_v0.57.0_v0.58.0/e2e_trial/_claude-code_glm-5.1_run_002/evaluation/milestone_003_sub-04/evaluation_result.json,0.0,0.1935483870967742,0.02040816326530612,0.03692307692307692
e2e,navidrome_navidrome_v0.57.0_v0.58.0,milestone_004,_claude-code_glm-5.1_run_002,SWE-Milestone-log-results/navidrome_navidrome_v0.57.0_v0.58.0/e2e_trial/_claude-code_glm-5.1_run_002/evaluation/milestone_004/evaluation_result.json,0.0,0.0,0.0019193857965451055,0.0
e2e,navidrome_navidrome_v0.57.0_v0.58.0,milestone_006,_claude-code_glm-5.1_run_002,SWE-Milestone-log-results/navidrome_navidrome_v0.57.0_v0.58.0/e2e_trial/_claude-code_glm-5.1_run_002/evaluation/milestone_006/evaluation_result_filtered.json,1.0,1.0,1.0,1.0
e2e,navidrome_navidrome_v0.57.0_v0.58.0,milestone_007,_claude-code_glm-5.1_run_002,SWE-Milestone-log-results/navidrome_navidrome_v0.57.0_v0.58.0/e2e_trial/_claude-code_glm-5.1_run_002/evaluation/milestone_007/evaluation_result.json,0.0,0.0,0.025,0.0
e2e,navidrome_navidrome_v0.57.0_v0.58.0,milestone_001,_claude-code_glm-5_refine_run_002,SWE-Milestone-log-results/navidrome_navidrome_v0.57.0_v0.58.0/e2e_trial/_claude-code_glm-5_refine_run_002/evaluation/milestone_001/evaluation_result.json,0.0,0.9896907216494846,0.7132352941176471,0.8290229245492989
e2e,navidrome_navidrome_v0.57.0_v0.58.0,milestone_002,_claude-code_glm-5_refine_run_002,SWE-Milestone-log-results/navidrome_navidrome_v0.57.0_v0.58.0/e2e_trial/_claude-code_glm-5_refine_run_002/evaluation/milestone_002/evaluation_result_filtered.json,1.0,1.0,1.0,1.0
e2e,navidrome_navidrome_v0.57.0_v0.58.0,milestone_003_sub-01,_claude-code_glm-5_refine_run_002,SWE-Milestone-log-results/navidrome_navidrome_v0.57.0_v0.58.0/e2e_trial/_claude-code_glm-5_refine_run_002/evaluation/milestone_003_sub-01/evaluation_result_filtered.json,0.0,0.0,0.0036101083032490976,0.0
e2e,navidrome_navidrome_v0.57.0_v0.58.0,milestone_003_sub-02,_claude-code_glm-5_refine_run_002,SWE-Milestone-log-results/navidrome_navidrome_v0.57.0_v0.58.0/e2e_trial/_claude-code_glm-5_refine_run_002/evaluation/milestone_003_sub-02/evaluation_result.json,0.0,0.0,0.0007552870090634441,0.0
e2e,navidrome_navidrome_v0.57.0_v0.58.0,milestone_003_sub-03,_claude-code_glm-5_refine_run_002,SWE-Milestone-log-results/navidrome_navidrome_v0.57.0_v0.58.0/e2e_trial/_claude-code_glm-5_refine_run_002/evaluation/milestone_003_sub-03/evaluation_result_filtered.json,0.0,0.0,0.0019342359767891683,0.0
e2e,navidrome_navidrome_v0.57.0_v0.58.0,milestone_003_sub-04,_claude-code_glm-5_refine_run_002,SWE-Milestone-log-results/navidrome_navidrome_v0.57.0_v0.58.0/e2e_trial/_claude-code_glm-5_refine_run_002/evaluation/milestone_003_sub-04/evaluation_result.json,0.0,0.03225806451612903,0.004371584699453552,0.00769971126082772
e2e,navidrome_navidrome_v0.57.0_v0.58.0,milestone_004,_claude-code_glm-5_refine_run_002,SWE-Milestone-log-results/navidrome_navidrome_v0.57.0_v0.58.0/e2e_trial/_claude-code_glm-5_refine_run_002/evaluation/milestone_004/evaluation_result.json,0.0,0.0,0.011494252873563218,0.0
e2e,navidrome_navidrome_v0.57.0_v0.58.0,milestone_006,_claude-code_glm-5_refine_run_002,SWE-Milestone-log-results/navidrome_navidrome_v0.57.0_v0.58.0/e2e_trial/_claude-code_glm-5_refine_run_002/evaluation/milestone_006/evaluation_result_filtered.json,0.0,0.3333333333333333,1.0,0.5
e2e,navidrome_navidrome_v0.57.0_v0.58.0,milestone_007,_claude-code_glm-5_refine_run_002,SWE-Milestone-log-results/navidrome_navidrome_v0.57.0_v0.58.0/e2e_trial/_claude-code_glm-5_refine_run_002/evaluation/milestone_007/evaluation_result.json,0.0,0.0,0.025,0.0
e2e,navidrome_navidrome_v0.57.0_v0.58.0,milestone_001,_claude-code_glm-5_run_002,SWE-Milestone-log-results/navidrome_navidrome_v0.57.0_v0.58.0/e2e_trial/_claude-code_glm-5_run_002/evaluation/milestone_001/evaluation_result.json,0.0,0.0,0.0006435006435006435,0.0
e2e,navidrome_navidrome_v0.57.0_v0.58.0,milestone_002,_claude-code_glm-5_run_002,SWE-Milestone-log-results/navidrome_navidrome_v0.57.0_v0.58.0/e2e_trial/_claude-code_glm-5_run_002/evaluation/milestone_002/evaluation_result_filtered.json,1.0,1.0,1.0,1.0
e2e,navidrome_navidrome_v0.57.0_v0.58.0,milestone_003_sub-01,_claude-code_glm-5_run_002,SWE-Milestone-log-results/navidrome_navidrome_v0.57.0_v0.58.0/e2e_trial/_claude-code_glm-5_run_002/evaluation/milestone_003_sub-01/evaluation_result_filtered.json,0.0,0.0,0.0036363636363636364,0.0
e2e,navidrome_navidrome_v0.57.0_v0.58.0,milestone_003_sub-02,_claude-code_glm-5_run_002,SWE-Milestone-log-results/navidrome_navidrome_v0.57.0_v0.58.0/e2e_trial/_claude-code_glm-5_run_002/evaluation/milestone_003_sub-02/evaluation_result.json,0.0,0.0,0.0007564296520423601,0.0
e2e,navidrome_navidrome_v0.57.0_v0.58.0,milestone_003_sub-03,_claude-code_glm-5_run_002,SWE-Milestone-log-results/navidrome_navidrome_v0.57.0_v0.58.0/e2e_trial/_claude-code_glm-5_run_002/evaluation/milestone_003_sub-03/evaluation_result_filtered.json,0.0,0.0,0.001941747572815534,0.0
e2e,navidrome_navidrome_v0.57.0_v0.58.0,milestone_003_sub-04,_claude-code_glm-5_run_002,SWE-Milestone-log-results/navidrome_navidrome_v0.57.0_v0.58.0/e2e_trial/_claude-code_glm-5_run_002/evaluation/milestone_003_sub-04/evaluation_result.json,0.0,0.07526881720430108,0.008686210640608035,0.015575024335975525
e2e,navidrome_navidrome_v0.57.0_v0.58.0,milestone_004,_claude-code_glm-5_run_002,SWE-Milestone-log-results/navidrome_navidrome_v0.57.0_v0.58.0/e2e_trial/_claude-code_glm-5_run_002/evaluation/milestone_004/evaluation_result.json,0.0,0.5,0.034482758620689655,0.06451612903225806
e2e,navidrome_navidrome_v0.57.0_v0.58.0,milestone_006,_claude-code_glm-5_run_002,SWE-Milestone-log-results/navidrome_navidrome_v0.57.0_v0.58.0/e2e_trial/_claude-code_glm-5_run_002/evaluation/milestone_006/evaluation_result_filtered.json,0.0,0.6666666666666666,1.0,0.8
e2e,navidrome_navidrome_v0.57.0_v0.58.0,milestone_007,_claude-code_glm-5_run_002,SWE-Milestone-log-results/navidrome_navidrome_v0.57.0_v0.58.0/e2e_trial/_claude-code_glm-5_run_002/evaluation/milestone_007/evaluation_result.json,0.0,0.0,0.025,0.0
e2e,navidrome_navidrome_v0.57.0_v0.58.0,milestone_001,_claude-code_kimi-k2.6_run_002,SWE-Milestone-log-results/navidrome_navidrome_v0.57.0_v0.58.0/e2e_trial/_claude-code_kimi-k2.6_run_002/evaluation/milestone_001/evaluation_result.json,0.0,1.0,0.725925925925926,0.8412017167381975
e2e,navidrome_navidrome_v0.57.0_v0.58.0,milestone_002,_claude-code_kimi-k2.6_run_002,SWE-Milestone-log-results/navidrome_navidrome_v0.57.0_v0.58.0/e2e_trial/_claude-code_kimi-k2.6_run_002/evaluation/milestone_002/evaluation_result_filtered.json,1.0,1.0,1.0,1.0
e2e,navidrome_navidrome_v0.57.0_v0.58.0,milestone_003_sub-01,_claude-code_kimi-k2.6_run_002,SWE-Milestone-log-results/navidrome_navidrome_v0.57.0_v0.58.0/e2e_trial/_claude-code_kimi-k2.6_run_002/evaluation/milestone_003_sub-01/evaluation_result_filtered.json,0.0,0.020942408376963352,0.018115942028985508,0.01942690626517727
e2e,navidrome_navidrome_v0.57.0_v0.58.0,milestone_003_sub-02,_claude-code_kimi-k2.6_run_002,SWE-Milestone-log-results/navidrome_navidrome_v0.57.0_v0.58.0/e2e_trial/_claude-code_kimi-k2.6_run_002/evaluation/milestone_003_sub-02/evaluation_result.json,0.0,0.0,0.0007604562737642585,0.0
e2e,navidrome_navidrome_v0.57.0_v0.58.0,milestone_003_sub-03,_claude-code_kimi-k2.6_run_002,SWE-Milestone-log-results/navidrome_navidrome_v0.57.0_v0.58.0/e2e_trial/_claude-code_kimi-k2.6_run_002/evaluation/milestone_003_sub-03/evaluation_result_filtered.json,0.0,0.0,0.001968503937007874,0.0
e2e,navidrome_navidrome_v0.57.0_v0.58.0,milestone_003_sub-04,_claude-code_kimi-k2.6_run_002,SWE-Milestone-log-results/navidrome_navidrome_v0.57.0_v0.58.0/e2e_trial/_claude-code_kimi-k2.6_run_002/evaluation/milestone_003_sub-04/evaluation_result.json,0.0,0.06451612903225806,0.007650273224043716,0.01367855398143625
e2e,navidrome_navidrome_v0.57.0_v0.58.0,milestone_004,_claude-code_kimi-k2.6_run_002,SWE-Milestone-log-results/navidrome_navidrome_v0.57.0_v0.58.0/e2e_trial/_claude-code_kimi-k2.6_run_002/evaluation/milestone_004/evaluation_result.json,0.0,0.0,0.001984126984126984,0.0
e2e,navidrome_navidrome_v0.57.0_v0.58.0,milestone_006,_claude-code_kimi-k2.6_run_002,SWE-Milestone-log-results/navidrome_navidrome_v0.57.0_v0.58.0/e2e_trial/_claude-code_kimi-k2.6_run_002/evaluation/milestone_006/evaluation_result_filtered.json,1.0,1.0,1.0,1.0
e2e,navidrome_navidrome_v0.57.0_v0.58.0,milestone_007,_claude-code_kimi-k2.6_run_002,SWE-Milestone-log-results/navidrome_navidrome_v0.57.0_v0.58.0/e2e_trial/_claude-code_kimi-k2.6_run_002/evaluation/milestone_007/evaluation_result.json,0.0,0.0,0.025,0.0
e2e,navidrome_navidrome_v0.57.0_v0.58.0,milestone_001,_claude-code_opus-4.5_run_002,SWE-Milestone-log-results/navidrome_navidrome_v0.57.0_v0.58.0/e2e_trial/_claude-code_opus-4.5_run_002/evaluation/milestone_001/evaluation_result.json,0.0,0.0,0.006896551724137931,0.0
e2e,navidrome_navidrome_v0.57.0_v0.58.0,milestone_002,_claude-code_opus-4.5_run_002,SWE-Milestone-log-results/navidrome_navidrome_v0.57.0_v0.58.0/e2e_trial/_claude-code_opus-4.5_run_002/evaluation/milestone_002/evaluation_result_filtered.json,1.0,1.0,1.0,1.0
e2e,navidrome_navidrome_v0.57.0_v0.58.0,milestone_003_sub-01,_claude-code_opus-4.5_run_002,SWE-Milestone-log-results/navidrome_navidrome_v0.57.0_v0.58.0/e2e_trial/_claude-code_opus-4.5_run_002/evaluation/milestone_003_sub-01/evaluation_result_filtered.json,0.0,0.020942408376963352,0.018115942028985508,0.01942690626517727
e2e,navidrome_navidrome_v0.57.0_v0.58.0,milestone_003_sub-02,_claude-code_opus-4.5_run_002,SWE-Milestone-log-results/navidrome_navidrome_v0.57.0_v0.58.0/e2e_trial/_claude-code_opus-4.5_run_002/evaluation/milestone_003_sub-02/evaluation_result.json,0.0,0.0,0.0007604562737642585,0.0
e2e,navidrome_navidrome_v0.57.0_v0.58.0,milestone_003_sub-03,_claude-code_opus-4.5_run_002,SWE-Milestone-log-results/navidrome_navidrome_v0.57.0_v0.58.0/e2e_trial/_claude-code_opus-4.5_run_002/evaluation/milestone_003_sub-03/evaluation_result_filtered.json,0.0,0.0,0.001968503937007874,0.0
e2e,navidrome_navidrome_v0.57.0_v0.58.0,milestone_003_sub-04,_claude-code_opus-4.5_run_002,SWE-Milestone-log-results/navidrome_navidrome_v0.57.0_v0.58.0/e2e_trial/_claude-code_opus-4.5_run_002/evaluation/milestone_003_sub-04/evaluation_result.json,0.0,0.1935483870967742,0.020518358531317494,0.037103336045565496
e2e,navidrome_navidrome_v0.57.0_v0.58.0,milestone_004,_claude-code_opus-4.5_run_002,SWE-Milestone-log-results/navidrome_navidrome_v0.57.0_v0.58.0/e2e_trial/_claude-code_opus-4.5_run_002/evaluation/milestone_004/evaluation_result.json,0.0,0.5,0.04225352112676056,0.07792207792207793
e2e,navidrome_navidrome_v0.57.0_v0.58.0,milestone_006,_claude-code_opus-4.5_run_002,SWE-Milestone-log-results/navidrome_navidrome_v0.57.0_v0.58.0/e2e_trial/_claude-code_opus-4.5_run_002/evaluation/milestone_006/evaluation_result_filtered.json,1.0,1.0,1.0,1.0
e2e,navidrome_navidrome_v0.57.0_v0.58.0,milestone_007,_claude-code_opus-4.5_run_002,SWE-Milestone-log-results/navidrome_navidrome_v0.57.0_v0.58.0/e2e_trial/_claude-code_opus-4.5_run_002/evaluation/milestone_007/evaluation_result.json,0.0,0.8888888888888888,0.8181818181818182,0.8520710059171598
e2e,navidrome_navidrome_v0.57.0_v0.58.0,milestone_001,_claude-code_opus-4.6_run_002,SWE-Milestone-log-results/navidrome_navidrome_v0.57.0_v0.58.0/e2e_trial/_claude-code_opus-4.6_run_002/evaluation/milestone_001/evaluation_result.json,0.0,0.0,0.005494505494505495,0.0
e2e,navidrome_navidrome_v0.57.0_v0.58.0,milestone_002,_claude-code_opus-4.6_run_002,SWE-Milestone-log-results/navidrome_navidrome_v0.57.0_v0.58.0/e2e_trial/_claude-code_opus-4.6_run_002/evaluation/milestone_002/evaluation_result_filtered.json,1.0,1.0,1.0,1.0
e2e,navidrome_navidrome_v0.57.0_v0.58.0,milestone_003_sub-01,_claude-code_opus-4.6_run_002,SWE-Milestone-log-results/navidrome_navidrome_v0.57.0_v0.58.0/e2e_trial/_claude-code_opus-4.6_run_002/evaluation/milestone_003_sub-01/evaluation_result_filtered.json,0.0,0.020942408376963352,0.017985611510791366,0.019351717464925013
e2e,navidrome_navidrome_v0.57.0_v0.58.0,milestone_003_sub-02,_claude-code_opus-4.6_run_002,SWE-Milestone-log-results/navidrome_navidrome_v0.57.0_v0.58.0/e2e_trial/_claude-code_opus-4.6_run_002/evaluation/milestone_003_sub-02/evaluation_result.json,0.0,0.0,0.0007593014426727411,0.0
e2e,navidrome_navidrome_v0.57.0_v0.58.0,milestone_003_sub-03,_claude-code_opus-4.6_run_002,SWE-Milestone-log-results/navidrome_navidrome_v0.57.0_v0.58.0/e2e_trial/_claude-code_opus-4.6_run_002/evaluation/milestone_003_sub-03/evaluation_result_filtered.json,0.0,0.0,0.00196078431372549,0.0
e2e,navidrome_navidrome_v0.57.0_v0.58.0,milestone_003_sub-04,_claude-code_opus-4.6_run_002,SWE-Milestone-log-results/navidrome_navidrome_v0.57.0_v0.58.0/e2e_trial/_claude-code_opus-4.6_run_002/evaluation/milestone_003_sub-04/evaluation_result.json,0.0,0.1935483870967742,0.020474137931034482,0.037031021601429265
e2e,navidrome_navidrome_v0.57.0_v0.58.0,milestone_004,_claude-code_opus-4.6_run_002,SWE-Milestone-log-results/navidrome_navidrome_v0.57.0_v0.58.0/e2e_trial/_claude-code_opus-4.6_run_002/evaluation/milestone_004/evaluation_result.json,0.0,1.0,0.10869565217391304,0.19607843137254902
e2e,navidrome_navidrome_v0.57.0_v0.58.0,milestone_006,_claude-code_opus-4.6_run_002,SWE-Milestone-log-results/navidrome_navidrome_v0.57.0_v0.58.0/e2e_trial/_claude-code_opus-4.6_run_002/evaluation/milestone_006/evaluation_result_filtered.json,0.0,0.6666666666666666,1.0,0.8
e2e,navidrome_navidrome_v0.57.0_v0.58.0,milestone_007,_claude-code_opus-4.6_run_002,SWE-Milestone-log-results/navidrome_navidrome_v0.57.0_v0.58.0/e2e_trial/_claude-code_opus-4.6_run_002/evaluation/milestone_007/evaluation_result.json,0.0,0.0,0.025,0.0
e2e,navidrome_navidrome_v0.57.0_v0.58.0,milestone_001,_claude-code_opus-4.7-xhigh-1m_run_002,SWE-Milestone-log-results/navidrome_navidrome_v0.57.0_v0.58.0/e2e_trial/_claude-code_opus-4.7-xhigh-1m_run_002/evaluation/milestone_001/evaluation_result.json,0.0,0.0,0.005494505494505495,0.0
e2e,navidrome_navidrome_v0.57.0_v0.58.0,milestone_002,_claude-code_opus-4.7-xhigh-1m_run_002,SWE-Milestone-log-results/navidrome_navidrome_v0.57.0_v0.58.0/e2e_trial/_claude-code_opus-4.7-xhigh-1m_run_002/evaluation/milestone_002/evaluation_result_filtered.json,1.0,1.0,1.0,1.0
e2e,navidrome_navidrome_v0.57.0_v0.58.0,milestone_003_sub-01,_claude-code_opus-4.7-xhigh-1m_run_002,SWE-Milestone-log-results/navidrome_navidrome_v0.57.0_v0.58.0/e2e_trial/_claude-code_opus-4.7-xhigh-1m_run_002/evaluation/milestone_003_sub-01/evaluation_result_filtered.json,0.0,0.020942408376963352,0.018115942028985508,0.01942690626517727
e2e,navidrome_navidrome_v0.57.0_v0.58.0,milestone_003_sub-02,_claude-code_opus-4.7-xhigh-1m_run_002,SWE-Milestone-log-results/navidrome_navidrome_v0.57.0_v0.58.0/e2e_trial/_claude-code_opus-4.7-xhigh-1m_run_002/evaluation/milestone_003_sub-02/evaluation_result.json,0.0,0.0,0.0007604562737642585,0.0
e2e,navidrome_navidrome_v0.57.0_v0.58.0,milestone_003_sub-03,_claude-code_opus-4.7-xhigh-1m_run_002,SWE-Milestone-log-results/navidrome_navidrome_v0.57.0_v0.58.0/e2e_trial/_claude-code_opus-4.7-xhigh-1m_run_002/evaluation/milestone_003_sub-03/evaluation_result_filtered.json,0.0,0.0,0.001968503937007874,0.0
e2e,navidrome_navidrome_v0.57.0_v0.58.0,milestone_003_sub-04,_claude-code_opus-4.7-xhigh-1m_run_002,SWE-Milestone-log-results/navidrome_navidrome_v0.57.0_v0.58.0/e2e_trial/_claude-code_opus-4.7-xhigh-1m_run_002/evaluation/milestone_003_sub-04/evaluation_result.json,0.0,0.12903225806451613,0.014192139737991267,0.025571674452913695
e2e,navidrome_navidrome_v0.57.0_v0.58.0,milestone_004,_claude-code_opus-4.7-xhigh-1m_run_002,SWE-Milestone-log-results/navidrome_navidrome_v0.57.0_v0.58.0/e2e_trial/_claude-code_opus-4.7-xhigh-1m_run_002/evaluation/milestone_004/evaluation_result.json,0.0,0.0,0.02564102564102564,0.0
e2e,navidrome_navidrome_v0.57.0_v0.58.0,milestone_006,_claude-code_opus-4.7-xhigh-1m_run_002,SWE-Milestone-log-results/navidrome_navidrome_v0.57.0_v0.58.0/e2e_trial/_claude-code_opus-4.7-xhigh-1m_run_002/evaluation/milestone_006/evaluation_result_filtered.json,1.0,1.0,1.0,1.0
e2e,navidrome_navidrome_v0.57.0_v0.58.0,milestone_007,_claude-code_opus-4.7-xhigh-1m_run_002,SWE-Milestone-log-results/navidrome_navidrome_v0.57.0_v0.58.0/e2e_trial/_claude-code_opus-4.7-xhigh-1m_run_002/evaluation/milestone_007/evaluation_result.json,0.0,0.0,0.025,0.0
e2e,navidrome_navidrome_v0.57.0_v0.58.0,milestone_001,_claude-code_opus-4.7-xhigh_run_002,SWE-Milestone-log-results/navidrome_navidrome_v0.57.0_v0.58.0/e2e_trial/_claude-code_opus-4.7-xhigh_run_002/evaluation/milestone_001/evaluation_result.json,0.0,1.0,0.725925925925926,0.8412017167381975
e2e,navidrome_navidrome_v0.57.0_v0.58.0,milestone_002,_claude-code_opus-4.7-xhigh_run_002,SWE-Milestone-log-results/navidrome_navidrome_v0.57.0_v0.58.0/e2e_trial/_claude-code_opus-4.7-xhigh_run_002/evaluation/milestone_002/evaluation_result_filtered.json,1.0,1.0,1.0,1.0
e2e,navidrome_navidrome_v0.57.0_v0.58.0,milestone_003_sub-01,_claude-code_opus-4.7-xhigh_run_002,SWE-Milestone-log-results/navidrome_navidrome_v0.57.0_v0.58.0/e2e_trial/_claude-code_opus-4.7-xhigh_run_002/evaluation/milestone_003_sub-01/evaluation_result_filtered.json,0.0,0.020942408376963352,0.018115942028985508,0.01942690626517727
e2e,navidrome_navidrome_v0.57.0_v0.58.0,milestone_003_sub-02,_claude-code_opus-4.7-xhigh_run_002,SWE-Milestone-log-results/navidrome_navidrome_v0.57.0_v0.58.0/e2e_trial/_claude-code_opus-4.7-xhigh_run_002/evaluation/milestone_003_sub-02/evaluation_result.json,0.0,0.0,0.0007604562737642585,0.0
e2e,navidrome_navidrome_v0.57.0_v0.58.0,milestone_003_sub-03,_claude-code_opus-4.7-xhigh_run_002,SWE-Milestone-log-results/navidrome_navidrome_v0.57.0_v0.58.0/e2e_trial/_claude-code_opus-4.7-xhigh_run_002/evaluation/milestone_003_sub-03/evaluation_result_filtered.json,0.0,0.0,0.001968503937007874,0.0
e2e,navidrome_navidrome_v0.57.0_v0.58.0,milestone_003_sub-04,_claude-code_opus-4.7-xhigh_run_002,SWE-Milestone-log-results/navidrome_navidrome_v0.57.0_v0.58.0/e2e_trial/_claude-code_opus-4.7-xhigh_run_002/evaluation/milestone_003_sub-04/evaluation_result.json,0.0,0.7096774193548387,0.06878850102669405,0.12542012337800468
e2e,navidrome_navidrome_v0.57.0_v0.58.0,milestone_004,_claude-code_opus-4.7-xhigh_run_002,SWE-Milestone-log-results/navidrome_navidrome_v0.57.0_v0.58.0/e2e_trial/_claude-code_opus-4.7-xhigh_run_002/evaluation/milestone_004/evaluation_result.json,0.0,0.0,0.0019305019305019305,0.0
e2e,navidrome_navidrome_v0.57.0_v0.58.0,milestone_006,_claude-code_opus-4.7-xhigh_run_002,SWE-Milestone-log-results/navidrome_navidrome_v0.57.0_v0.58.0/e2e_trial/_claude-code_opus-4.7-xhigh_run_002/evaluation/milestone_006/evaluation_result_filtered.json,1.0,1.0,1.0,1.0
e2e,navidrome_navidrome_v0.57.0_v0.58.0,milestone_007,_claude-code_opus-4.7-xhigh_run_002,SWE-Milestone-log-results/navidrome_navidrome_v0.57.0_v0.58.0/e2e_trial/_claude-code_opus-4.7-xhigh_run_002/evaluation/milestone_007/evaluation_result.json,0.0,0.0,0.025,0.0
e2e,navidrome_navidrome_v0.57.0_v0.58.0,milestone_001,_claude-code_sonnet-4.5_run_002,SWE-Milestone-log-results/navidrome_navidrome_v0.57.0_v0.58.0/e2e_trial/_claude-code_sonnet-4.5_run_002/evaluation/milestone_001/evaluation_result.json,0.0,0.0,0.005376344086021506,0.0
e2e,navidrome_navidrome_v0.57.0_v0.58.0,milestone_002,_claude-code_sonnet-4.5_run_002,SWE-Milestone-log-results/navidrome_navidrome_v0.57.0_v0.58.0/e2e_trial/_claude-code_sonnet-4.5_run_002/evaluation/milestone_002/evaluation_result_filtered.json,0.0,0.0,1.0,0.0
e2e,navidrome_navidrome_v0.57.0_v0.58.0,milestone_003_sub-01,_claude-code_sonnet-4.5_run_002,SWE-Milestone-log-results/navidrome_navidrome_v0.57.0_v0.58.0/e2e_trial/_claude-code_sonnet-4.5_run_002/evaluation/milestone_003_sub-01/evaluation_result_filtered.json,0.0,0.020942408376963352,0.018115942028985508,0.01942690626517727
e2e,navidrome_navidrome_v0.57.0_v0.58.0,milestone_003_sub-02,_claude-code_sonnet-4.5_run_002,SWE-Milestone-log-results/navidrome_navidrome_v0.57.0_v0.58.0/e2e_trial/_claude-code_sonnet-4.5_run_002/evaluation/milestone_003_sub-02/evaluation_result.json,0.0,0.0,0.0007604562737642585,0.0
e2e,navidrome_navidrome_v0.57.0_v0.58.0,milestone_003_sub-03,_claude-code_sonnet-4.5_run_002,SWE-Milestone-log-results/navidrome_navidrome_v0.57.0_v0.58.0/e2e_trial/_claude-code_sonnet-4.5_run_002/evaluation/milestone_003_sub-03/evaluation_result_filtered.json,0.0,0.0,0.001968503937007874,0.0
e2e,navidrome_navidrome_v0.57.0_v0.58.0,milestone_003_sub-04,_claude-code_sonnet-4.5_run_002,SWE-Milestone-log-results/navidrome_navidrome_v0.57.0_v0.58.0/e2e_trial/_claude-code_sonnet-4.5_run_002/evaluation/milestone_003_sub-04/evaluation_result.json,0.0,0.8172043010752689,0.07857142857142857,0.14335934150733087
e2e,navidrome_navidrome_v0.57.0_v0.58.0,milestone_004,_claude-code_sonnet-4.5_run_002,SWE-Milestone-log-results/navidrome_navidrome_v0.57.0_v0.58.0/e2e_trial/_claude-code_sonnet-4.5_run_002/evaluation/milestone_004/evaluation_result.json,0.0,0.5,0.05,0.09090909090909091
e2e,navidrome_navidrome_v0.57.0_v0.58.0,milestone_006,_claude-code_sonnet-4.5_run_002,SWE-Milestone-log-results/navidrome_navidrome_v0.57.0_v0.58.0/e2e_trial/_claude-code_sonnet-4.5_run_002/evaluation/milestone_006/evaluation_result_filtered.json,1.0,1.0,1.0,1.0
e2e,navidrome_navidrome_v0.57.0_v0.58.0,milestone_007,_claude-code_sonnet-4.5_run_002,SWE-Milestone-log-results/navidrome_navidrome_v0.57.0_v0.58.0/e2e_trial/_claude-code_sonnet-4.5_run_002/evaluation/milestone_007/evaluation_result.json,0.0,0.0,0.025,0.0
e2e,navidrome_navidrome_v0.57.0_v0.58.0,milestone_001,_claude-code_sonnet-4.6_run_002,SWE-Milestone-log-results/navidrome_navidrome_v0.57.0_v0.58.0/e2e_trial/_claude-code_sonnet-4.6_run_002/evaluation/milestone_001/evaluation_result.json,0.0,0.0,0.005494505494505495,0.0
e2e,navidrome_navidrome_v0.57.0_v0.58.0,milestone_002,_claude-code_sonnet-4.6_run_002,SWE-Milestone-log-results/navidrome_navidrome_v0.57.0_v0.58.0/e2e_trial/_claude-code_sonnet-4.6_run_002/evaluation/milestone_002/evaluation_result_filtered.json,0.0,0.0,0.02631578947368421,0.0
e2e,navidrome_navidrome_v0.57.0_v0.58.0,milestone_003_sub-01,_claude-code_sonnet-4.6_run_002,SWE-Milestone-log-results/navidrome_navidrome_v0.57.0_v0.58.0/e2e_trial/_claude-code_sonnet-4.6_run_002/evaluation/milestone_003_sub-01/evaluation_result_filtered.json,0.0,0.020942408376963352,0.017921146953405017,0.01931434089811685
e2e,navidrome_navidrome_v0.57.0_v0.58.0,milestone_003_sub-02,_claude-code_sonnet-4.6_run_002,SWE-Milestone-log-results/navidrome_navidrome_v0.57.0_v0.58.0/e2e_trial/_claude-code_sonnet-4.6_run_002/evaluation/milestone_003_sub-02/evaluation_result.json,0.0,0.0,0.0007587253414264037,0.0
e2e,navidrome_navidrome_v0.57.0_v0.58.0,milestone_003_sub-03,_claude-code_sonnet-4.6_run_002,SWE-Milestone-log-results/navidrome_navidrome_v0.57.0_v0.58.0/e2e_trial/_claude-code_sonnet-4.6_run_002/evaluation/milestone_003_sub-03/evaluation_result_filtered.json,0.0,0.0,0.0019569471624266144,0.0
e2e,navidrome_navidrome_v0.57.0_v0.58.0,milestone_003_sub-04,_claude-code_sonnet-4.6_run_002,SWE-Milestone-log-results/navidrome_navidrome_v0.57.0_v0.58.0/e2e_trial/_claude-code_sonnet-4.6_run_002/evaluation/milestone_003_sub-04/evaluation_result.json,0.0,0.5913978494623656,0.058031088082901555,0.10569119640375409
e2e,navidrome_navidrome_v0.57.0_v0.58.0,milestone_004,_claude-code_sonnet-4.6_run_002,SWE-Milestone-log-results/navidrome_navidrome_v0.57.0_v0.58.0/e2e_trial/_claude-code_sonnet-4.6_run_002/evaluation/milestone_004/evaluation_result.json,0.0,0.0,0.0018796992481203006,0.0
e2e,navidrome_navidrome_v0.57.0_v0.58.0,milestone_006,_claude-code_sonnet-4.6_run_002,SWE-Milestone-log-results/navidrome_navidrome_v0.57.0_v0.58.0/e2e_trial/_claude-code_sonnet-4.6_run_002/evaluation/milestone_006/evaluation_result_filtered.json,0.0,0.6666666666666666,1.0,0.8
e2e,navidrome_navidrome_v0.57.0_v0.58.0,milestone_007,_claude-code_sonnet-4.6_run_002,SWE-Milestone-log-results/navidrome_navidrome_v0.57.0_v0.58.0/e2e_trial/_claude-code_sonnet-4.6_run_002/evaluation/milestone_007/evaluation_result.json,0.0,0.0,0.02631578947368421,0.0
e2e,navidrome_navidrome_v0.57.0_v0.58.0,milestone_001,_codex_gpt-5.2-codex_run_002,SWE-Milestone-log-results/navidrome_navidrome_v0.57.0_v0.58.0/e2e_trial/_codex_gpt-5.2-codex_run_002/evaluation/milestone_001/evaluation_result.json,0.0,0.0,0.0035460992907801418,0.0
e2e,navidrome_navidrome_v0.57.0_v0.58.0,milestone_002,_codex_gpt-5.2-codex_run_002,SWE-Milestone-log-results/navidrome_navidrome_v0.57.0_v0.58.0/e2e_trial/_codex_gpt-5.2-codex_run_002/evaluation/milestone_002/evaluation_result_filtered.json,0.0,0.0,0.014925373134328358,0.0
e2e,navidrome_navidrome_v0.57.0_v0.58.0,milestone_003_sub-01,_codex_gpt-5.2-codex_run_002,SWE-Milestone-log-results/navidrome_navidrome_v0.57.0_v0.58.0/e2e_trial/_codex_gpt-5.2-codex_run_002/evaluation/milestone_003_sub-01/evaluation_result_filtered.json,0.0,0.020942408376963352,0.018115942028985508,0.01942690626517727
e2e,navidrome_navidrome_v0.57.0_v0.58.0,milestone_003_sub-02,_codex_gpt-5.2-codex_run_002,SWE-Milestone-log-results/navidrome_navidrome_v0.57.0_v0.58.0/e2e_trial/_codex_gpt-5.2-codex_run_002/evaluation/milestone_003_sub-02/evaluation_result.json,0.0,0.0,0.0007604562737642585,0.0
e2e,navidrome_navidrome_v0.57.0_v0.58.0,milestone_003_sub-03,_codex_gpt-5.2-codex_run_002,SWE-Milestone-log-results/navidrome_navidrome_v0.57.0_v0.58.0/e2e_trial/_codex_gpt-5.2-codex_run_002/evaluation/milestone_003_sub-03/evaluation_result_filtered.json,0.0,0.0,0.001968503937007874,0.0
e2e,navidrome_navidrome_v0.57.0_v0.58.0,milestone_003_sub-04,_codex_gpt-5.2-codex_run_002,SWE-Milestone-log-results/navidrome_navidrome_v0.57.0_v0.58.0/e2e_trial/_codex_gpt-5.2-codex_run_002/evaluation/milestone_003_sub-04/evaluation_result.json,0.0,0.1935483870967742,0.020518358531317494,0.037103336045565496
e2e,navidrome_navidrome_v0.57.0_v0.58.0,milestone_004,_codex_gpt-5.2-codex_run_002,SWE-Milestone-log-results/navidrome_navidrome_v0.57.0_v0.58.0/e2e_trial/_codex_gpt-5.2-codex_run_002/evaluation/milestone_004/evaluation_result.json,0.0,0.5,0.03409090909090909,0.06382978723404255
e2e,navidrome_navidrome_v0.57.0_v0.58.0,milestone_006,_codex_gpt-5.2-codex_run_002,SWE-Milestone-log-results/navidrome_navidrome_v0.57.0_v0.58.0/e2e_trial/_codex_gpt-5.2-codex_run_002/evaluation/milestone_006/evaluation_result_filtered.json,1.0,1.0,1.0,1.0
e2e,navidrome_navidrome_v0.57.0_v0.58.0,milestone_007,_codex_gpt-5.2-codex_run_002,SWE-Milestone-log-results/navidrome_navidrome_v0.57.0_v0.58.0/e2e_trial/_codex_gpt-5.2-codex_run_002/evaluation/milestone_007/evaluation_result.json,0.0,0.0,0.025,0.0
e2e,navidrome_navidrome_v0.57.0_v0.58.0,milestone_001,_codex_gpt-5.2_run_002,SWE-Milestone-log-results/navidrome_navidrome_v0.57.0_v0.58.0/e2e_trial/_codex_gpt-5.2_run_002/evaluation/milestone_001/evaluation_result.json,0.0,1.0,0.725925925925926,0.8412017167381975
e2e,navidrome_navidrome_v0.57.0_v0.58.0,milestone_002,_codex_gpt-5.2_run_002,SWE-Milestone-log-results/navidrome_navidrome_v0.57.0_v0.58.0/e2e_trial/_codex_gpt-5.2_run_002/evaluation/milestone_002/evaluation_result_filtered.json,1.0,1.0,1.0,1.0
e2e,navidrome_navidrome_v0.57.0_v0.58.0,milestone_003_sub-01,_codex_gpt-5.2_run_002,SWE-Milestone-log-results/navidrome_navidrome_v0.57.0_v0.58.0/e2e_trial/_codex_gpt-5.2_run_002/evaluation/milestone_003_sub-01/evaluation_result_filtered.json,0.0,0.020942408376963352,0.018115942028985508,0.01942690626517727
e2e,navidrome_navidrome_v0.57.0_v0.58.0,milestone_003_sub-02,_codex_gpt-5.2_run_002,SWE-Milestone-log-results/navidrome_navidrome_v0.57.0_v0.58.0/e2e_trial/_codex_gpt-5.2_run_002/evaluation/milestone_003_sub-02/evaluation_result.json,0.0,0.0,0.0007604562737642585,0.0
e2e,navidrome_navidrome_v0.57.0_v0.58.0,milestone_003_sub-03,_codex_gpt-5.2_run_002,SWE-Milestone-log-results/navidrome_navidrome_v0.57.0_v0.58.0/e2e_trial/_codex_gpt-5.2_run_002/evaluation/milestone_003_sub-03/evaluation_result_filtered.json,0.0,0.0,0.001968503937007874,0.0
e2e,navidrome_navidrome_v0.57.0_v0.58.0,milestone_003_sub-04,_codex_gpt-5.2_run_002,SWE-Milestone-log-results/navidrome_navidrome_v0.57.0_v0.58.0/e2e_trial/_codex_gpt-5.2_run_002/evaluation/milestone_003_sub-04/evaluation_result.json,0.0,0.3655913978494624,0.037154989384288746,0.06745458152651418
e2e,navidrome_navidrome_v0.57.0_v0.58.0,milestone_004,_codex_gpt-5.2_run_002,SWE-Milestone-log-results/navidrome_navidrome_v0.57.0_v0.58.0/e2e_trial/_codex_gpt-5.2_run_002/evaluation/milestone_004/evaluation_result.json,0.0,0.5,0.03333333333333333,0.0625
e2e,navidrome_navidrome_v0.57.0_v0.58.0,milestone_006,_codex_gpt-5.2_run_002,SWE-Milestone-log-results/navidrome_navidrome_v0.57.0_v0.58.0/e2e_trial/_codex_gpt-5.2_run_002/evaluation/milestone_006/evaluation_result_filtered.json,1.0,1.0,1.0,1.0
e2e,navidrome_navidrome_v0.57.0_v0.58.0,milestone_007,_codex_gpt-5.2_run_002,SWE-Milestone-log-results/navidrome_navidrome_v0.57.0_v0.58.0/e2e_trial/_codex_gpt-5.2_run_002/evaluation/milestone_007/evaluation_result.json,0.0,0.0,0.025,0.0
e2e,navidrome_navidrome_v0.57.0_v0.58.0,milestone_001,_codex_gpt-5.3-codex_run_002,SWE-Milestone-log-results/navidrome_navidrome_v0.57.0_v0.58.0/e2e_trial/_codex_gpt-5.3-codex_run_002/evaluation/milestone_001/evaluation_result.json,0.0,1.0,0.725925925925926,0.8412017167381975
e2e,navidrome_navidrome_v0.57.0_v0.58.0,milestone_002,_codex_gpt-5.3-codex_run_002,SWE-Milestone-log-results/navidrome_navidrome_v0.57.0_v0.58.0/e2e_trial/_codex_gpt-5.3-codex_run_002/evaluation/milestone_002/evaluation_result_filtered.json,1.0,1.0,1.0,1.0
e2e,navidrome_navidrome_v0.57.0_v0.58.0,milestone_003_sub-01,_codex_gpt-5.3-codex_run_002,SWE-Milestone-log-results/navidrome_navidrome_v0.57.0_v0.58.0/e2e_trial/_codex_gpt-5.3-codex_run_002/evaluation/milestone_003_sub-01/evaluation_result_filtered.json,0.0,0.020942408376963352,0.018115942028985508,0.01942690626517727
e2e,navidrome_navidrome_v0.57.0_v0.58.0,milestone_003_sub-02,_codex_gpt-5.3-codex_run_002,SWE-Milestone-log-results/navidrome_navidrome_v0.57.0_v0.58.0/e2e_trial/_codex_gpt-5.3-codex_run_002/evaluation/milestone_003_sub-02/evaluation_result.json,0.0,0.0,0.0007604562737642585,0.0
e2e,navidrome_navidrome_v0.57.0_v0.58.0,milestone_003_sub-03,_codex_gpt-5.3-codex_run_002,SWE-Milestone-log-results/navidrome_navidrome_v0.57.0_v0.58.0/e2e_trial/_codex_gpt-5.3-codex_run_002/evaluation/milestone_003_sub-03/evaluation_result_filtered.json,0.0,0.0,0.001968503937007874,0.0
e2e,navidrome_navidrome_v0.57.0_v0.58.0,milestone_003_sub-04,_codex_gpt-5.3-codex_run_002,SWE-Milestone-log-results/navidrome_navidrome_v0.57.0_v0.58.0/e2e_trial/_codex_gpt-5.3-codex_run_002/evaluation/milestone_003_sub-04/evaluation_result.json,0.0,0.3870967741935484,0.03919491525423729,0.07118236472945892
e2e,navidrome_navidrome_v0.57.0_v0.58.0,milestone_004,_codex_gpt-5.3-codex_run_002,SWE-Milestone-log-results/navidrome_navidrome_v0.57.0_v0.58.0/e2e_trial/_codex_gpt-5.3-codex_run_002/evaluation/milestone_004/evaluation_result.json,0.0,0.0,0.0019011406844106464,0.0
e2e,navidrome_navidrome_v0.57.0_v0.58.0,milestone_006,_codex_gpt-5.3-codex_run_002,SWE-Milestone-log-results/navidrome_navidrome_v0.57.0_v0.58.0/e2e_trial/_codex_gpt-5.3-codex_run_002/evaluation/milestone_006/evaluation_result_filtered.json,1.0,1.0,1.0,1.0
e2e,navidrome_navidrome_v0.57.0_v0.58.0,milestone_007,_codex_gpt-5.3-codex_run_002,SWE-Milestone-log-results/navidrome_navidrome_v0.57.0_v0.58.0/e2e_trial/_codex_gpt-5.3-codex_run_002/evaluation/milestone_007/evaluation_result.json,0.0,0.0,0.025,0.0
e2e,navidrome_navidrome_v0.57.0_v0.58.0,milestone_001,_codex_gpt-5.4_run_002,SWE-Milestone-log-results/navidrome_navidrome_v0.57.0_v0.58.0/e2e_trial/_codex_gpt-5.4_run_002/evaluation/milestone_001/evaluation_result.json,0.0,1.0,0.725925925925926,0.8412017167381975
e2e,navidrome_navidrome_v0.57.0_v0.58.0,milestone_002,_codex_gpt-5.4_run_002,SWE-Milestone-log-results/navidrome_navidrome_v0.57.0_v0.58.0/e2e_trial/_codex_gpt-5.4_run_002/evaluation/milestone_002/evaluation_result_filtered.json,1.0,1.0,1.0,1.0
e2e,navidrome_navidrome_v0.57.0_v0.58.0,milestone_003_sub-01,_codex_gpt-5.4_run_002,SWE-Milestone-log-results/navidrome_navidrome_v0.57.0_v0.58.0/e2e_trial/_codex_gpt-5.4_run_002/evaluation/milestone_003_sub-01/evaluation_result_filtered.json,0.0,0.020942408376963352,0.018115942028985508,0.01942690626517727
e2e,navidrome_navidrome_v0.57.0_v0.58.0,milestone_003_sub-02,_codex_gpt-5.4_run_002,SWE-Milestone-log-results/navidrome_navidrome_v0.57.0_v0.58.0/e2e_trial/_codex_gpt-5.4_run_002/evaluation/milestone_003_sub-02/evaluation_result.json,0.0,0.0,0.0007604562737642585,0.0
e2e,navidrome_navidrome_v0.57.0_v0.58.0,milestone_003_sub-03,_codex_gpt-5.4_run_002,SWE-Milestone-log-results/navidrome_navidrome_v0.57.0_v0.58.0/e2e_trial/_codex_gpt-5.4_run_002/evaluation/milestone_003_sub-03/evaluation_result_filtered.json,0.0,0.0,0.001968503937007874,0.0
e2e,navidrome_navidrome_v0.57.0_v0.58.0,milestone_003_sub-04,_codex_gpt-5.4_run_002,SWE-Milestone-log-results/navidrome_navidrome_v0.57.0_v0.58.0/e2e_trial/_codex_gpt-5.4_run_002/evaluation/milestone_003_sub-04/evaluation_result.json,0.0,0.07526881720430108,0.008733624454148471,0.015651201788708775
e2e,navidrome_navidrome_v0.57.0_v0.58.0,milestone_004,_codex_gpt-5.4_run_002,SWE-Milestone-log-results/navidrome_navidrome_v0.57.0_v0.58.0/e2e_trial/_codex_gpt-5.4_run_002/evaluation/milestone_004/evaluation_result.json,0.0,0.5,0.03296703296703297,0.061855670103092786
e2e,navidrome_navidrome_v0.57.0_v0.58.0,milestone_006,_codex_gpt-5.4_run_002,SWE-Milestone-log-results/navidrome_navidrome_v0.57.0_v0.58.0/e2e_trial/_codex_gpt-5.4_run_002/evaluation/milestone_006/evaluation_result_filtered.json,1.0,1.0,1.0,1.0
e2e,navidrome_navidrome_v0.57.0_v0.58.0,milestone_007,_codex_gpt-5.4_run_002,SWE-Milestone-log-results/navidrome_navidrome_v0.57.0_v0.58.0/e2e_trial/_codex_gpt-5.4_run_002/evaluation/milestone_007/evaluation_result.json,0.0,0.0,0.025,0.0
e2e,navidrome_navidrome_v0.57.0_v0.58.0,milestone_001,_codex_gpt-5.5_run_002,SWE-Milestone-log-results/navidrome_navidrome_v0.57.0_v0.58.0/e2e_trial/_codex_gpt-5.5_run_002/evaluation/milestone_001/evaluation_result.json,0.0,1.0,0.725925925925926,0.8412017167381975
e2e,navidrome_navidrome_v0.57.0_v0.58.0,milestone_002,_codex_gpt-5.5_run_002,SWE-Milestone-log-results/navidrome_navidrome_v0.57.0_v0.58.0/e2e_trial/_codex_gpt-5.5_run_002/evaluation/milestone_002/evaluation_result_filtered.json,1.0,1.0,1.0,1.0
e2e,navidrome_navidrome_v0.57.0_v0.58.0,milestone_003_sub-01,_codex_gpt-5.5_run_002,SWE-Milestone-log-results/navidrome_navidrome_v0.57.0_v0.58.0/e2e_trial/_codex_gpt-5.5_run_002/evaluation/milestone_003_sub-01/evaluation_result_filtered.json,0.0,0.020942408376963352,0.018115942028985508,0.01942690626517727
e2e,navidrome_navidrome_v0.57.0_v0.58.0,milestone_003_sub-02,_codex_gpt-5.5_run_002,SWE-Milestone-log-results/navidrome_navidrome_v0.57.0_v0.58.0/e2e_trial/_codex_gpt-5.5_run_002/evaluation/milestone_003_sub-02/evaluation_result.json,0.0,0.0,0.0007604562737642585,0.0
e2e,navidrome_navidrome_v0.57.0_v0.58.0,milestone_003_sub-03,_codex_gpt-5.5_run_002,SWE-Milestone-log-results/navidrome_navidrome_v0.57.0_v0.58.0/e2e_trial/_codex_gpt-5.5_run_002/evaluation/milestone_003_sub-03/evaluation_result_filtered.json,0.0,0.0,0.001968503937007874,0.0
e2e,navidrome_navidrome_v0.57.0_v0.58.0,milestone_003_sub-04,_codex_gpt-5.5_run_002,SWE-Milestone-log-results/navidrome_navidrome_v0.57.0_v0.58.0/e2e_trial/_codex_gpt-5.5_run_002/evaluation/milestone_003_sub-04/evaluation_result.json,0.0,0.3655913978494624,0.037154989384288746,0.06745458152651418
e2e,navidrome_navidrome_v0.57.0_v0.58.0,milestone_004,_codex_gpt-5.5_run_002,SWE-Milestone-log-results/navidrome_navidrome_v0.57.0_v0.58.0/e2e_trial/_codex_gpt-5.5_run_002/evaluation/milestone_004/evaluation_result.json,0.0,0.0,0.0018450184501845018,0.0
e2e,navidrome_navidrome_v0.57.0_v0.58.0,milestone_006,_codex_gpt-5.5_run_002,SWE-Milestone-log-results/navidrome_navidrome_v0.57.0_v0.58.0/e2e_trial/_codex_gpt-5.5_run_002/evaluation/milestone_006/evaluation_result_filtered.json,1.0,1.0,1.0,1.0
e2e,navidrome_navidrome_v0.57.0_v0.58.0,milestone_007,_codex_gpt-5.5_run_002,SWE-Milestone-log-results/navidrome_navidrome_v0.57.0_v0.58.0/e2e_trial/_codex_gpt-5.5_run_002/evaluation/milestone_007/evaluation_result.json,0.0,0.0,0.025,0.0
e2e,navidrome_navidrome_v0.57.0_v0.58.0,milestone_001,_gemini-cli_gemini-3-flash_run_002,SWE-Milestone-log-results/navidrome_navidrome_v0.57.0_v0.58.0/e2e_trial/_gemini-cli_gemini-3-flash_run_002/evaluation/milestone_001/evaluation_result.json,0.0,0.0,0.005434782608695652,0.0
e2e,navidrome_navidrome_v0.57.0_v0.58.0,milestone_002,_gemini-cli_gemini-3-flash_run_002,SWE-Milestone-log-results/navidrome_navidrome_v0.57.0_v0.58.0/e2e_trial/_gemini-cli_gemini-3-flash_run_002/evaluation/milestone_002/evaluation_result_filtered.json,0.0,0.0,1.0,0.0
e2e,navidrome_navidrome_v0.57.0_v0.58.0,milestone_003_sub-01,_gemini-cli_gemini-3-flash_run_002,SWE-Milestone-log-results/navidrome_navidrome_v0.57.0_v0.58.0/e2e_trial/_gemini-cli_gemini-3-flash_run_002/evaluation/milestone_003_sub-01/evaluation_result_filtered.json,0.0,0.0,0.0036496350364963502,0.0
e2e,navidrome_navidrome_v0.57.0_v0.58.0,milestone_003_sub-02,_gemini-cli_gemini-3-flash_run_002,SWE-Milestone-log-results/navidrome_navidrome_v0.57.0_v0.58.0/e2e_trial/_gemini-cli_gemini-3-flash_run_002/evaluation/milestone_003_sub-02/evaluation_result.json,0.0,0.0,0.000757002271006813,0.0
e2e,navidrome_navidrome_v0.57.0_v0.58.0,milestone_003_sub-03,_gemini-cli_gemini-3-flash_run_002,SWE-Milestone-log-results/navidrome_navidrome_v0.57.0_v0.58.0/e2e_trial/_gemini-cli_gemini-3-flash_run_002/evaluation/milestone_003_sub-03/evaluation_result_filtered.json,0.0,0.0,0.0019455252918287938,0.0
e2e,navidrome_navidrome_v0.57.0_v0.58.0,milestone_003_sub-04,_gemini-cli_gemini-3-flash_run_002,SWE-Milestone-log-results/navidrome_navidrome_v0.57.0_v0.58.0/e2e_trial/_gemini-cli_gemini-3-flash_run_002/evaluation/milestone_003_sub-04/evaluation_result.json,0.0,0.0,0.001098901098901099,0.0
e2e,navidrome_navidrome_v0.57.0_v0.58.0,milestone_004,_gemini-cli_gemini-3-flash_run_002,SWE-Milestone-log-results/navidrome_navidrome_v0.57.0_v0.58.0/e2e_trial/_gemini-cli_gemini-3-flash_run_002/evaluation/milestone_004/evaluation_result.json,0.0,0.0,0.017543859649122806,0.0
e2e,navidrome_navidrome_v0.57.0_v0.58.0,milestone_006,_gemini-cli_gemini-3-flash_run_002,SWE-Milestone-log-results/navidrome_navidrome_v0.57.0_v0.58.0/e2e_trial/_gemini-cli_gemini-3-flash_run_002/evaluation/milestone_006/evaluation_result_filtered.json,0.0,0.6666666666666666,1.0,0.8
e2e,navidrome_navidrome_v0.57.0_v0.58.0,milestone_007,_gemini-cli_gemini-3-flash_run_002,SWE-Milestone-log-results/navidrome_navidrome_v0.57.0_v0.58.0/e2e_trial/_gemini-cli_gemini-3-flash_run_002/evaluation/milestone_007/evaluation_result.json,0.0,0.0,0.025,0.0
e2e,navidrome_navidrome_v0.57.0_v0.58.0,milestone_001,_gemini-cli_gemini-3-pro_run_002,SWE-Milestone-log-results/navidrome_navidrome_v0.57.0_v0.58.0/e2e_trial/_gemini-cli_gemini-3-pro_run_002/evaluation/milestone_001/evaluation_result.json,0.0,0.0,0.005494505494505495,0.0
e2e,navidrome_navidrome_v0.57.0_v0.58.0,milestone_002,_gemini-cli_gemini-3-pro_run_002,SWE-Milestone-log-results/navidrome_navidrome_v0.57.0_v0.58.0/e2e_trial/_gemini-cli_gemini-3-pro_run_002/evaluation/milestone_002/evaluation_result_filtered.json,1.0,1.0,1.0,1.0
e2e,navidrome_navidrome_v0.57.0_v0.58.0,milestone_006,_gemini-cli_gemini-3-pro_run_002,SWE-Milestone-log-results/navidrome_navidrome_v0.57.0_v0.58.0/e2e_trial/_gemini-cli_gemini-3-pro_run_002/evaluation/milestone_006/evaluation_result_filtered.json,0.0,0.6666666666666666,1.0,0.8
e2e,navidrome_navidrome_v0.57.0_v0.58.0,milestone_007,_gemini-cli_gemini-3-pro_run_002,SWE-Milestone-log-results/navidrome_navidrome_v0.57.0_v0.58.0/e2e_trial/_gemini-cli_gemini-3-pro_run_002/evaluation/milestone_007/evaluation_result.json,0.0,0.0,0.025,0.0
e2e,navidrome_navidrome_v0.57.0_v0.58.0,milestone_001,_gemini-cli_gemini-3.1-pro_run_002,SWE-Milestone-log-results/navidrome_navidrome_v0.57.0_v0.58.0/e2e_trial/_gemini-cli_gemini-3.1-pro_run_002/evaluation/milestone_001/evaluation_result.json,0.0,0.0,0.0012804097311139564,0.0
e2e,navidrome_navidrome_v0.57.0_v0.58.0,milestone_002,_gemini-cli_gemini-3.1-pro_run_002,SWE-Milestone-log-results/navidrome_navidrome_v0.57.0_v0.58.0/e2e_trial/_gemini-cli_gemini-3.1-pro_run_002/evaluation/milestone_002/evaluation_result_filtered.json,1.0,1.0,1.0,1.0
e2e,navidrome_navidrome_v0.57.0_v0.58.0,milestone_003_sub-01,_gemini-cli_gemini-3.1-pro_run_002,SWE-Milestone-log-results/navidrome_navidrome_v0.57.0_v0.58.0/e2e_trial/_gemini-cli_gemini-3.1-pro_run_002/evaluation/milestone_003_sub-01/evaluation_result_filtered.json,0.0,0.020942408376963352,0.017482517482517484,0.01905669366364936
e2e,navidrome_navidrome_v0.57.0_v0.58.0,milestone_003_sub-02,_gemini-cli_gemini-3.1-pro_run_002,SWE-Milestone-log-results/navidrome_navidrome_v0.57.0_v0.58.0/e2e_trial/_gemini-cli_gemini-3.1-pro_run_002/evaluation/milestone_003_sub-02/evaluation_result.json,0.0,0.0,0.0007547169811320754,0.0
e2e,navidrome_navidrome_v0.57.0_v0.58.0,milestone_003_sub-03,_gemini-cli_gemini-3.1-pro_run_002,SWE-Milestone-log-results/navidrome_navidrome_v0.57.0_v0.58.0/e2e_trial/_gemini-cli_gemini-3.1-pro_run_002/evaluation/milestone_003_sub-03/evaluation_result_filtered.json,0.0,0.0,0.0019305019305019305,0.0
e2e,navidrome_navidrome_v0.57.0_v0.58.0,milestone_003_sub-04,_gemini-cli_gemini-3.1-pro_run_002,SWE-Milestone-log-results/navidrome_navidrome_v0.57.0_v0.58.0/e2e_trial/_gemini-cli_gemini-3.1-pro_run_002/evaluation/milestone_003_sub-04/evaluation_result.json,0.0,0.1935483870967742,0.020518358531317494,0.037103336045565496
e2e,navidrome_navidrome_v0.57.0_v0.58.0,milestone_004,_gemini-cli_gemini-3.1-pro_run_002,SWE-Milestone-log-results/navidrome_navidrome_v0.57.0_v0.58.0/e2e_trial/_gemini-cli_gemini-3.1-pro_run_002/evaluation/milestone_004/evaluation_result.json,0.0,0.5,0.04225352112676056,0.07792207792207793
e2e,navidrome_navidrome_v0.57.0_v0.58.0,milestone_006,_gemini-cli_gemini-3.1-pro_run_002,SWE-Milestone-log-results/navidrome_navidrome_v0.57.0_v0.58.0/e2e_trial/_gemini-cli_gemini-3.1-pro_run_002/evaluation/milestone_006/evaluation_result_filtered.json,0.0,0.6666666666666666,0.4166666666666667,0.5128205128205129
e2e,navidrome_navidrome_v0.57.0_v0.58.0,milestone_007,_gemini-cli_gemini-3.1-pro_run_002,SWE-Milestone-log-results/navidrome_navidrome_v0.57.0_v0.58.0/e2e_trial/_gemini-cli_gemini-3.1-pro_run_002/evaluation/milestone_007/evaluation_result.json,0.0,0.0,0.02127659574468085,0.0
e2e,navidrome_navidrome_v0.57.0_v0.58.0,milestone_001,_openhands_gemini-3-flash_run_002,SWE-Milestone-log-results/navidrome_navidrome_v0.57.0_v0.58.0/e2e_trial/_openhands_gemini-3-flash_run_002/evaluation/milestone_001/evaluation_result.json,0.0,0.0,0.005376344086021506,0.0
e2e,navidrome_navidrome_v0.57.0_v0.58.0,milestone_002,_openhands_gemini-3-flash_run_002,SWE-Milestone-log-results/navidrome_navidrome_v0.57.0_v0.58.0/e2e_trial/_openhands_gemini-3-flash_run_002/evaluation/milestone_002/evaluation_result_filtered.json,0.0,0.0,1.0,0.0
e2e,navidrome_navidrome_v0.57.0_v0.58.0,milestone_003_sub-01,_openhands_gemini-3-flash_run_002,SWE-Milestone-log-results/navidrome_navidrome_v0.57.0_v0.58.0/e2e_trial/_openhands_gemini-3-flash_run_002/evaluation/milestone_003_sub-01/evaluation_result_filtered.json,0.0,0.020942408376963352,0.01718213058419244,0.018876828692779613
e2e,navidrome_navidrome_v0.57.0_v0.58.0,milestone_003_sub-02,_openhands_gemini-3-flash_run_002,SWE-Milestone-log-results/navidrome_navidrome_v0.57.0_v0.58.0/e2e_trial/_openhands_gemini-3-flash_run_002/evaluation/milestone_003_sub-02/evaluation_result.json,0.0,0.0,0.0007518796992481203,0.0
e2e,navidrome_navidrome_v0.57.0_v0.58.0,milestone_003_sub-03,_openhands_gemini-3-flash_run_002,SWE-Milestone-log-results/navidrome_navidrome_v0.57.0_v0.58.0/e2e_trial/_openhands_gemini-3-flash_run_002/evaluation/milestone_003_sub-03/evaluation_result_filtered.json,0.0,0.0,0.0019646365422396855,0.0
e2e,navidrome_navidrome_v0.57.0_v0.58.0,milestone_003_sub-04,_openhands_gemini-3-flash_run_002,SWE-Milestone-log-results/navidrome_navidrome_v0.57.0_v0.58.0/e2e_trial/_openhands_gemini-3-flash_run_002/evaluation/milestone_003_sub-04/evaluation_result.json,0.0,0.12903225806451613,0.014099783080260303,0.02542165729650452
e2e,navidrome_navidrome_v0.57.0_v0.58.0,milestone_004,_openhands_gemini-3-flash_run_002,SWE-Milestone-log-results/navidrome_navidrome_v0.57.0_v0.58.0/e2e_trial/_openhands_gemini-3-flash_run_002/evaluation/milestone_004/evaluation_result.json,0.0,0.5,0.047619047619047616,0.08695652173913042
e2e,navidrome_navidrome_v0.57.0_v0.58.0,milestone_006,_openhands_gemini-3-flash_run_002,SWE-Milestone-log-results/navidrome_navidrome_v0.57.0_v0.58.0/e2e_trial/_openhands_gemini-3-flash_run_002/evaluation/milestone_006/evaluation_result_filtered.json,1.0,1.0,1.0,1.0
e2e,navidrome_navidrome_v0.57.0_v0.58.0,milestone_007,_openhands_gemini-3-flash_run_002,SWE-Milestone-log-results/navidrome_navidrome_v0.57.0_v0.58.0/e2e_trial/_openhands_gemini-3-flash_run_002/evaluation/milestone_007/evaluation_result.json,0.0,0.0,0.025,0.0
e2e,navidrome_navidrome_v0.57.0_v0.58.0,milestone_001,_openhands_glm-5_run_002,SWE-Milestone-log-results/navidrome_navidrome_v0.57.0_v0.58.0/e2e_trial/_openhands_glm-5_run_002/evaluation/milestone_001/evaluation_result.json,0.0,0.0,0.0053475935828877,0.0
e2e,navidrome_navidrome_v0.57.0_v0.58.0,milestone_002,_openhands_glm-5_run_002,SWE-Milestone-log-results/navidrome_navidrome_v0.57.0_v0.58.0/e2e_trial/_openhands_glm-5_run_002/evaluation/milestone_002/evaluation_result_filtered.json,1.0,1.0,1.0,1.0
e2e,navidrome_navidrome_v0.57.0_v0.58.0,milestone_003_sub-01,_openhands_glm-5_run_002,SWE-Milestone-log-results/navidrome_navidrome_v0.57.0_v0.58.0/e2e_trial/_openhands_glm-5_run_002/evaluation/milestone_003_sub-01/evaluation_result_filtered.json,0.0,0.020942408376963352,0.017921146953405017,0.01931434089811685
e2e,navidrome_navidrome_v0.57.0_v0.58.0,milestone_003_sub-02,_openhands_glm-5_run_002,SWE-Milestone-log-results/navidrome_navidrome_v0.57.0_v0.58.0/e2e_trial/_openhands_glm-5_run_002/evaluation/milestone_003_sub-02/evaluation_result.json,0.0,0.0,0.0007587253414264037,0.0
e2e,navidrome_navidrome_v0.57.0_v0.58.0,milestone_003_sub-03,_openhands_glm-5_run_002,SWE-Milestone-log-results/navidrome_navidrome_v0.57.0_v0.58.0/e2e_trial/_openhands_glm-5_run_002/evaluation/milestone_003_sub-03/evaluation_result_filtered.json,0.0,0.0,0.0019569471624266144,0.0
e2e,navidrome_navidrome_v0.57.0_v0.58.0,milestone_003_sub-04,_openhands_glm-5_run_002,SWE-Milestone-log-results/navidrome_navidrome_v0.57.0_v0.58.0/e2e_trial/_openhands_glm-5_run_002/evaluation/milestone_003_sub-04/evaluation_result.json,0.0,0.16129032258064516,0.017278617710583154,0.03121342177136169
e2e,navidrome_navidrome_v0.57.0_v0.58.0,milestone_004,_openhands_glm-5_run_002,SWE-Milestone-log-results/navidrome_navidrome_v0.57.0_v0.58.0/e2e_trial/_openhands_glm-5_run_002/evaluation/milestone_004/evaluation_result.json,0.0,0.5,0.03896103896103896,0.07228915662650602
e2e,navidrome_navidrome_v0.57.0_v0.58.0,milestone_006,_openhands_glm-5_run_002,SWE-Milestone-log-results/navidrome_navidrome_v0.57.0_v0.58.0/e2e_trial/_openhands_glm-5_run_002/evaluation/milestone_006/evaluation_result_filtered.json,0.0,0.6666666666666666,0.8333333333333334,0.7407407407407408
e2e,navidrome_navidrome_v0.57.0_v0.58.0,milestone_007,_openhands_glm-5_run_002,SWE-Milestone-log-results/navidrome_navidrome_v0.57.0_v0.58.0/e2e_trial/_openhands_glm-5_run_002/evaluation/milestone_007/evaluation_result.json,0.0,0.0,0.024390243902439025,0.0
e2e,navidrome_navidrome_v0.57.0_v0.58.0,milestone_001,_openhands_gpt-5.3-codex_run_002,SWE-Milestone-log-results/navidrome_navidrome_v0.57.0_v0.58.0/e2e_trial/_openhands_gpt-5.3-codex_run_002/evaluation/milestone_001/evaluation_result.json,0.0,0.9587628865979382,0.7175572519083969,0.8208065349044645
e2e,navidrome_navidrome_v0.57.0_v0.58.0,milestone_002,_openhands_gpt-5.3-codex_run_002,SWE-Milestone-log-results/navidrome_navidrome_v0.57.0_v0.58.0/e2e_trial/_openhands_gpt-5.3-codex_run_002/evaluation/milestone_002/evaluation_result_filtered.json,1.0,1.0,1.0,1.0
e2e,navidrome_navidrome_v0.57.0_v0.58.0,milestone_003_sub-01,_openhands_gpt-5.3-codex_run_002,SWE-Milestone-log-results/navidrome_navidrome_v0.57.0_v0.58.0/e2e_trial/_openhands_gpt-5.3-codex_run_002/evaluation/milestone_003_sub-01/evaluation_result_filtered.json,0.0,0.0,0.003676470588235294,0.0
e2e,navidrome_navidrome_v0.57.0_v0.58.0,milestone_003_sub-02,_openhands_gpt-5.3-codex_run_002,SWE-Milestone-log-results/navidrome_navidrome_v0.57.0_v0.58.0/e2e_trial/_openhands_gpt-5.3-codex_run_002/evaluation/milestone_003_sub-02/evaluation_result.json,0.0,0.0,0.000758150113722517,0.0
e2e,navidrome_navidrome_v0.57.0_v0.58.0,milestone_003_sub-03,_openhands_gpt-5.3-codex_run_002,SWE-Milestone-log-results/navidrome_navidrome_v0.57.0_v0.58.0/e2e_trial/_openhands_gpt-5.3-codex_run_002/evaluation/milestone_003_sub-03/evaluation_result_filtered.json,0.0,0.0,0.001953125,0.0
e2e,navidrome_navidrome_v0.57.0_v0.58.0,milestone_003_sub-04,_openhands_gpt-5.3-codex_run_002,SWE-Milestone-log-results/navidrome_navidrome_v0.57.0_v0.58.0/e2e_trial/_openhands_gpt-5.3-codex_run_002/evaluation/milestone_003_sub-04/evaluation_result.json,0.0,0.1935483870967742,0.02043010752688172,0.0369589884908413
e2e,navidrome_navidrome_v0.57.0_v0.58.0,milestone_004,_openhands_gpt-5.3-codex_run_002,SWE-Milestone-log-results/navidrome_navidrome_v0.57.0_v0.58.0/e2e_trial/_openhands_gpt-5.3-codex_run_002/evaluation/milestone_004/evaluation_result.json,0.0,0.0,0.001949317738791423,0.0
e2e,navidrome_navidrome_v0.57.0_v0.58.0,milestone_006,_openhands_gpt-5.3-codex_run_002,SWE-Milestone-log-results/navidrome_navidrome_v0.57.0_v0.58.0/e2e_trial/_openhands_gpt-5.3-codex_run_002/evaluation/milestone_006/evaluation_result_filtered.json,1.0,1.0,1.0,1.0
e2e,navidrome_navidrome_v0.57.0_v0.58.0,milestone_007,_openhands_gpt-5.3-codex_run_002,SWE-Milestone-log-results/navidrome_navidrome_v0.57.0_v0.58.0/e2e_trial/_openhands_gpt-5.3-codex_run_002/evaluation/milestone_007/evaluation_result.json,0.0,0.0,0.025,0.0
e2e,navidrome_navidrome_v0.57.0_v0.58.0,milestone_001,_openhands_kimi-k2.5_run_002,SWE-Milestone-log-results/navidrome_navidrome_v0.57.0_v0.58.0/e2e_trial/_openhands_kimi-k2.5_run_002/evaluation/milestone_001/evaluation_result.json,0.0,0.0,0.005494505494505495,0.0
e2e,navidrome_navidrome_v0.57.0_v0.58.0,milestone_002,_openhands_kimi-k2.5_run_002,SWE-Milestone-log-results/navidrome_navidrome_v0.57.0_v0.58.0/e2e_trial/_openhands_kimi-k2.5_run_002/evaluation/milestone_002/evaluation_result.json,0.0,0.0,1.0,0.0
e2e,navidrome_navidrome_v0.57.0_v0.58.0,milestone_003_sub-01,_openhands_kimi-k2.5_run_002,SWE-Milestone-log-results/navidrome_navidrome_v0.57.0_v0.58.0/e2e_trial/_openhands_kimi-k2.5_run_002/evaluation/milestone_003_sub-01/evaluation_result_filtered.json,0.0,0.020942408376963352,0.018115942028985508,0.01942690626517727
e2e,navidrome_navidrome_v0.57.0_v0.58.0,milestone_003_sub-02,_openhands_kimi-k2.5_run_002,SWE-Milestone-log-results/navidrome_navidrome_v0.57.0_v0.58.0/e2e_trial/_openhands_kimi-k2.5_run_002/evaluation/milestone_003_sub-02/evaluation_result.json,0.0,0.0,0.0007604562737642585,0.0
e2e,navidrome_navidrome_v0.57.0_v0.58.0,milestone_003_sub-03,_openhands_kimi-k2.5_run_002,SWE-Milestone-log-results/navidrome_navidrome_v0.57.0_v0.58.0/e2e_trial/_openhands_kimi-k2.5_run_002/evaluation/milestone_003_sub-03/evaluation_result_filtered.json,0.0,0.0,0.001968503937007874,0.0
e2e,navidrome_navidrome_v0.57.0_v0.58.0,milestone_003_sub-04,_openhands_kimi-k2.5_run_002,SWE-Milestone-log-results/navidrome_navidrome_v0.57.0_v0.58.0/e2e_trial/_openhands_kimi-k2.5_run_002/evaluation/milestone_003_sub-04/evaluation_result.json,0.0,0.1935483870967742,0.020518358531317494,0.037103336045565496
e2e,navidrome_navidrome_v0.57.0_v0.58.0,milestone_004,_openhands_kimi-k2.5_run_002,SWE-Milestone-log-results/navidrome_navidrome_v0.57.0_v0.58.0/e2e_trial/_openhands_kimi-k2.5_run_002/evaluation/milestone_004/evaluation_result.json,0.0,0.0,0.001851851851851852,0.0
e2e,navidrome_navidrome_v0.57.0_v0.58.0,milestone_006,_openhands_kimi-k2.5_run_002,SWE-Milestone-log-results/navidrome_navidrome_v0.57.0_v0.58.0/e2e_trial/_openhands_kimi-k2.5_run_002/evaluation/milestone_006/evaluation_result_filtered.json,1.0,1.0,1.0,1.0
e2e,navidrome_navidrome_v0.57.0_v0.58.0,milestone_007,_openhands_kimi-k2.5_run_002,SWE-Milestone-log-results/navidrome_navidrome_v0.57.0_v0.58.0/e2e_trial/_openhands_kimi-k2.5_run_002/evaluation/milestone_007/evaluation_result.json,0.0,0.0,0.025,0.0
e2e,navidrome_navidrome_v0.57.0_v0.58.0,milestone_001,_openhands_kimi-k2.6_run_002,SWE-Milestone-log-results/navidrome_navidrome_v0.57.0_v0.58.0/e2e_trial/_openhands_kimi-k2.6_run_002/evaluation/milestone_001/evaluation_result.json,0.0,0.0,0.005376344086021506,0.0
e2e,navidrome_navidrome_v0.57.0_v0.58.0,milestone_002,_openhands_kimi-k2.6_run_002,SWE-Milestone-log-results/navidrome_navidrome_v0.57.0_v0.58.0/e2e_trial/_openhands_kimi-k2.6_run_002/evaluation/milestone_002/evaluation_result_filtered.json,0.0,0.0,1.0,0.0
e2e,navidrome_navidrome_v0.57.0_v0.58.0,milestone_003_sub-01,_openhands_kimi-k2.6_run_002,SWE-Milestone-log-results/navidrome_navidrome_v0.57.0_v0.58.0/e2e_trial/_openhands_kimi-k2.6_run_002/evaluation/milestone_003_sub-01/evaluation_result_filtered.json,0.0,0.0,0.003676470588235294,0.0
e2e,navidrome_navidrome_v0.57.0_v0.58.0,milestone_003_sub-02,_openhands_kimi-k2.6_run_002,SWE-Milestone-log-results/navidrome_navidrome_v0.57.0_v0.58.0/e2e_trial/_openhands_kimi-k2.6_run_002/evaluation/milestone_003_sub-02/evaluation_result.json,0.0,0.0,0.000758150113722517,0.0
e2e,navidrome_navidrome_v0.57.0_v0.58.0,milestone_003_sub-03,_openhands_kimi-k2.6_run_002,SWE-Milestone-log-results/navidrome_navidrome_v0.57.0_v0.58.0/e2e_trial/_openhands_kimi-k2.6_run_002/evaluation/milestone_003_sub-03/evaluation_result_filtered.json,0.0,0.0,0.001953125,0.0
e2e,navidrome_navidrome_v0.57.0_v0.58.0,milestone_003_sub-04,_openhands_kimi-k2.6_run_002,SWE-Milestone-log-results/navidrome_navidrome_v0.57.0_v0.58.0/e2e_trial/_openhands_kimi-k2.6_run_002/evaluation/milestone_003_sub-04/evaluation_result.json,0.0,0.1935483870967742,0.02040816326530612,0.03692307692307692
e2e,navidrome_navidrome_v0.57.0_v0.58.0,milestone_004,_openhands_kimi-k2.6_run_002,SWE-Milestone-log-results/navidrome_navidrome_v0.57.0_v0.58.0/e2e_trial/_openhands_kimi-k2.6_run_002/evaluation/milestone_004/evaluation_result.json,0.0,0.0,0.0020161290322580645,0.0
e2e,navidrome_navidrome_v0.57.0_v0.58.0,milestone_006,_openhands_kimi-k2.6_run_002,SWE-Milestone-log-results/navidrome_navidrome_v0.57.0_v0.58.0/e2e_trial/_openhands_kimi-k2.6_run_002/evaluation/milestone_006/evaluation_result_filtered.json,1.0,1.0,1.0,1.0
e2e,navidrome_navidrome_v0.57.0_v0.58.0,milestone_007,_openhands_kimi-k2.6_run_002,SWE-Milestone-log-results/navidrome_navidrome_v0.57.0_v0.58.0/e2e_trial/_openhands_kimi-k2.6_run_002/evaluation/milestone_007/evaluation_result.json,0.0,0.0,0.025,0.0
e2e,navidrome_navidrome_v0.57.0_v0.58.0,milestone_001,_openhands_minimax-m2.5_run_002,SWE-Milestone-log-results/navidrome_navidrome_v0.57.0_v0.58.0/e2e_trial/_openhands_minimax-m2.5_run_002/evaluation/milestone_001/evaluation_result.json,0.0,0.0,0.006756756756756757,0.0
e2e,navidrome_navidrome_v0.57.0_v0.58.0,milestone_002,_openhands_minimax-m2.5_run_002,SWE-Milestone-log-results/navidrome_navidrome_v0.57.0_v0.58.0/e2e_trial/_openhands_minimax-m2.5_run_002/evaluation/milestone_002/evaluation_result_filtered.json,0.0,0.0,0.5,0.0
e2e,navidrome_navidrome_v0.57.0_v0.58.0,milestone_003_sub-01,_openhands_minimax-m2.5_run_002,SWE-Milestone-log-results/navidrome_navidrome_v0.57.0_v0.58.0/e2e_trial/_openhands_minimax-m2.5_run_002/evaluation/milestone_003_sub-01/evaluation_result_filtered.json,0.0,0.0,0.0036363636363636364,0.0
e2e,navidrome_navidrome_v0.57.0_v0.58.0,milestone_003_sub-02,_openhands_minimax-m2.5_run_002,SWE-Milestone-log-results/navidrome_navidrome_v0.57.0_v0.58.0/e2e_trial/_openhands_minimax-m2.5_run_002/evaluation/milestone_003_sub-02/evaluation_result.json,0.0,0.0,0.0007587253414264037,0.0
e2e,navidrome_navidrome_v0.57.0_v0.58.0,milestone_003_sub-03,_openhands_minimax-m2.5_run_002,SWE-Milestone-log-results/navidrome_navidrome_v0.57.0_v0.58.0/e2e_trial/_openhands_minimax-m2.5_run_002/evaluation/milestone_003_sub-03/evaluation_result_filtered.json,0.0,0.0,0.0019569471624266144,0.0
e2e,navidrome_navidrome_v0.57.0_v0.58.0,milestone_003_sub-04,_openhands_minimax-m2.5_run_002,SWE-Milestone-log-results/navidrome_navidrome_v0.57.0_v0.58.0/e2e_trial/_openhands_minimax-m2.5_run_002/evaluation/milestone_003_sub-04/evaluation_result.json,0.0,0.22580645161290322,0.023605150214592276,0.04274215931168471
e2e,navidrome_navidrome_v0.57.0_v0.58.0,milestone_004,_openhands_minimax-m2.5_run_002,SWE-Milestone-log-results/navidrome_navidrome_v0.57.0_v0.58.0/e2e_trial/_openhands_minimax-m2.5_run_002/evaluation/milestone_004/evaluation_result.json,0.0,0.0,0.007575757575757576,0.0
e2e,navidrome_navidrome_v0.57.0_v0.58.0,milestone_006,_openhands_minimax-m2.5_run_002,SWE-Milestone-log-results/navidrome_navidrome_v0.57.0_v0.58.0/e2e_trial/_openhands_minimax-m2.5_run_002/evaluation/milestone_006/evaluation_result_filtered.json,0.0,0.6666666666666666,0.8333333333333334,0.7407407407407408
e2e,navidrome_navidrome_v0.57.0_v0.58.0,milestone_007,_openhands_minimax-m2.5_run_002,SWE-Milestone-log-results/navidrome_navidrome_v0.57.0_v0.58.0/e2e_trial/_openhands_minimax-m2.5_run_002/evaluation/milestone_007/evaluation_result.json,0.0,0.7777777777777778,0.7272727272727273,0.7516778523489932
e2e,navidrome_navidrome_v0.57.0_v0.58.0,milestone_001,_openhands_opus-4.6_run_002,SWE-Milestone-log-results/navidrome_navidrome_v0.57.0_v0.58.0/e2e_trial/_openhands_opus-4.6_run_002/evaluation/milestone_001/evaluation_result.json,0.0,0.0,0.005494505494505495,0.0
e2e,navidrome_navidrome_v0.57.0_v0.58.0,milestone_002,_openhands_opus-4.6_run_002,SWE-Milestone-log-results/navidrome_navidrome_v0.57.0_v0.58.0/e2e_trial/_openhands_opus-4.6_run_002/evaluation/milestone_002/evaluation_result_filtered.json,1.0,1.0,1.0,1.0
e2e,navidrome_navidrome_v0.57.0_v0.58.0,milestone_003_sub-01,_openhands_opus-4.6_run_002,SWE-Milestone-log-results/navidrome_navidrome_v0.57.0_v0.58.0/e2e_trial/_openhands_opus-4.6_run_002/evaluation/milestone_003_sub-01/evaluation_result_filtered.json,0.0,0.020942408376963352,0.018115942028985508,0.01942690626517727
e2e,navidrome_navidrome_v0.57.0_v0.58.0,milestone_003_sub-02,_openhands_opus-4.6_run_002,SWE-Milestone-log-results/navidrome_navidrome_v0.57.0_v0.58.0/e2e_trial/_openhands_opus-4.6_run_002/evaluation/milestone_003_sub-02/evaluation_result.json,0.0,0.0,0.0007604562737642585,0.0
e2e,navidrome_navidrome_v0.57.0_v0.58.0,milestone_003_sub-03,_openhands_opus-4.6_run_002,SWE-Milestone-log-results/navidrome_navidrome_v0.57.0_v0.58.0/e2e_trial/_openhands_opus-4.6_run_002/evaluation/milestone_003_sub-03/evaluation_result_filtered.json,0.0,0.0,0.001968503937007874,0.0
e2e,navidrome_navidrome_v0.57.0_v0.58.0,milestone_003_sub-04,_openhands_opus-4.6_run_002,SWE-Milestone-log-results/navidrome_navidrome_v0.57.0_v0.58.0/e2e_trial/_openhands_opus-4.6_run_002/evaluation/milestone_003_sub-04/evaluation_result.json,0.0,0.1935483870967742,0.020518358531317494,0.037103336045565496
e2e,navidrome_navidrome_v0.57.0_v0.58.0,milestone_004,_openhands_opus-4.6_run_002,SWE-Milestone-log-results/navidrome_navidrome_v0.57.0_v0.58.0/e2e_trial/_openhands_opus-4.6_run_002/evaluation/milestone_004/evaluation_result.json,0.0,1.0,0.11363636363636363,0.20408163265306123
e2e,navidrome_navidrome_v0.57.0_v0.58.0,milestone_006,_openhands_opus-4.6_run_002,SWE-Milestone-log-results/navidrome_navidrome_v0.57.0_v0.58.0/e2e_trial/_openhands_opus-4.6_run_002/evaluation/milestone_006/evaluation_result_filtered.json,1.0,1.0,1.0,1.0
e2e,navidrome_navidrome_v0.57.0_v0.58.0,milestone_007,_openhands_opus-4.6_run_002,SWE-Milestone-log-results/navidrome_navidrome_v0.57.0_v0.58.0/e2e_trial/_openhands_opus-4.6_run_002/evaluation/milestone_007/evaluation_result.json,0.0,0.0,0.025,0.0
independent,nushell_nushell_0.106.0_0.108.0,milestone_G01_48bca0a,_claude-code_opus-4.5_run_001,SWE-Milestone-log-results/nushell_nushell_0.106.0_0.108.0/mstone_trial/_claude-code_opus-4.5_run_001/milestone_G01_48bca0a/evaluation/evaluation_result.json,0.0,1.0,0.14285714285714285,0.25
independent,nushell_nushell_0.106.0_0.108.0,milestone_G02_a647707,_claude-code_opus-4.5_run_001,SWE-Milestone-log-results/nushell_nushell_0.106.0_0.108.0/mstone_trial/_claude-code_opus-4.5_run_001/milestone_G02_a647707/evaluation/evaluation_result.json,1.0,1.0,1.0,1.0
independent,nushell_nushell_0.106.0_0.108.0,milestone_G02_da9615f,_claude-code_opus-4.5_run_001,SWE-Milestone-log-results/nushell_nushell_0.106.0_0.108.0/mstone_trial/_claude-code_opus-4.5_run_001/milestone_G02_da9615f/evaluation/evaluation_result.json,1.0,1.0,1.0,1.0
independent,nushell_nushell_0.106.0_0.108.0,milestone_G04_1ddae02,_claude-code_opus-4.5_run_001,SWE-Milestone-log-results/nushell_nushell_0.106.0_0.108.0/mstone_trial/_claude-code_opus-4.5_run_001/milestone_G04_1ddae02/evaluation/evaluation_result.json,1.0,1.0,1.0,1.0
independent,nushell_nushell_0.106.0_0.108.0,milestone_G04_ca0e961,_claude-code_opus-4.5_run_001,SWE-Milestone-log-results/nushell_nushell_0.106.0_0.108.0/mstone_trial/_claude-code_opus-4.5_run_001/milestone_G04_ca0e961/evaluation/evaluation_result.json,1.0,1.0,1.0,1.0
independent,nushell_nushell_0.106.0_0.108.0,milestone_G05_0b8531e,_claude-code_opus-4.5_run_001,SWE-Milestone-log-results/nushell_nushell_0.106.0_0.108.0/mstone_trial/_claude-code_opus-4.5_run_001/milestone_G05_0b8531e/evaluation/evaluation_result.json,1.0,1.0,1.0,1.0
independent,nushell_nushell_0.106.0_0.108.0,milestone_G05_be6e868,_claude-code_opus-4.5_run_001,SWE-Milestone-log-results/nushell_nushell_0.106.0_0.108.0/mstone_trial/_claude-code_opus-4.5_run_001/milestone_G05_be6e868/evaluation/evaluation_result.json,1.0,1.0,1.0,1.0
independent,nushell_nushell_0.106.0_0.108.0,milestone_M02_parser,_claude-code_opus-4.5_run_001,SWE-Milestone-log-results/nushell_nushell_0.106.0_0.108.0/mstone_trial/_claude-code_opus-4.5_run_001/milestone_M02_parser/evaluation/evaluation_result.json,0.0,0.8333333333333334,1.0,0.9090909090909091
independent,nushell_nushell_0.106.0_0.108.0,milestone_M08_docs,_claude-code_opus-4.5_run_001,SWE-Milestone-log-results/nushell_nushell_0.106.0_0.108.0/mstone_trial/_claude-code_opus-4.5_run_001/milestone_M08_docs/evaluation/evaluation_result.json,0.0,0.6666666666666666,1.0,0.8
independent,nushell_nushell_0.106.0_0.108.0,milestone_core_development.1,_claude-code_opus-4.5_run_001,SWE-Milestone-log-results/nushell_nushell_0.106.0_0.108.0/mstone_trial/_claude-code_opus-4.5_run_001/milestone_core_development.1/evaluation/evaluation_result.json,0.0,0.0,0.0,0.0
independent,nushell_nushell_0.106.0_0.108.0,milestone_core_development.2,_claude-code_opus-4.5_run_001,SWE-Milestone-log-results/nushell_nushell_0.106.0_0.108.0/mstone_trial/_claude-code_opus-4.5_run_001/milestone_core_development.2/evaluation/evaluation_result.json,1.0,1.0,1.0,1.0
independent,nushell_nushell_0.106.0_0.108.0,milestone_core_development.3,_claude-code_opus-4.5_run_001,SWE-Milestone-log-results/nushell_nushell_0.106.0_0.108.0/mstone_trial/_claude-code_opus-4.5_run_001/milestone_core_development.3/evaluation/evaluation_result.json,0.0,0.7857142857142857,0.8571428571428571,0.8198757763975155
independent,nushell_nushell_0.106.0_0.108.0,milestone_core_development.4,_claude-code_opus-4.5_run_001,SWE-Milestone-log-results/nushell_nushell_0.106.0_0.108.0/mstone_trial/_claude-code_opus-4.5_run_001/milestone_core_development.4/evaluation/evaluation_result.json,0.0,0.0,0.0,0.0
independent,nushell_nushell_0.106.0_0.108.0,milestone_G01_48bca0a,_claude-code_opus-4.6_run_001,SWE-Milestone-log-results/nushell_nushell_0.106.0_0.108.0/mstone_trial/_claude-code_opus-4.6_run_001/milestone_G01_48bca0a/evaluation/evaluation_result.json,0.0,1.0,0.14285714285714285,0.25
independent,nushell_nushell_0.106.0_0.108.0,milestone_G02_a647707,_claude-code_opus-4.6_run_001,SWE-Milestone-log-results/nushell_nushell_0.106.0_0.108.0/mstone_trial/_claude-code_opus-4.6_run_001/milestone_G02_a647707/evaluation/evaluation_result.json,1.0,1.0,1.0,1.0
independent,nushell_nushell_0.106.0_0.108.0,milestone_G02_da9615f,_claude-code_opus-4.6_run_001,SWE-Milestone-log-results/nushell_nushell_0.106.0_0.108.0/mstone_trial/_claude-code_opus-4.6_run_001/milestone_G02_da9615f/evaluation/evaluation_result.json,1.0,1.0,1.0,1.0
independent,nushell_nushell_0.106.0_0.108.0,milestone_G04_1ddae02,_claude-code_opus-4.6_run_001,SWE-Milestone-log-results/nushell_nushell_0.106.0_0.108.0/mstone_trial/_claude-code_opus-4.6_run_001/milestone_G04_1ddae02/evaluation/evaluation_result.json,1.0,1.0,1.0,1.0
independent,nushell_nushell_0.106.0_0.108.0,milestone_G04_ca0e961,_claude-code_opus-4.6_run_001,SWE-Milestone-log-results/nushell_nushell_0.106.0_0.108.0/mstone_trial/_claude-code_opus-4.6_run_001/milestone_G04_ca0e961/evaluation/evaluation_result.json,1.0,1.0,1.0,1.0
independent,nushell_nushell_0.106.0_0.108.0,milestone_G05_0b8531e,_claude-code_opus-4.6_run_001,SWE-Milestone-log-results/nushell_nushell_0.106.0_0.108.0/mstone_trial/_claude-code_opus-4.6_run_001/milestone_G05_0b8531e/evaluation/evaluation_result.json,1.0,1.0,1.0,1.0
independent,nushell_nushell_0.106.0_0.108.0,milestone_G05_be6e868,_claude-code_opus-4.6_run_001,SWE-Milestone-log-results/nushell_nushell_0.106.0_0.108.0/mstone_trial/_claude-code_opus-4.6_run_001/milestone_G05_be6e868/evaluation/evaluation_result.json,1.0,1.0,1.0,1.0
independent,nushell_nushell_0.106.0_0.108.0,milestone_M02_parser,_claude-code_opus-4.6_run_001,SWE-Milestone-log-results/nushell_nushell_0.106.0_0.108.0/mstone_trial/_claude-code_opus-4.6_run_001/milestone_M02_parser/evaluation/evaluation_result.json,0.0,0.8333333333333334,1.0,0.9090909090909091
independent,nushell_nushell_0.106.0_0.108.0,milestone_M08_docs,_claude-code_opus-4.6_run_001,SWE-Milestone-log-results/nushell_nushell_0.106.0_0.108.0/mstone_trial/_claude-code_opus-4.6_run_001/milestone_M08_docs/evaluation/evaluation_result.json,1.0,1.0,1.0,1.0
independent,nushell_nushell_0.106.0_0.108.0,milestone_core_development.1,_claude-code_opus-4.6_run_001,SWE-Milestone-log-results/nushell_nushell_0.106.0_0.108.0/mstone_trial/_claude-code_opus-4.6_run_001/milestone_core_development.1/evaluation/evaluation_result.json,0.0,0.0,0.0,0.0
independent,nushell_nushell_0.106.0_0.108.0,milestone_core_development.2,_claude-code_opus-4.6_run_001,SWE-Milestone-log-results/nushell_nushell_0.106.0_0.108.0/mstone_trial/_claude-code_opus-4.6_run_001/milestone_core_development.2/evaluation/evaluation_result.json,1.0,1.0,1.0,1.0
independent,nushell_nushell_0.106.0_0.108.0,milestone_core_development.3,_claude-code_opus-4.6_run_001,SWE-Milestone-log-results/nushell_nushell_0.106.0_0.108.0/mstone_trial/_claude-code_opus-4.6_run_001/milestone_core_development.3/evaluation/evaluation_result.json,0.0,0.9285714285714286,1.0,0.962962962962963
independent,nushell_nushell_0.106.0_0.108.0,milestone_core_development.4,_claude-code_opus-4.6_run_001,SWE-Milestone-log-results/nushell_nushell_0.106.0_0.108.0/mstone_trial/_claude-code_opus-4.6_run_001/milestone_core_development.4/evaluation/evaluation_result.json,0.0,0.0,0.0,0.0
independent,nushell_nushell_0.106.0_0.108.0,milestone_G01_48bca0a,_claude-code_sonnet-4.5_run_001,SWE-Milestone-log-results/nushell_nushell_0.106.0_0.108.0/mstone_trial/_claude-code_sonnet-4.5_run_001/milestone_G01_48bca0a/evaluation/evaluation_result.json,0.0,1.0,0.14285714285714285,0.25
independent,nushell_nushell_0.106.0_0.108.0,milestone_G02_a647707,_claude-code_sonnet-4.5_run_001,SWE-Milestone-log-results/nushell_nushell_0.106.0_0.108.0/mstone_trial/_claude-code_sonnet-4.5_run_001/milestone_G02_a647707/evaluation/evaluation_result.json,1.0,1.0,1.0,1.0
independent,nushell_nushell_0.106.0_0.108.0,milestone_G02_da9615f,_claude-code_sonnet-4.5_run_001,SWE-Milestone-log-results/nushell_nushell_0.106.0_0.108.0/mstone_trial/_claude-code_sonnet-4.5_run_001/milestone_G02_da9615f/evaluation/evaluation_result.json,1.0,1.0,1.0,1.0
independent,nushell_nushell_0.106.0_0.108.0,milestone_G04_1ddae02,_claude-code_sonnet-4.5_run_001,SWE-Milestone-log-results/nushell_nushell_0.106.0_0.108.0/mstone_trial/_claude-code_sonnet-4.5_run_001/milestone_G04_1ddae02/evaluation/evaluation_result.json,1.0,1.0,1.0,1.0
independent,nushell_nushell_0.106.0_0.108.0,milestone_G04_ca0e961,_claude-code_sonnet-4.5_run_001,SWE-Milestone-log-results/nushell_nushell_0.106.0_0.108.0/mstone_trial/_claude-code_sonnet-4.5_run_001/milestone_G04_ca0e961/evaluation/evaluation_result.json,0.0,0.9090909090909091,1.0,0.9523809523809523
independent,nushell_nushell_0.106.0_0.108.0,milestone_G05_0b8531e,_claude-code_sonnet-4.5_run_001,SWE-Milestone-log-results/nushell_nushell_0.106.0_0.108.0/mstone_trial/_claude-code_sonnet-4.5_run_001/milestone_G05_0b8531e/evaluation/evaluation_result.json,1.0,1.0,1.0,1.0
independent,nushell_nushell_0.106.0_0.108.0,milestone_G05_be6e868,_claude-code_sonnet-4.5_run_001,SWE-Milestone-log-results/nushell_nushell_0.106.0_0.108.0/mstone_trial/_claude-code_sonnet-4.5_run_001/milestone_G05_be6e868/evaluation/evaluation_result.json,1.0,1.0,1.0,1.0
independent,nushell_nushell_0.106.0_0.108.0,milestone_M02_parser,_claude-code_sonnet-4.5_run_001,SWE-Milestone-log-results/nushell_nushell_0.106.0_0.108.0/mstone_trial/_claude-code_sonnet-4.5_run_001/milestone_M02_parser/evaluation/evaluation_result.json,0.0,0.0,0.0,0.0
independent,nushell_nushell_0.106.0_0.108.0,milestone_M08_docs,_claude-code_sonnet-4.5_run_001,SWE-Milestone-log-results/nushell_nushell_0.106.0_0.108.0/mstone_trial/_claude-code_sonnet-4.5_run_001/milestone_M08_docs/evaluation/evaluation_result.json,0.0,0.6666666666666666,1.0,0.8
independent,nushell_nushell_0.106.0_0.108.0,milestone_core_development.1,_claude-code_sonnet-4.5_run_001,SWE-Milestone-log-results/nushell_nushell_0.106.0_0.108.0/mstone_trial/_claude-code_sonnet-4.5_run_001/milestone_core_development.1/evaluation/evaluation_result.json,0.0,0.0,0.0,0.0
independent,nushell_nushell_0.106.0_0.108.0,milestone_core_development.2,_claude-code_sonnet-4.5_run_001,SWE-Milestone-log-results/nushell_nushell_0.106.0_0.108.0/mstone_trial/_claude-code_sonnet-4.5_run_001/milestone_core_development.2/evaluation/evaluation_result.json,0.0,0.0,0.0,0.0
independent,nushell_nushell_0.106.0_0.108.0,milestone_core_development.3,_claude-code_sonnet-4.5_run_001,SWE-Milestone-log-results/nushell_nushell_0.106.0_0.108.0/mstone_trial/_claude-code_sonnet-4.5_run_001/milestone_core_development.3/evaluation/evaluation_result.json,0.0,0.0,0.0,0.0
independent,nushell_nushell_0.106.0_0.108.0,milestone_core_development.4,_claude-code_sonnet-4.5_run_001,SWE-Milestone-log-results/nushell_nushell_0.106.0_0.108.0/mstone_trial/_claude-code_sonnet-4.5_run_001/milestone_core_development.4/evaluation/evaluation_result.json,0.0,0.0,0.0,0.0
independent,nushell_nushell_0.106.0_0.108.0,milestone_G01_48bca0a,_claude-code_sonnet-4.6_run_002,SWE-Milestone-log-results/nushell_nushell_0.106.0_0.108.0/mstone_trial/_claude-code_sonnet-4.6_run_002/milestone_G01_48bca0a/evaluation/evaluation_result.json,0.0,1.0,0.17647058823529413,0.3
independent,nushell_nushell_0.106.0_0.108.0,milestone_G02_a647707,_claude-code_sonnet-4.6_run_002,SWE-Milestone-log-results/nushell_nushell_0.106.0_0.108.0/mstone_trial/_claude-code_sonnet-4.6_run_002/milestone_G02_a647707/evaluation/evaluation_result.json,1.0,1.0,1.0,1.0
independent,nushell_nushell_0.106.0_0.108.0,milestone_G02_da9615f,_claude-code_sonnet-4.6_run_002,SWE-Milestone-log-results/nushell_nushell_0.106.0_0.108.0/mstone_trial/_claude-code_sonnet-4.6_run_002/milestone_G02_da9615f/evaluation/evaluation_result.json,1.0,1.0,1.0,1.0
independent,nushell_nushell_0.106.0_0.108.0,milestone_G04_1ddae02,_claude-code_sonnet-4.6_run_002,SWE-Milestone-log-results/nushell_nushell_0.106.0_0.108.0/mstone_trial/_claude-code_sonnet-4.6_run_002/milestone_G04_1ddae02/evaluation/evaluation_result.json,1.0,1.0,1.0,1.0
independent,nushell_nushell_0.106.0_0.108.0,milestone_G04_ca0e961,_claude-code_sonnet-4.6_run_002,SWE-Milestone-log-results/nushell_nushell_0.106.0_0.108.0/mstone_trial/_claude-code_sonnet-4.6_run_002/milestone_G04_ca0e961/evaluation/evaluation_result.json,1.0,1.0,1.0,1.0
independent,nushell_nushell_0.106.0_0.108.0,milestone_G05_0b8531e,_claude-code_sonnet-4.6_run_002,SWE-Milestone-log-results/nushell_nushell_0.106.0_0.108.0/mstone_trial/_claude-code_sonnet-4.6_run_002/milestone_G05_0b8531e/evaluation/evaluation_result.json,1.0,1.0,1.0,1.0
independent,nushell_nushell_0.106.0_0.108.0,milestone_G05_be6e868,_claude-code_sonnet-4.6_run_002,SWE-Milestone-log-results/nushell_nushell_0.106.0_0.108.0/mstone_trial/_claude-code_sonnet-4.6_run_002/milestone_G05_be6e868/evaluation/evaluation_result.json,1.0,1.0,1.0,1.0
independent,nushell_nushell_0.106.0_0.108.0,milestone_M02_parser,_claude-code_sonnet-4.6_run_002,SWE-Milestone-log-results/nushell_nushell_0.106.0_0.108.0/mstone_trial/_claude-code_sonnet-4.6_run_002/milestone_M02_parser/evaluation/evaluation_result.json,0.0,0.8333333333333334,1.0,0.9090909090909091
independent,nushell_nushell_0.106.0_0.108.0,milestone_M08_docs,_claude-code_sonnet-4.6_run_002,SWE-Milestone-log-results/nushell_nushell_0.106.0_0.108.0/mstone_trial/_claude-code_sonnet-4.6_run_002/milestone_M08_docs/evaluation/evaluation_result.json,1.0,1.0,1.0,1.0
independent,nushell_nushell_0.106.0_0.108.0,milestone_core_development.1,_claude-code_sonnet-4.6_run_002,SWE-Milestone-log-results/nushell_nushell_0.106.0_0.108.0/mstone_trial/_claude-code_sonnet-4.6_run_002/milestone_core_development.1/evaluation/evaluation_result.json,0.0,0.0,0.0,0.0
independent,nushell_nushell_0.106.0_0.108.0,milestone_core_development.2,_claude-code_sonnet-4.6_run_002,SWE-Milestone-log-results/nushell_nushell_0.106.0_0.108.0/mstone_trial/_claude-code_sonnet-4.6_run_002/milestone_core_development.2/evaluation/evaluation_result.json,1.0,1.0,1.0,1.0
independent,nushell_nushell_0.106.0_0.108.0,milestone_core_development.3,_claude-code_sonnet-4.6_run_002,SWE-Milestone-log-results/nushell_nushell_0.106.0_0.108.0/mstone_trial/_claude-code_sonnet-4.6_run_002/milestone_core_development.3/evaluation/evaluation_result.json,0.0,0.9285714285714286,1.0,0.962962962962963
independent,nushell_nushell_0.106.0_0.108.0,milestone_core_development.4,_claude-code_sonnet-4.6_run_002,SWE-Milestone-log-results/nushell_nushell_0.106.0_0.108.0/mstone_trial/_claude-code_sonnet-4.6_run_002/milestone_core_development.4/evaluation/evaluation_result.json,0.0,0.0,0.0,0.0
independent,nushell_nushell_0.106.0_0.108.0,milestone_G01_48bca0a,_codex_gpt-5.2-codex_run_001,SWE-Milestone-log-results/nushell_nushell_0.106.0_0.108.0/mstone_trial/_codex_gpt-5.2-codex_run_001/milestone_G01_48bca0a/evaluation/evaluation_result.json,0.0,0.0,0.0,0.0
independent,nushell_nushell_0.106.0_0.108.0,milestone_G02_a647707,_codex_gpt-5.2-codex_run_001,SWE-Milestone-log-results/nushell_nushell_0.106.0_0.108.0/mstone_trial/_codex_gpt-5.2-codex_run_001/milestone_G02_a647707/evaluation/evaluation_result.json,1.0,1.0,1.0,1.0
independent,nushell_nushell_0.106.0_0.108.0,milestone_G02_da9615f,_codex_gpt-5.2-codex_run_001,SWE-Milestone-log-results/nushell_nushell_0.106.0_0.108.0/mstone_trial/_codex_gpt-5.2-codex_run_001/milestone_G02_da9615f/evaluation/evaluation_result.json,1.0,1.0,1.0,1.0
independent,nushell_nushell_0.106.0_0.108.0,milestone_G04_1ddae02,_codex_gpt-5.2-codex_run_001,SWE-Milestone-log-results/nushell_nushell_0.106.0_0.108.0/mstone_trial/_codex_gpt-5.2-codex_run_001/milestone_G04_1ddae02/evaluation/evaluation_result.json,1.0,1.0,1.0,1.0
independent,nushell_nushell_0.106.0_0.108.0,milestone_G04_ca0e961,_codex_gpt-5.2-codex_run_001,SWE-Milestone-log-results/nushell_nushell_0.106.0_0.108.0/mstone_trial/_codex_gpt-5.2-codex_run_001/milestone_G04_ca0e961/evaluation/evaluation_result.json,1.0,1.0,1.0,1.0
independent,nushell_nushell_0.106.0_0.108.0,milestone_G05_0b8531e,_codex_gpt-5.2-codex_run_001,SWE-Milestone-log-results/nushell_nushell_0.106.0_0.108.0/mstone_trial/_codex_gpt-5.2-codex_run_001/milestone_G05_0b8531e/evaluation/evaluation_result.json,1.0,1.0,1.0,1.0
independent,nushell_nushell_0.106.0_0.108.0,milestone_G05_be6e868,_codex_gpt-5.2-codex_run_001,SWE-Milestone-log-results/nushell_nushell_0.106.0_0.108.0/mstone_trial/_codex_gpt-5.2-codex_run_001/milestone_G05_be6e868/evaluation/evaluation_result.json,1.0,1.0,1.0,1.0
independent,nushell_nushell_0.106.0_0.108.0,milestone_M02_parser,_codex_gpt-5.2-codex_run_001,SWE-Milestone-log-results/nushell_nushell_0.106.0_0.108.0/mstone_trial/_codex_gpt-5.2-codex_run_001/milestone_M02_parser/evaluation/evaluation_result.json,0.0,0.8333333333333334,0.2222222222222222,0.3508771929824561
independent,nushell_nushell_0.106.0_0.108.0,milestone_M08_docs,_codex_gpt-5.2-codex_run_001,SWE-Milestone-log-results/nushell_nushell_0.106.0_0.108.0/mstone_trial/_codex_gpt-5.2-codex_run_001/milestone_M08_docs/evaluation/evaluation_result.json,1.0,1.0,1.0,1.0
independent,nushell_nushell_0.106.0_0.108.0,milestone_core_development.1,_codex_gpt-5.2-codex_run_001,SWE-Milestone-log-results/nushell_nushell_0.106.0_0.108.0/mstone_trial/_codex_gpt-5.2-codex_run_001/milestone_core_development.1/evaluation/evaluation_result.json,0.0,0.0,0.0,0.0
independent,nushell_nushell_0.106.0_0.108.0,milestone_core_development.2,_codex_gpt-5.2-codex_run_001,SWE-Milestone-log-results/nushell_nushell_0.106.0_0.108.0/mstone_trial/_codex_gpt-5.2-codex_run_001/milestone_core_development.2/evaluation/evaluation_result.json,1.0,1.0,1.0,1.0
independent,nushell_nushell_0.106.0_0.108.0,milestone_core_development.3,_codex_gpt-5.2-codex_run_001,SWE-Milestone-log-results/nushell_nushell_0.106.0_0.108.0/mstone_trial/_codex_gpt-5.2-codex_run_001/milestone_core_development.3/evaluation/evaluation_result.json,0.0,0.0,0.0,0.0
independent,nushell_nushell_0.106.0_0.108.0,milestone_core_development.4,_codex_gpt-5.2-codex_run_001,SWE-Milestone-log-results/nushell_nushell_0.106.0_0.108.0/mstone_trial/_codex_gpt-5.2-codex_run_001/milestone_core_development.4/evaluation/evaluation_result.json,0.0,0.0,0.0,0.0
independent,nushell_nushell_0.106.0_0.108.0,milestone_G01_48bca0a,_codex_gpt-5.2_run_001,SWE-Milestone-log-results/nushell_nushell_0.106.0_0.108.0/mstone_trial/_codex_gpt-5.2_run_001/milestone_G01_48bca0a/evaluation/evaluation_result.json,0.0,1.0,0.17647058823529413,0.3
independent,nushell_nushell_0.106.0_0.108.0,milestone_G02_a647707,_codex_gpt-5.2_run_001,SWE-Milestone-log-results/nushell_nushell_0.106.0_0.108.0/mstone_trial/_codex_gpt-5.2_run_001/milestone_G02_a647707/evaluation/evaluation_result.json,1.0,1.0,1.0,1.0
independent,nushell_nushell_0.106.0_0.108.0,milestone_G02_da9615f,_codex_gpt-5.2_run_001,SWE-Milestone-log-results/nushell_nushell_0.106.0_0.108.0/mstone_trial/_codex_gpt-5.2_run_001/milestone_G02_da9615f/evaluation/evaluation_result.json,1.0,1.0,1.0,1.0
independent,nushell_nushell_0.106.0_0.108.0,milestone_G04_1ddae02,_codex_gpt-5.2_run_001,SWE-Milestone-log-results/nushell_nushell_0.106.0_0.108.0/mstone_trial/_codex_gpt-5.2_run_001/milestone_G04_1ddae02/evaluation/evaluation_result.json,1.0,1.0,1.0,1.0
independent,nushell_nushell_0.106.0_0.108.0,milestone_G04_ca0e961,_codex_gpt-5.2_run_001,SWE-Milestone-log-results/nushell_nushell_0.106.0_0.108.0/mstone_trial/_codex_gpt-5.2_run_001/milestone_G04_ca0e961/evaluation/evaluation_result.json,1.0,1.0,1.0,1.0
independent,nushell_nushell_0.106.0_0.108.0,milestone_G05_0b8531e,_codex_gpt-5.2_run_001,SWE-Milestone-log-results/nushell_nushell_0.106.0_0.108.0/mstone_trial/_codex_gpt-5.2_run_001/milestone_G05_0b8531e/evaluation/evaluation_result.json,1.0,1.0,1.0,1.0
independent,nushell_nushell_0.106.0_0.108.0,milestone_G05_be6e868,_codex_gpt-5.2_run_001,SWE-Milestone-log-results/nushell_nushell_0.106.0_0.108.0/mstone_trial/_codex_gpt-5.2_run_001/milestone_G05_be6e868/evaluation/evaluation_result.json,1.0,1.0,1.0,1.0
independent,nushell_nushell_0.106.0_0.108.0,milestone_M02_parser,_codex_gpt-5.2_run_001,SWE-Milestone-log-results/nushell_nushell_0.106.0_0.108.0/mstone_trial/_codex_gpt-5.2_run_001/milestone_M02_parser/evaluation/evaluation_result.json,0.0,0.0,0.0,0.0
independent,nushell_nushell_0.106.0_0.108.0,milestone_M08_docs,_codex_gpt-5.2_run_001,SWE-Milestone-log-results/nushell_nushell_0.106.0_0.108.0/mstone_trial/_codex_gpt-5.2_run_001/milestone_M08_docs/evaluation/evaluation_result.json,1.0,1.0,1.0,1.0
independent,nushell_nushell_0.106.0_0.108.0,milestone_core_development.1,_codex_gpt-5.2_run_001,SWE-Milestone-log-results/nushell_nushell_0.106.0_0.108.0/mstone_trial/_codex_gpt-5.2_run_001/milestone_core_development.1/evaluation/evaluation_result.json,0.0,0.0,0.0,0.0
independent,nushell_nushell_0.106.0_0.108.0,milestone_core_development.2,_codex_gpt-5.2_run_001,SWE-Milestone-log-results/nushell_nushell_0.106.0_0.108.0/mstone_trial/_codex_gpt-5.2_run_001/milestone_core_development.2/evaluation/evaluation_result.json,1.0,1.0,1.0,1.0
independent,nushell_nushell_0.106.0_0.108.0,milestone_core_development.3,_codex_gpt-5.2_run_001,SWE-Milestone-log-results/nushell_nushell_0.106.0_0.108.0/mstone_trial/_codex_gpt-5.2_run_001/milestone_core_development.3/evaluation/evaluation_result.json,0.0,0.0,0.0,0.0
independent,nushell_nushell_0.106.0_0.108.0,milestone_core_development.4,_codex_gpt-5.2_run_001,SWE-Milestone-log-results/nushell_nushell_0.106.0_0.108.0/mstone_trial/_codex_gpt-5.2_run_001/milestone_core_development.4/evaluation/evaluation_result.json,0.0,0.0,0.0,0.0
independent,nushell_nushell_0.106.0_0.108.0,milestone_G01_48bca0a,_codex_gpt-5.3-codex_run_002,SWE-Milestone-log-results/nushell_nushell_0.106.0_0.108.0/mstone_trial/_codex_gpt-5.3-codex_run_002/milestone_G01_48bca0a/evaluation/evaluation_result.json,0.0,0.0,0.06666666666666667,0.0
independent,nushell_nushell_0.106.0_0.108.0,milestone_G02_a647707,_codex_gpt-5.3-codex_run_002,SWE-Milestone-log-results/nushell_nushell_0.106.0_0.108.0/mstone_trial/_codex_gpt-5.3-codex_run_002/milestone_G02_a647707/evaluation/evaluation_result.json,1.0,1.0,1.0,1.0
independent,nushell_nushell_0.106.0_0.108.0,milestone_G02_da9615f,_codex_gpt-5.3-codex_run_002,SWE-Milestone-log-results/nushell_nushell_0.106.0_0.108.0/mstone_trial/_codex_gpt-5.3-codex_run_002/milestone_G02_da9615f/evaluation/evaluation_result.json,1.0,1.0,1.0,1.0
independent,nushell_nushell_0.106.0_0.108.0,milestone_G04_1ddae02,_codex_gpt-5.3-codex_run_002,SWE-Milestone-log-results/nushell_nushell_0.106.0_0.108.0/mstone_trial/_codex_gpt-5.3-codex_run_002/milestone_G04_1ddae02/evaluation/evaluation_result.json,1.0,1.0,1.0,1.0
independent,nushell_nushell_0.106.0_0.108.0,milestone_G04_ca0e961,_codex_gpt-5.3-codex_run_002,SWE-Milestone-log-results/nushell_nushell_0.106.0_0.108.0/mstone_trial/_codex_gpt-5.3-codex_run_002/milestone_G04_ca0e961/evaluation/evaluation_result.json,0.0,0.9090909090909091,1.0,0.9523809523809523
independent,nushell_nushell_0.106.0_0.108.0,milestone_G05_0b8531e,_codex_gpt-5.3-codex_run_002,SWE-Milestone-log-results/nushell_nushell_0.106.0_0.108.0/mstone_trial/_codex_gpt-5.3-codex_run_002/milestone_G05_0b8531e/evaluation/evaluation_result.json,1.0,1.0,1.0,1.0
independent,nushell_nushell_0.106.0_0.108.0,milestone_G05_be6e868,_codex_gpt-5.3-codex_run_002,SWE-Milestone-log-results/nushell_nushell_0.106.0_0.108.0/mstone_trial/_codex_gpt-5.3-codex_run_002/milestone_G05_be6e868/evaluation/evaluation_result.json,1.0,1.0,1.0,1.0
independent,nushell_nushell_0.106.0_0.108.0,milestone_M02_parser,_codex_gpt-5.3-codex_run_002,SWE-Milestone-log-results/nushell_nushell_0.106.0_0.108.0/mstone_trial/_codex_gpt-5.3-codex_run_002/milestone_M02_parser/evaluation/evaluation_result.json,0.0,0.0,1.0,0.0
independent,nushell_nushell_0.106.0_0.108.0,milestone_M08_docs,_codex_gpt-5.3-codex_run_002,SWE-Milestone-log-results/nushell_nushell_0.106.0_0.108.0/mstone_trial/_codex_gpt-5.3-codex_run_002/milestone_M08_docs/evaluation/evaluation_result.json,0.0,0.0,0.0,0.0
independent,nushell_nushell_0.106.0_0.108.0,milestone_core_development.1,_codex_gpt-5.3-codex_run_002,SWE-Milestone-log-results/nushell_nushell_0.106.0_0.108.0/mstone_trial/_codex_gpt-5.3-codex_run_002/milestone_core_development.1/evaluation/evaluation_result.json,0.0,0.0,0.0,0.0
independent,nushell_nushell_0.106.0_0.108.0,milestone_core_development.2,_codex_gpt-5.3-codex_run_002,SWE-Milestone-log-results/nushell_nushell_0.106.0_0.108.0/mstone_trial/_codex_gpt-5.3-codex_run_002/milestone_core_development.2/evaluation/evaluation_result.json,1.0,1.0,1.0,1.0
independent,nushell_nushell_0.106.0_0.108.0,milestone_core_development.3,_codex_gpt-5.3-codex_run_002,SWE-Milestone-log-results/nushell_nushell_0.106.0_0.108.0/mstone_trial/_codex_gpt-5.3-codex_run_002/milestone_core_development.3/evaluation/evaluation_result.json,0.0,0.6428571428571429,0.5263157894736842,0.5787781350482315
independent,nushell_nushell_0.106.0_0.108.0,milestone_core_development.4,_codex_gpt-5.3-codex_run_002,SWE-Milestone-log-results/nushell_nushell_0.106.0_0.108.0/mstone_trial/_codex_gpt-5.3-codex_run_002/milestone_core_development.4/evaluation/evaluation_result.json,0.0,0.0,0.0,0.0
independent,nushell_nushell_0.106.0_0.108.0,milestone_G01_48bca0a,_gemini-cli_gemini-3-flash_run_001,SWE-Milestone-log-results/nushell_nushell_0.106.0_0.108.0/mstone_trial/_gemini-cli_gemini-3-flash_run_001/milestone_G01_48bca0a/evaluation/evaluation_result.json,0.0,1.0,0.5,0.6666666666666666
independent,nushell_nushell_0.106.0_0.108.0,milestone_G02_a647707,_gemini-cli_gemini-3-flash_run_001,SWE-Milestone-log-results/nushell_nushell_0.106.0_0.108.0/mstone_trial/_gemini-cli_gemini-3-flash_run_001/milestone_G02_a647707/evaluation/evaluation_result.json,1.0,1.0,1.0,1.0
independent,nushell_nushell_0.106.0_0.108.0,milestone_G02_da9615f,_gemini-cli_gemini-3-flash_run_001,SWE-Milestone-log-results/nushell_nushell_0.106.0_0.108.0/mstone_trial/_gemini-cli_gemini-3-flash_run_001/milestone_G02_da9615f/evaluation/evaluation_result.json,1.0,1.0,1.0,1.0
independent,nushell_nushell_0.106.0_0.108.0,milestone_G04_1ddae02,_gemini-cli_gemini-3-flash_run_001,SWE-Milestone-log-results/nushell_nushell_0.106.0_0.108.0/mstone_trial/_gemini-cli_gemini-3-flash_run_001/milestone_G04_1ddae02/evaluation/evaluation_result.json,1.0,1.0,1.0,1.0
independent,nushell_nushell_0.106.0_0.108.0,milestone_G04_ca0e961,_gemini-cli_gemini-3-flash_run_001,SWE-Milestone-log-results/nushell_nushell_0.106.0_0.108.0/mstone_trial/_gemini-cli_gemini-3-flash_run_001/milestone_G04_ca0e961/evaluation/evaluation_result.json,1.0,1.0,1.0,1.0
independent,nushell_nushell_0.106.0_0.108.0,milestone_G05_0b8531e,_gemini-cli_gemini-3-flash_run_001,SWE-Milestone-log-results/nushell_nushell_0.106.0_0.108.0/mstone_trial/_gemini-cli_gemini-3-flash_run_001/milestone_G05_0b8531e/evaluation/evaluation_result.json,0.0,0.7777777777777778,1.0,0.8750000000000001
independent,nushell_nushell_0.106.0_0.108.0,milestone_G05_be6e868,_gemini-cli_gemini-3-flash_run_001,SWE-Milestone-log-results/nushell_nushell_0.106.0_0.108.0/mstone_trial/_gemini-cli_gemini-3-flash_run_001/milestone_G05_be6e868/evaluation/evaluation_result.json,0.0,0.9647058823529412,0.9880952380952381,0.9762604891343326
independent,nushell_nushell_0.106.0_0.108.0,milestone_M02_parser,_gemini-cli_gemini-3-flash_run_001,SWE-Milestone-log-results/nushell_nushell_0.106.0_0.108.0/mstone_trial/_gemini-cli_gemini-3-flash_run_001/milestone_M02_parser/evaluation/evaluation_result.json,1.0,1.0,1.0,1.0
independent,nushell_nushell_0.106.0_0.108.0,milestone_M08_docs,_gemini-cli_gemini-3-flash_run_001,SWE-Milestone-log-results/nushell_nushell_0.106.0_0.108.0/mstone_trial/_gemini-cli_gemini-3-flash_run_001/milestone_M08_docs/evaluation/evaluation_result.json,0.0,0.0,0.0,0.0
independent,nushell_nushell_0.106.0_0.108.0,milestone_core_development.1,_gemini-cli_gemini-3-flash_run_001,SWE-Milestone-log-results/nushell_nushell_0.106.0_0.108.0/mstone_trial/_gemini-cli_gemini-3-flash_run_001/milestone_core_development.1/evaluation/evaluation_result.json,0.0,0.0,1.0,0.0
independent,nushell_nushell_0.106.0_0.108.0,milestone_core_development.2,_gemini-cli_gemini-3-flash_run_001,SWE-Milestone-log-results/nushell_nushell_0.106.0_0.108.0/mstone_trial/_gemini-cli_gemini-3-flash_run_001/milestone_core_development.2/evaluation/evaluation_result.json,0.0,0.0,0.0,0.0
independent,nushell_nushell_0.106.0_0.108.0,milestone_core_development.3,_gemini-cli_gemini-3-flash_run_001,SWE-Milestone-log-results/nushell_nushell_0.106.0_0.108.0/mstone_trial/_gemini-cli_gemini-3-flash_run_001/milestone_core_development.3/evaluation/evaluation_result.json,0.0,0.0,0.0,0.0
independent,nushell_nushell_0.106.0_0.108.0,milestone_core_development.4,_gemini-cli_gemini-3-flash_run_001,SWE-Milestone-log-results/nushell_nushell_0.106.0_0.108.0/mstone_trial/_gemini-cli_gemini-3-flash_run_001/milestone_core_development.4/evaluation/evaluation_result.json,0.0,0.0,0.0,0.0
independent,nushell_nushell_0.106.0_0.108.0,milestone_G01_48bca0a,_gemini-cli_gemini-3-pro_run_001,SWE-Milestone-log-results/nushell_nushell_0.106.0_0.108.0/mstone_trial/_gemini-cli_gemini-3-pro_run_001/milestone_G01_48bca0a/evaluation/evaluation_result.json,0.0,1.0,0.17647058823529413,0.3
independent,nushell_nushell_0.106.0_0.108.0,milestone_G02_a647707,_gemini-cli_gemini-3-pro_run_001,SWE-Milestone-log-results/nushell_nushell_0.106.0_0.108.0/mstone_trial/_gemini-cli_gemini-3-pro_run_001/milestone_G02_a647707/evaluation/evaluation_result.json,1.0,1.0,1.0,1.0
independent,nushell_nushell_0.106.0_0.108.0,milestone_G02_da9615f,_gemini-cli_gemini-3-pro_run_001,SWE-Milestone-log-results/nushell_nushell_0.106.0_0.108.0/mstone_trial/_gemini-cli_gemini-3-pro_run_001/milestone_G02_da9615f/evaluation/evaluation_result.json,1.0,1.0,1.0,1.0
independent,nushell_nushell_0.106.0_0.108.0,milestone_G04_1ddae02,_gemini-cli_gemini-3-pro_run_001,SWE-Milestone-log-results/nushell_nushell_0.106.0_0.108.0/mstone_trial/_gemini-cli_gemini-3-pro_run_001/milestone_G04_1ddae02/evaluation/evaluation_result.json,1.0,1.0,1.0,1.0
independent,nushell_nushell_0.106.0_0.108.0,milestone_G04_ca0e961,_gemini-cli_gemini-3-pro_run_001,SWE-Milestone-log-results/nushell_nushell_0.106.0_0.108.0/mstone_trial/_gemini-cli_gemini-3-pro_run_001/milestone_G04_ca0e961/evaluation/evaluation_result.json,1.0,1.0,1.0,1.0
independent,nushell_nushell_0.106.0_0.108.0,milestone_G05_0b8531e,_gemini-cli_gemini-3-pro_run_001,SWE-Milestone-log-results/nushell_nushell_0.106.0_0.108.0/mstone_trial/_gemini-cli_gemini-3-pro_run_001/milestone_G05_0b8531e/evaluation/evaluation_result.json,1.0,1.0,1.0,1.0
independent,nushell_nushell_0.106.0_0.108.0,milestone_G05_be6e868,_gemini-cli_gemini-3-pro_run_001,SWE-Milestone-log-results/nushell_nushell_0.106.0_0.108.0/mstone_trial/_gemini-cli_gemini-3-pro_run_001/milestone_G05_be6e868/evaluation/evaluation_result.json,1.0,1.0,1.0,1.0
independent,nushell_nushell_0.106.0_0.108.0,milestone_M02_parser,_gemini-cli_gemini-3-pro_run_001,SWE-Milestone-log-results/nushell_nushell_0.106.0_0.108.0/mstone_trial/_gemini-cli_gemini-3-pro_run_001/milestone_M02_parser/evaluation/evaluation_result.json,0.0,0.8333333333333334,1.0,0.9090909090909091
independent,nushell_nushell_0.106.0_0.108.0,milestone_M08_docs,_gemini-cli_gemini-3-pro_run_001,SWE-Milestone-log-results/nushell_nushell_0.106.0_0.108.0/mstone_trial/_gemini-cli_gemini-3-pro_run_001/milestone_M08_docs/evaluation/evaluation_result.json,1.0,1.0,1.0,1.0
independent,nushell_nushell_0.106.0_0.108.0,milestone_core_development.1,_gemini-cli_gemini-3-pro_run_001,SWE-Milestone-log-results/nushell_nushell_0.106.0_0.108.0/mstone_trial/_gemini-cli_gemini-3-pro_run_001/milestone_core_development.1/evaluation/evaluation_result.json,0.0,0.0,0.0,0.0
independent,nushell_nushell_0.106.0_0.108.0,milestone_core_development.2,_gemini-cli_gemini-3-pro_run_001,SWE-Milestone-log-results/nushell_nushell_0.106.0_0.108.0/mstone_trial/_gemini-cli_gemini-3-pro_run_001/milestone_core_development.2/evaluation/evaluation_result.json,0.0,0.0,0.0,0.0
independent,nushell_nushell_0.106.0_0.108.0,milestone_core_development.3,_gemini-cli_gemini-3-pro_run_001,SWE-Milestone-log-results/nushell_nushell_0.106.0_0.108.0/mstone_trial/_gemini-cli_gemini-3-pro_run_001/milestone_core_development.3/evaluation/evaluation_result.json,0.0,0.0,0.0,0.0
independent,nushell_nushell_0.106.0_0.108.0,milestone_core_development.4,_gemini-cli_gemini-3-pro_run_001,SWE-Milestone-log-results/nushell_nushell_0.106.0_0.108.0/mstone_trial/_gemini-cli_gemini-3-pro_run_001/milestone_core_development.4/evaluation/evaluation_result.json,0.0,0.0,0.0,0.0
independent,nushell_nushell_0.106.0_0.108.0,milestone_G01_48bca0a,_gemini-cli_gemini-3.1-pro_run_002,SWE-Milestone-log-results/nushell_nushell_0.106.0_0.108.0/mstone_trial/_gemini-cli_gemini-3.1-pro_run_002/milestone_G01_48bca0a/evaluation/evaluation_result.json,0.0,0.0,0.06666666666666667,0.0
independent,nushell_nushell_0.106.0_0.108.0,milestone_G02_a647707,_gemini-cli_gemini-3.1-pro_run_002,SWE-Milestone-log-results/nushell_nushell_0.106.0_0.108.0/mstone_trial/_gemini-cli_gemini-3.1-pro_run_002/milestone_G02_a647707/evaluation/evaluation_result.json,1.0,1.0,1.0,1.0
independent,nushell_nushell_0.106.0_0.108.0,milestone_G02_da9615f,_gemini-cli_gemini-3.1-pro_run_002,SWE-Milestone-log-results/nushell_nushell_0.106.0_0.108.0/mstone_trial/_gemini-cli_gemini-3.1-pro_run_002/milestone_G02_da9615f/evaluation/evaluation_result.json,1.0,1.0,1.0,1.0
independent,nushell_nushell_0.106.0_0.108.0,milestone_G04_1ddae02,_gemini-cli_gemini-3.1-pro_run_002,SWE-Milestone-log-results/nushell_nushell_0.106.0_0.108.0/mstone_trial/_gemini-cli_gemini-3.1-pro_run_002/milestone_G04_1ddae02/evaluation/evaluation_result.json,1.0,1.0,1.0,1.0
independent,nushell_nushell_0.106.0_0.108.0,milestone_G04_ca0e961,_gemini-cli_gemini-3.1-pro_run_002,SWE-Milestone-log-results/nushell_nushell_0.106.0_0.108.0/mstone_trial/_gemini-cli_gemini-3.1-pro_run_002/milestone_G04_ca0e961/evaluation/evaluation_result.json,1.0,1.0,1.0,1.0
independent,nushell_nushell_0.106.0_0.108.0,milestone_G05_0b8531e,_gemini-cli_gemini-3.1-pro_run_002,SWE-Milestone-log-results/nushell_nushell_0.106.0_0.108.0/mstone_trial/_gemini-cli_gemini-3.1-pro_run_002/milestone_G05_0b8531e/evaluation/evaluation_result.json,1.0,1.0,1.0,1.0
independent,nushell_nushell_0.106.0_0.108.0,milestone_G05_be6e868,_gemini-cli_gemini-3.1-pro_run_002,SWE-Milestone-log-results/nushell_nushell_0.106.0_0.108.0/mstone_trial/_gemini-cli_gemini-3.1-pro_run_002/milestone_G05_be6e868/evaluation/evaluation_result.json,1.0,1.0,1.0,1.0
independent,nushell_nushell_0.106.0_0.108.0,milestone_M02_parser,_gemini-cli_gemini-3.1-pro_run_002,SWE-Milestone-log-results/nushell_nushell_0.106.0_0.108.0/mstone_trial/_gemini-cli_gemini-3.1-pro_run_002/milestone_M02_parser/evaluation/evaluation_result.json,0.0,0.8333333333333334,1.0,0.9090909090909091
independent,nushell_nushell_0.106.0_0.108.0,milestone_M08_docs,_gemini-cli_gemini-3.1-pro_run_002,SWE-Milestone-log-results/nushell_nushell_0.106.0_0.108.0/mstone_trial/_gemini-cli_gemini-3.1-pro_run_002/milestone_M08_docs/evaluation/evaluation_result.json,0.0,0.6666666666666666,1.0,0.8
independent,nushell_nushell_0.106.0_0.108.0,milestone_core_development.1,_gemini-cli_gemini-3.1-pro_run_002,SWE-Milestone-log-results/nushell_nushell_0.106.0_0.108.0/mstone_trial/_gemini-cli_gemini-3.1-pro_run_002/milestone_core_development.1/evaluation/evaluation_result.json,0.0,0.0,0.0,0.0
independent,nushell_nushell_0.106.0_0.108.0,milestone_core_development.2,_gemini-cli_gemini-3.1-pro_run_002,SWE-Milestone-log-results/nushell_nushell_0.106.0_0.108.0/mstone_trial/_gemini-cli_gemini-3.1-pro_run_002/milestone_core_development.2/evaluation/evaluation_result.json,0.0,0.85,0.22784810126582278,0.35936582501467995
independent,nushell_nushell_0.106.0_0.108.0,milestone_core_development.3,_gemini-cli_gemini-3.1-pro_run_002,SWE-Milestone-log-results/nushell_nushell_0.106.0_0.108.0/mstone_trial/_gemini-cli_gemini-3.1-pro_run_002/milestone_core_development.3/evaluation/evaluation_result.json,0.0,0.0,0.0,0.0
independent,nushell_nushell_0.106.0_0.108.0,milestone_core_development.4,_gemini-cli_gemini-3.1-pro_run_002,SWE-Milestone-log-results/nushell_nushell_0.106.0_0.108.0/mstone_trial/_gemini-cli_gemini-3.1-pro_run_002/milestone_core_development.4/evaluation/evaluation_result.json,0.0,0.0,0.0,0.0
e2e,nushell_nushell_0.106.0_0.108.0,milestone_M02_parser,_claude-code_glm-5.1_refine_run_002,SWE-Milestone-log-results/nushell_nushell_0.106.0_0.108.0/e2e_trial/_claude-code_glm-5.1_refine_run_002/evaluation/milestone_M02_parser/evaluation_result.json,1.0,1.0,1.0,1.0
e2e,nushell_nushell_0.106.0_0.108.0,milestone_G02_da9615f,_claude-code_kimi-k2.6_run_002,SWE-Milestone-log-results/nushell_nushell_0.106.0_0.108.0/e2e_trial/_claude-code_kimi-k2.6_run_002/evaluation/milestone_G02_da9615f/evaluation_result.json,0.0,1.0,0.14285714285714285,0.25
e2e,nushell_nushell_0.106.0_0.108.0,milestone_G04_1ddae02,_claude-code_kimi-k2.6_run_002,SWE-Milestone-log-results/nushell_nushell_0.106.0_0.108.0/e2e_trial/_claude-code_kimi-k2.6_run_002/evaluation/milestone_G04_1ddae02/evaluation_result.json,0.0,0.7272727272727273,1.0,0.8421052631578948
e2e,nushell_nushell_0.106.0_0.108.0,milestone_G05_0b8531e,_claude-code_kimi-k2.6_run_002,SWE-Milestone-log-results/nushell_nushell_0.106.0_0.108.0/e2e_trial/_claude-code_kimi-k2.6_run_002/evaluation/milestone_G05_0b8531e/evaluation_result.json,0.0,0.5555555555555556,0.46153846153846156,0.504201680672269
e2e,nushell_nushell_0.106.0_0.108.0,milestone_M02_parser,_claude-code_kimi-k2.6_run_002,SWE-Milestone-log-results/nushell_nushell_0.106.0_0.108.0/e2e_trial/_claude-code_kimi-k2.6_run_002/evaluation/milestone_M02_parser/evaluation_result.json,0.0,0.8333333333333334,0.6666666666666666,0.7407407407407408
e2e,nushell_nushell_0.106.0_0.108.0,milestone_M08_docs,_claude-code_kimi-k2.6_run_002,SWE-Milestone-log-results/nushell_nushell_0.106.0_0.108.0/e2e_trial/_claude-code_kimi-k2.6_run_002/evaluation/milestone_M08_docs/evaluation_result.json,0.0,1.0,0.3076923076923077,0.47058823529411764
e2e,nushell_nushell_0.106.0_0.108.0,milestone_core_development.1,_claude-code_kimi-k2.6_run_002,SWE-Milestone-log-results/nushell_nushell_0.106.0_0.108.0/e2e_trial/_claude-code_kimi-k2.6_run_002/evaluation/milestone_core_development.1/evaluation_result.json,0.0,0.6,0.36363636363636365,0.4528301886792453
e2e,nushell_nushell_0.106.0_0.108.0,milestone_core_development.2,_claude-code_kimi-k2.6_run_002,SWE-Milestone-log-results/nushell_nushell_0.106.0_0.108.0/e2e_trial/_claude-code_kimi-k2.6_run_002/evaluation/milestone_core_development.2/evaluation_result.json,0.0,0.55,0.8,0.6518518518518519
e2e,nushell_nushell_0.106.0_0.108.0,milestone_core_development.3,_claude-code_kimi-k2.6_run_002,SWE-Milestone-log-results/nushell_nushell_0.106.0_0.108.0/e2e_trial/_claude-code_kimi-k2.6_run_002/evaluation/milestone_core_development.3/evaluation_result.json,0.0,0.7857142857142857,0.5714285714285714,0.6616541353383457
e2e,nushell_nushell_0.106.0_0.108.0,milestone_G02_da9615f,_claude-code_opus-4.6_run_002,SWE-Milestone-log-results/nushell_nushell_0.106.0_0.108.0/e2e_trial/_claude-code_opus-4.6_run_002/evaluation/milestone_G02_da9615f/evaluation_result.json,0.0,1.0,0.3333333333333333,0.5
e2e,nushell_nushell_0.106.0_0.108.0,milestone_G04_1ddae02,_claude-code_opus-4.6_run_002,SWE-Milestone-log-results/nushell_nushell_0.106.0_0.108.0/e2e_trial/_claude-code_opus-4.6_run_002/evaluation/milestone_G04_1ddae02/evaluation_result.json,1.0,1.0,1.0,1.0
e2e,nushell_nushell_0.106.0_0.108.0,milestone_G04_ca0e961,_claude-code_opus-4.6_run_002,SWE-Milestone-log-results/nushell_nushell_0.106.0_0.108.0/e2e_trial/_claude-code_opus-4.6_run_002/evaluation/milestone_G04_ca0e961/evaluation_result.json,0.0,1.0,0.631578947368421,0.7741935483870968
e2e,nushell_nushell_0.106.0_0.108.0,milestone_G05_0b8531e,_claude-code_opus-4.6_run_002,SWE-Milestone-log-results/nushell_nushell_0.106.0_0.108.0/e2e_trial/_claude-code_opus-4.6_run_002/evaluation/milestone_G05_0b8531e/evaluation_result.json,0.0,0.7777777777777778,0.5333333333333333,0.6327683615819208
e2e,nushell_nushell_0.106.0_0.108.0,milestone_M02_parser,_claude-code_opus-4.6_run_002,SWE-Milestone-log-results/nushell_nushell_0.106.0_0.108.0/e2e_trial/_claude-code_opus-4.6_run_002/evaluation/milestone_M02_parser/evaluation_result.json,0.0,0.8333333333333334,0.6666666666666666,0.7407407407407408
e2e,nushell_nushell_0.106.0_0.108.0,milestone_M08_docs,_claude-code_opus-4.6_run_002,SWE-Milestone-log-results/nushell_nushell_0.106.0_0.108.0/e2e_trial/_claude-code_opus-4.6_run_002/evaluation/milestone_M08_docs/evaluation_result.json,0.0,0.6666666666666666,0.25,0.36363636363636365
e2e,nushell_nushell_0.106.0_0.108.0,milestone_core_development.1,_claude-code_opus-4.6_run_002,SWE-Milestone-log-results/nushell_nushell_0.106.0_0.108.0/e2e_trial/_claude-code_opus-4.6_run_002/evaluation/milestone_core_development.1/evaluation_result.json,0.0,0.8,0.5121951219512195,0.6245353159851301
e2e,nushell_nushell_0.106.0_0.108.0,milestone_core_development.2,_claude-code_opus-4.6_run_002,SWE-Milestone-log-results/nushell_nushell_0.106.0_0.108.0/e2e_trial/_claude-code_opus-4.6_run_002/evaluation/milestone_core_development.2/evaluation_result.json,0.0,0.75,0.8421052631578947,0.7933884297520661
e2e,nushell_nushell_0.106.0_0.108.0,milestone_core_development.3,_claude-code_opus-4.6_run_002,SWE-Milestone-log-results/nushell_nushell_0.106.0_0.108.0/e2e_trial/_claude-code_opus-4.6_run_002/evaluation/milestone_core_development.3/evaluation_result.json,0.0,0.7857142857142857,0.6,0.6804123711340206
e2e,nushell_nushell_0.106.0_0.108.0,milestone_G02_da9615f,_claude-code_opus-4.7-xhigh-1m_run_002,SWE-Milestone-log-results/nushell_nushell_0.106.0_0.108.0/e2e_trial/_claude-code_opus-4.7-xhigh-1m_run_002/evaluation/milestone_G02_da9615f/evaluation_result.json,0.0,1.0,0.13043478260869565,0.23076923076923078
e2e,nushell_nushell_0.106.0_0.108.0,milestone_G04_1ddae02,_claude-code_opus-4.7-xhigh-1m_run_002,SWE-Milestone-log-results/nushell_nushell_0.106.0_0.108.0/e2e_trial/_claude-code_opus-4.7-xhigh-1m_run_002/evaluation/milestone_G04_1ddae02/evaluation_result.json,1.0,1.0,1.0,1.0
e2e,nushell_nushell_0.106.0_0.108.0,milestone_G04_ca0e961,_claude-code_opus-4.7-xhigh-1m_run_002,SWE-Milestone-log-results/nushell_nushell_0.106.0_0.108.0/e2e_trial/_claude-code_opus-4.7-xhigh-1m_run_002/evaluation/milestone_G04_ca0e961/evaluation_result.json,0.0,1.0,0.5714285714285714,0.7272727272727273
e2e,nushell_nushell_0.106.0_0.108.0,milestone_G05_0b8531e,_claude-code_opus-4.7-xhigh-1m_run_002,SWE-Milestone-log-results/nushell_nushell_0.106.0_0.108.0/e2e_trial/_claude-code_opus-4.7-xhigh-1m_run_002/evaluation/milestone_G05_0b8531e/evaluation_result.json,0.0,0.7777777777777778,0.47058823529411764,0.5863874345549738
e2e,nushell_nushell_0.106.0_0.108.0,milestone_M02_parser,_claude-code_opus-4.7-xhigh-1m_run_002,SWE-Milestone-log-results/nushell_nushell_0.106.0_0.108.0/e2e_trial/_claude-code_opus-4.7-xhigh-1m_run_002/evaluation/milestone_M02_parser/evaluation_result.json,0.0,1.0,0.7,0.8235294117647058
e2e,nushell_nushell_0.106.0_0.108.0,milestone_M08_docs,_claude-code_opus-4.7-xhigh-1m_run_002,SWE-Milestone-log-results/nushell_nushell_0.106.0_0.108.0/e2e_trial/_claude-code_opus-4.7-xhigh-1m_run_002/evaluation/milestone_M08_docs/evaluation_result.json,0.0,1.0,0.26666666666666666,0.4210526315789474
e2e,nushell_nushell_0.106.0_0.108.0,milestone_core_development.2,_claude-code_opus-4.7-xhigh-1m_run_002,SWE-Milestone-log-results/nushell_nushell_0.106.0_0.108.0/e2e_trial/_claude-code_opus-4.7-xhigh-1m_run_002/evaluation/milestone_core_development.2/evaluation_result.json,0.0,0.6,0.7647058823529411,0.6724137931034482
e2e,nushell_nushell_0.106.0_0.108.0,milestone_core_development.3,_claude-code_opus-4.7-xhigh-1m_run_002,SWE-Milestone-log-results/nushell_nushell_0.106.0_0.108.0/e2e_trial/_claude-code_opus-4.7-xhigh-1m_run_002/evaluation/milestone_core_development.3/evaluation_result.json,0.0,0.7857142857142857,0.5714285714285714,0.6616541353383457
e2e,nushell_nushell_0.106.0_0.108.0,milestone_G02_da9615f,_claude-code_opus-4.7-xhigh_run_002,SWE-Milestone-log-results/nushell_nushell_0.106.0_0.108.0/e2e_trial/_claude-code_opus-4.7-xhigh_run_002/evaluation/milestone_G02_da9615f/evaluation_result.json,0.0,1.0,0.14285714285714285,0.25
e2e,nushell_nushell_0.106.0_0.108.0,milestone_G04_1ddae02,_claude-code_opus-4.7-xhigh_run_002,SWE-Milestone-log-results/nushell_nushell_0.106.0_0.108.0/e2e_trial/_claude-code_opus-4.7-xhigh_run_002/evaluation/milestone_G04_1ddae02/evaluation_result.json,1.0,1.0,1.0,1.0
e2e,nushell_nushell_0.106.0_0.108.0,milestone_G04_ca0e961,_claude-code_opus-4.7-xhigh_run_002,SWE-Milestone-log-results/nushell_nushell_0.106.0_0.108.0/e2e_trial/_claude-code_opus-4.7-xhigh_run_002/evaluation/milestone_G04_ca0e961/evaluation_result.json,0.0,1.0,0.631578947368421,0.7741935483870968
e2e,nushell_nushell_0.106.0_0.108.0,milestone_G05_0b8531e,_claude-code_opus-4.7-xhigh_run_002,SWE-Milestone-log-results/nushell_nushell_0.106.0_0.108.0/e2e_trial/_claude-code_opus-4.7-xhigh_run_002/evaluation/milestone_G05_0b8531e/evaluation_result.json,0.0,1.0,0.5882352941176471,0.7407407407407407
e2e,nushell_nushell_0.106.0_0.108.0,milestone_M02_parser,_claude-code_opus-4.7-xhigh_run_002,SWE-Milestone-log-results/nushell_nushell_0.106.0_0.108.0/e2e_trial/_claude-code_opus-4.7-xhigh_run_002/evaluation/milestone_M02_parser/evaluation_result.json,0.0,1.0,0.7,0.8235294117647058
e2e,nushell_nushell_0.106.0_0.108.0,milestone_core_development.2,_claude-code_opus-4.7-xhigh_run_002,SWE-Milestone-log-results/nushell_nushell_0.106.0_0.108.0/e2e_trial/_claude-code_opus-4.7-xhigh_run_002/evaluation/milestone_core_development.2/evaluation_result.json,0.0,0.55,0.8,0.6518518518518519
e2e,nushell_nushell_0.106.0_0.108.0,milestone_G02_da9615f,_claude-code_sonnet-4.6_run_002,SWE-Milestone-log-results/nushell_nushell_0.106.0_0.108.0/e2e_trial/_claude-code_sonnet-4.6_run_002/evaluation/milestone_G02_da9615f/evaluation_result.json,0.0,1.0,0.13636363636363635,0.24000000000000002
e2e,nushell_nushell_0.106.0_0.108.0,milestone_G04_1ddae02,_claude-code_sonnet-4.6_run_002,SWE-Milestone-log-results/nushell_nushell_0.106.0_0.108.0/e2e_trial/_claude-code_sonnet-4.6_run_002/evaluation/milestone_G04_1ddae02/evaluation_result.json,0.0,1.0,0.9230769230769231,0.9600000000000001
e2e,nushell_nushell_0.106.0_0.108.0,milestone_G05_0b8531e,_claude-code_sonnet-4.6_run_002,SWE-Milestone-log-results/nushell_nushell_0.106.0_0.108.0/e2e_trial/_claude-code_sonnet-4.6_run_002/evaluation/milestone_G05_0b8531e/evaluation_result.json,0.0,0.3333333333333333,0.3333333333333333,0.3333333333333333
e2e,nushell_nushell_0.106.0_0.108.0,milestone_M02_parser,_claude-code_sonnet-4.6_run_002,SWE-Milestone-log-results/nushell_nushell_0.106.0_0.108.0/e2e_trial/_claude-code_sonnet-4.6_run_002/evaluation/milestone_M02_parser/evaluation_result.json,0.0,1.0,0.7,0.8235294117647058
e2e,nushell_nushell_0.106.0_0.108.0,milestone_core_development.2,_claude-code_sonnet-4.6_run_002,SWE-Milestone-log-results/nushell_nushell_0.106.0_0.108.0/e2e_trial/_claude-code_sonnet-4.6_run_002/evaluation/milestone_core_development.2/evaluation_result.json,0.0,0.75,0.8421052631578947,0.7933884297520661
e2e,nushell_nushell_0.106.0_0.108.0,milestone_G04_1ddae02,_codex_gpt-5.2-codex_run_002,SWE-Milestone-log-results/nushell_nushell_0.106.0_0.108.0/e2e_trial/_codex_gpt-5.2-codex_run_002/evaluation/milestone_G04_1ddae02/evaluation_result.json,1.0,1.0,1.0,1.0
e2e,nushell_nushell_0.106.0_0.108.0,milestone_G04_1ddae02,_codex_gpt-5.2_run_002,SWE-Milestone-log-results/nushell_nushell_0.106.0_0.108.0/e2e_trial/_codex_gpt-5.2_run_002/evaluation/milestone_G04_1ddae02/evaluation_result.json,1.0,1.0,1.0,1.0
e2e,nushell_nushell_0.106.0_0.108.0,milestone_M02_parser,_codex_gpt-5.2_run_002,SWE-Milestone-log-results/nushell_nushell_0.106.0_0.108.0/e2e_trial/_codex_gpt-5.2_run_002/evaluation/milestone_M02_parser/evaluation_result.json,0.0,0.8333333333333334,0.6666666666666666,0.7407407407407408
e2e,nushell_nushell_0.106.0_0.108.0,milestone_G02_da9615f,_codex_gpt-5.3-codex_run_002,SWE-Milestone-log-results/nushell_nushell_0.106.0_0.108.0/e2e_trial/_codex_gpt-5.3-codex_run_002/evaluation/milestone_G02_da9615f/evaluation_result.json,0.0,1.0,0.2,0.33333333333333337
e2e,nushell_nushell_0.106.0_0.108.0,milestone_G04_1ddae02,_codex_gpt-5.3-codex_run_002,SWE-Milestone-log-results/nushell_nushell_0.106.0_0.108.0/e2e_trial/_codex_gpt-5.3-codex_run_002/evaluation/milestone_G04_1ddae02/evaluation_result.json,0.0,0.0,1.0,0.0
e2e,nushell_nushell_0.106.0_0.108.0,milestone_G04_ca0e961,_codex_gpt-5.3-codex_run_002,SWE-Milestone-log-results/nushell_nushell_0.106.0_0.108.0/e2e_trial/_codex_gpt-5.3-codex_run_002/evaluation/milestone_G04_ca0e961/evaluation_result.json,0.0,1.0,0.48,0.6486486486486487
e2e,nushell_nushell_0.106.0_0.108.0,milestone_M02_parser,_codex_gpt-5.3-codex_run_002,SWE-Milestone-log-results/nushell_nushell_0.106.0_0.108.0/e2e_trial/_codex_gpt-5.3-codex_run_002/evaluation/milestone_M02_parser/evaluation_result.json,0.0,0.8333333333333334,0.6666666666666666,0.7407407407407408
e2e,nushell_nushell_0.106.0_0.108.0,milestone_core_development.2,_codex_gpt-5.3-codex_run_002,SWE-Milestone-log-results/nushell_nushell_0.106.0_0.108.0/e2e_trial/_codex_gpt-5.3-codex_run_002/evaluation/milestone_core_development.2/evaluation_result.json,0.0,0.75,0.6153846153846154,0.676056338028169
e2e,nushell_nushell_0.106.0_0.108.0,milestone_G04_1ddae02,_codex_gpt-5.4_run_002,SWE-Milestone-log-results/nushell_nushell_0.106.0_0.108.0/e2e_trial/_codex_gpt-5.4_run_002/evaluation/milestone_G04_1ddae02/evaluation_result.json,1.0,1.0,1.0,1.0
e2e,nushell_nushell_0.106.0_0.108.0,milestone_M02_parser,_codex_gpt-5.4_run_002,SWE-Milestone-log-results/nushell_nushell_0.106.0_0.108.0/e2e_trial/_codex_gpt-5.4_run_002/evaluation/milestone_M02_parser/evaluation_result.json,0.0,1.0,0.7,0.8235294117647058
e2e,nushell_nushell_0.106.0_0.108.0,milestone_G02_da9615f,_codex_gpt-5.5_run_002,SWE-Milestone-log-results/nushell_nushell_0.106.0_0.108.0/e2e_trial/_codex_gpt-5.5_run_002/evaluation/milestone_G02_da9615f/evaluation_result.json,0.0,1.0,0.3333333333333333,0.5
e2e,nushell_nushell_0.106.0_0.108.0,milestone_G04_1ddae02,_codex_gpt-5.5_run_002,SWE-Milestone-log-results/nushell_nushell_0.106.0_0.108.0/e2e_trial/_codex_gpt-5.5_run_002/evaluation/milestone_G04_1ddae02/evaluation_result.json,1.0,1.0,1.0,1.0
e2e,nushell_nushell_0.106.0_0.108.0,milestone_G05_0b8531e,_codex_gpt-5.5_run_002,SWE-Milestone-log-results/nushell_nushell_0.106.0_0.108.0/e2e_trial/_codex_gpt-5.5_run_002/evaluation/milestone_G05_0b8531e/evaluation_result.json,0.0,0.1111111111111111,0.2222222222222222,0.14814814814814814
e2e,nushell_nushell_0.106.0_0.108.0,milestone_M02_parser,_codex_gpt-5.5_run_002,SWE-Milestone-log-results/nushell_nushell_0.106.0_0.108.0/e2e_trial/_codex_gpt-5.5_run_002/evaluation/milestone_M02_parser/evaluation_result.json,0.0,1.0,0.7,0.8235294117647058
e2e,nushell_nushell_0.106.0_0.108.0,milestone_M08_docs,_codex_gpt-5.5_run_002,SWE-Milestone-log-results/nushell_nushell_0.106.0_0.108.0/e2e_trial/_codex_gpt-5.5_run_002/evaluation/milestone_M08_docs/evaluation_result.json,0.0,1.0,0.16666666666666666,0.2857142857142857
e2e,nushell_nushell_0.106.0_0.108.0,milestone_core_development.1,_codex_gpt-5.5_run_002,SWE-Milestone-log-results/nushell_nushell_0.106.0_0.108.0/e2e_trial/_codex_gpt-5.5_run_002/evaluation/milestone_core_development.1/evaluation_result.json,0.0,0.0,0.043478260869565216,0.0
e2e,nushell_nushell_0.106.0_0.108.0,milestone_core_development.2,_codex_gpt-5.5_run_002,SWE-Milestone-log-results/nushell_nushell_0.106.0_0.108.0/e2e_trial/_codex_gpt-5.5_run_002/evaluation/milestone_core_development.2/evaluation_result.json,0.0,0.6,0.8125,0.6902654867256637
e2e,nushell_nushell_0.106.0_0.108.0,milestone_core_development.3,_codex_gpt-5.5_run_002,SWE-Milestone-log-results/nushell_nushell_0.106.0_0.108.0/e2e_trial/_codex_gpt-5.5_run_002/evaluation/milestone_core_development.3/evaluation_result.json,0.0,0.6428571428571429,0.3448275862068966,0.4488778054862843
e2e,nushell_nushell_0.106.0_0.108.0,milestone_G04_1ddae02,_gemini-cli_gemini-3-pro_run_002,SWE-Milestone-log-results/nushell_nushell_0.106.0_0.108.0/e2e_trial/_gemini-cli_gemini-3-pro_run_002/evaluation/milestone_G04_1ddae02/evaluation_result.json,1.0,1.0,1.0,1.0
e2e,nushell_nushell_0.106.0_0.108.0,milestone_M02_parser,_gemini-cli_gemini-3-pro_run_002,SWE-Milestone-log-results/nushell_nushell_0.106.0_0.108.0/e2e_trial/_gemini-cli_gemini-3-pro_run_002/evaluation/milestone_M02_parser/evaluation_result.json,0.0,0.6666666666666666,0.07352941176470588,0.13245033112582782
e2e,nushell_nushell_0.106.0_0.108.0,milestone_G02_da9615f,_gemini-cli_gemini-3.1-pro_run_002,SWE-Milestone-log-results/nushell_nushell_0.106.0_0.108.0/e2e_trial/_gemini-cli_gemini-3.1-pro_run_002/evaluation/milestone_G02_da9615f/evaluation_result.json,0.0,1.0,0.1111111111111111,0.19999999999999998
e2e,nushell_nushell_0.106.0_0.108.0,milestone_G04_1ddae02,_gemini-cli_gemini-3.1-pro_run_002,SWE-Milestone-log-results/nushell_nushell_0.106.0_0.108.0/e2e_trial/_gemini-cli_gemini-3.1-pro_run_002/evaluation/milestone_G04_1ddae02/evaluation_result.json,1.0,1.0,1.0,1.0
e2e,nushell_nushell_0.106.0_0.108.0,milestone_G04_ca0e961,_gemini-cli_gemini-3.1-pro_run_002,SWE-Milestone-log-results/nushell_nushell_0.106.0_0.108.0/e2e_trial/_gemini-cli_gemini-3.1-pro_run_002/evaluation/milestone_G04_ca0e961/evaluation_result.json,0.0,1.0,0.48,0.6486486486486487
e2e,nushell_nushell_0.106.0_0.108.0,milestone_M02_parser,_gemini-cli_gemini-3.1-pro_run_002,SWE-Milestone-log-results/nushell_nushell_0.106.0_0.108.0/e2e_trial/_gemini-cli_gemini-3.1-pro_run_002/evaluation/milestone_M02_parser/evaluation_result.json,0.0,1.0,0.7,0.8235294117647058
e2e,nushell_nushell_0.106.0_0.108.0,milestone_core_development.2,_gemini-cli_gemini-3.1-pro_run_002,SWE-Milestone-log-results/nushell_nushell_0.106.0_0.108.0/e2e_trial/_gemini-cli_gemini-3.1-pro_run_002/evaluation/milestone_core_development.2/evaluation_result.json,0.0,0.75,0.6153846153846154,0.676056338028169
e2e,nushell_nushell_0.106.0_0.108.0,milestone_G04_1ddae02,_openhands_gemini-3-flash_run_002,SWE-Milestone-log-results/nushell_nushell_0.106.0_0.108.0/e2e_trial/_openhands_gemini-3-flash_run_002/evaluation/milestone_G04_1ddae02/evaluation_result.json,1.0,1.0,1.0,1.0
e2e,nushell_nushell_0.106.0_0.108.0,milestone_M02_parser,_openhands_gemini-3-flash_run_002,SWE-Milestone-log-results/nushell_nushell_0.106.0_0.108.0/e2e_trial/_openhands_gemini-3-flash_run_002/evaluation/milestone_M02_parser/evaluation_result.json,0.0,0.5,0.011695906432748537,0.022857142857142857
e2e,nushell_nushell_0.106.0_0.108.0,milestone_G04_1ddae02,_openhands_gpt-5.3-codex_run_002,SWE-Milestone-log-results/nushell_nushell_0.106.0_0.108.0/e2e_trial/_openhands_gpt-5.3-codex_run_002/evaluation/milestone_G04_1ddae02/evaluation_result.json,1.0,1.0,1.0,1.0
e2e,nushell_nushell_0.106.0_0.108.0,milestone_M02_parser,_openhands_gpt-5.3-codex_run_002,SWE-Milestone-log-results/nushell_nushell_0.106.0_0.108.0/e2e_trial/_openhands_gpt-5.3-codex_run_002/evaluation/milestone_M02_parser/evaluation_result.json,0.0,0.8333333333333334,0.6,0.6976744186046512
e2e,nushell_nushell_0.106.0_0.108.0,milestone_G04_1ddae02,_openhands_opus-4.6_run_002,SWE-Milestone-log-results/nushell_nushell_0.106.0_0.108.0/e2e_trial/_openhands_opus-4.6_run_002/evaluation/milestone_G04_1ddae02/evaluation_result.json,1.0,1.0,1.0,1.0
e2e,nushell_nushell_0.106.0_0.108.0,milestone_G04_ca0e961,_openhands_opus-4.6_run_002,SWE-Milestone-log-results/nushell_nushell_0.106.0_0.108.0/e2e_trial/_openhands_opus-4.6_run_002/evaluation/milestone_G04_ca0e961/evaluation_result.json,0.0,1.0,0.631578947368421,0.7741935483870968
e2e,nushell_nushell_0.106.0_0.108.0,milestone_G05_0b8531e,_openhands_opus-4.6_run_002,SWE-Milestone-log-results/nushell_nushell_0.106.0_0.108.0/e2e_trial/_openhands_opus-4.6_run_002/evaluation/milestone_G05_0b8531e/evaluation_result.json,0.0,0.7777777777777778,0.5333333333333333,0.6327683615819208
e2e,nushell_nushell_0.106.0_0.108.0,milestone_M02_parser,_openhands_opus-4.6_run_002,SWE-Milestone-log-results/nushell_nushell_0.106.0_0.108.0/e2e_trial/_openhands_opus-4.6_run_002/evaluation/milestone_M02_parser/evaluation_result.json,0.0,0.8333333333333334,0.6666666666666666,0.7407407407407408
e2e,nushell_nushell_0.106.0_0.108.0,milestone_M08_docs,_openhands_opus-4.6_run_002,SWE-Milestone-log-results/nushell_nushell_0.106.0_0.108.0/e2e_trial/_openhands_opus-4.6_run_002/evaluation/milestone_M08_docs/evaluation_result.json,0.0,0.6666666666666666,0.23076923076923078,0.3428571428571429
e2e,nushell_nushell_0.106.0_0.108.0,milestone_core_development.1,_openhands_opus-4.6_run_002,SWE-Milestone-log-results/nushell_nushell_0.106.0_0.108.0/e2e_trial/_openhands_opus-4.6_run_002/evaluation/milestone_core_development.1/evaluation_result.json,0.0,0.96,0.5434782608695652,0.6940427993059572
e2e,nushell_nushell_0.106.0_0.108.0,milestone_core_development.3,_openhands_opus-4.6_run_002,SWE-Milestone-log-results/nushell_nushell_0.106.0_0.108.0/e2e_trial/_openhands_opus-4.6_run_002/evaluation/milestone_core_development.3/evaluation_result.json,0.0,0.7857142857142857,0.6,0.6804123711340206
independent,scikit-learn_scikit-learn_1.5.2_1.6.0,M01,_claude-code_opus-4.5_run_001,SWE-Milestone-log-results/scikit-learn_scikit-learn_1.5.2_1.6.0/mstone_trial/_claude-code_opus-4.5_run_001/M01/evaluation/evaluation_result.json,1.0,1.0,1.0,1.0
independent,scikit-learn_scikit-learn_1.5.2_1.6.0,M03,_claude-code_opus-4.5_run_001,SWE-Milestone-log-results/scikit-learn_scikit-learn_1.5.2_1.6.0/mstone_trial/_claude-code_opus-4.5_run_001/M03/evaluation/evaluation_result.json,1.0,1.0,1.0,1.0
independent,scikit-learn_scikit-learn_1.5.2_1.6.0,M04,_claude-code_opus-4.5_run_001,SWE-Milestone-log-results/scikit-learn_scikit-learn_1.5.2_1.6.0/mstone_trial/_claude-code_opus-4.5_run_001/M04/evaluation/evaluation_result.json,1.0,1.0,1.0,1.0
independent,scikit-learn_scikit-learn_1.5.2_1.6.0,M06,_claude-code_opus-4.5_run_001,SWE-Milestone-log-results/scikit-learn_scikit-learn_1.5.2_1.6.0/mstone_trial/_claude-code_opus-4.5_run_001/M06/evaluation/evaluation_result.json,0.0,1.0,0.8571428571428571,0.923076923076923
independent,scikit-learn_scikit-learn_1.5.2_1.6.0,M11,_claude-code_opus-4.5_run_001,SWE-Milestone-log-results/scikit-learn_scikit-learn_1.5.2_1.6.0/mstone_trial/_claude-code_opus-4.5_run_001/M11/evaluation/evaluation_result.json,1.0,1.0,1.0,1.0
independent,scikit-learn_scikit-learn_1.5.2_1.6.0,M12.1,_claude-code_opus-4.5_run_001,SWE-Milestone-log-results/scikit-learn_scikit-learn_1.5.2_1.6.0/mstone_trial/_claude-code_opus-4.5_run_001/M12.1/evaluation/evaluation_result.json,0.0,0.9759725400457666,0.9467849223946785,0.9611571959926164
independent,scikit-learn_scikit-learn_1.5.2_1.6.0,M12.2,_claude-code_opus-4.5_run_001,SWE-Milestone-log-results/scikit-learn_scikit-learn_1.5.2_1.6.0/mstone_trial/_claude-code_opus-4.5_run_001/M12.2/evaluation/evaluation_result.json,0.0,0.5,0.9024390243902439,0.6434782608695653
independent,scikit-learn_scikit-learn_1.5.2_1.6.0,M12.3,_claude-code_opus-4.5_run_001,SWE-Milestone-log-results/scikit-learn_scikit-learn_1.5.2_1.6.0/mstone_trial/_claude-code_opus-4.5_run_001/M12.3/evaluation/evaluation_result.json,1.0,1.0,1.0,1.0
independent,scikit-learn_scikit-learn_1.5.2_1.6.0,M12.4,_claude-code_opus-4.5_run_001,SWE-Milestone-log-results/scikit-learn_scikit-learn_1.5.2_1.6.0/mstone_trial/_claude-code_opus-4.5_run_001/M12.4/evaluation/evaluation_result.json,0.0,0.8461538461538461,0.7672413793103449,0.8047677764077271
independent,scikit-learn_scikit-learn_1.5.2_1.6.0,M12.5,_claude-code_opus-4.5_run_001,SWE-Milestone-log-results/scikit-learn_scikit-learn_1.5.2_1.6.0/mstone_trial/_claude-code_opus-4.5_run_001/M12.5/evaluation/evaluation_result_filtered.json,0.0,0.723404255319149,0.8536585365853658,0.7831523527476144
independent,scikit-learn_scikit-learn_1.5.2_1.6.0,M13,_claude-code_opus-4.5_run_001,SWE-Milestone-log-results/scikit-learn_scikit-learn_1.5.2_1.6.0/mstone_trial/_claude-code_opus-4.5_run_001/M13/evaluation/evaluation_result.json,0.0,0.7142857142857143,1.0,0.8333333333333333
independent,scikit-learn_scikit-learn_1.5.2_1.6.0,M17,_claude-code_opus-4.5_run_001,SWE-Milestone-log-results/scikit-learn_scikit-learn_1.5.2_1.6.0/mstone_trial/_claude-code_opus-4.5_run_001/M17/evaluation/evaluation_result.json,1.0,1.0,1.0,1.0
independent,scikit-learn_scikit-learn_1.5.2_1.6.0,M01,_claude-code_opus-4.6_run_001,SWE-Milestone-log-results/scikit-learn_scikit-learn_1.5.2_1.6.0/mstone_trial/_claude-code_opus-4.6_run_001/M01/evaluation/evaluation_result.json,1.0,1.0,1.0,1.0
independent,scikit-learn_scikit-learn_1.5.2_1.6.0,M03,_claude-code_opus-4.6_run_001,SWE-Milestone-log-results/scikit-learn_scikit-learn_1.5.2_1.6.0/mstone_trial/_claude-code_opus-4.6_run_001/M03/evaluation/evaluation_result.json,1.0,1.0,1.0,1.0
independent,scikit-learn_scikit-learn_1.5.2_1.6.0,M04,_claude-code_opus-4.6_run_001,SWE-Milestone-log-results/scikit-learn_scikit-learn_1.5.2_1.6.0/mstone_trial/_claude-code_opus-4.6_run_001/M04/evaluation/evaluation_result.json,1.0,1.0,1.0,1.0
independent,scikit-learn_scikit-learn_1.5.2_1.6.0,M06,_claude-code_opus-4.6_run_001,SWE-Milestone-log-results/scikit-learn_scikit-learn_1.5.2_1.6.0/mstone_trial/_claude-code_opus-4.6_run_001/M06/evaluation/evaluation_result.json,1.0,1.0,1.0,1.0
independent,scikit-learn_scikit-learn_1.5.2_1.6.0,M11,_claude-code_opus-4.6_run_001,SWE-Milestone-log-results/scikit-learn_scikit-learn_1.5.2_1.6.0/mstone_trial/_claude-code_opus-4.6_run_001/M11/evaluation/evaluation_result.json,1.0,1.0,1.0,1.0
independent,scikit-learn_scikit-learn_1.5.2_1.6.0,M12.1,_claude-code_opus-4.6_run_001,SWE-Milestone-log-results/scikit-learn_scikit-learn_1.5.2_1.6.0/mstone_trial/_claude-code_opus-4.6_run_001/M12.1/evaluation/evaluation_result.json,0.0,0.9897025171624714,0.9942594718714122,0.9919757610910157
independent,scikit-learn_scikit-learn_1.5.2_1.6.0,M12.2,_claude-code_opus-4.6_run_001,SWE-Milestone-log-results/scikit-learn_scikit-learn_1.5.2_1.6.0/mstone_trial/_claude-code_opus-4.6_run_001/M12.2/evaluation/evaluation_result.json,0.0,0.5833333333333334,0.5058823529411764,0.5418541854185418
independent,scikit-learn_scikit-learn_1.5.2_1.6.0,M12.3,_claude-code_opus-4.6_run_001,SWE-Milestone-log-results/scikit-learn_scikit-learn_1.5.2_1.6.0/mstone_trial/_claude-code_opus-4.6_run_001/M12.3/evaluation/evaluation_result.json,0.0,1.0,0.9473684210526315,0.972972972972973
independent,scikit-learn_scikit-learn_1.5.2_1.6.0,M12.4,_claude-code_opus-4.6_run_001,SWE-Milestone-log-results/scikit-learn_scikit-learn_1.5.2_1.6.0/mstone_trial/_claude-code_opus-4.6_run_001/M12.4/evaluation/evaluation_result.json,0.0,0.7788461538461539,0.6456692913385826,0.7060324209407387
independent,scikit-learn_scikit-learn_1.5.2_1.6.0,M12.5,_claude-code_opus-4.6_run_001,SWE-Milestone-log-results/scikit-learn_scikit-learn_1.5.2_1.6.0/mstone_trial/_claude-code_opus-4.6_run_001/M12.5/evaluation/evaluation_result_filtered.json,0.0,0.8936170212765957,0.9347826086956522,0.9137364027321022
independent,scikit-learn_scikit-learn_1.5.2_1.6.0,M13,_claude-code_opus-4.6_run_001,SWE-Milestone-log-results/scikit-learn_scikit-learn_1.5.2_1.6.0/mstone_trial/_claude-code_opus-4.6_run_001/M13/evaluation/evaluation_result.json,0.0,0.8571428571428571,1.0,0.923076923076923
independent,scikit-learn_scikit-learn_1.5.2_1.6.0,M17,_claude-code_opus-4.6_run_001,SWE-Milestone-log-results/scikit-learn_scikit-learn_1.5.2_1.6.0/mstone_trial/_claude-code_opus-4.6_run_001/M17/evaluation/evaluation_result.json,1.0,1.0,1.0,1.0
independent,scikit-learn_scikit-learn_1.5.2_1.6.0,M01,_claude-code_sonnet-4.5_run_001,SWE-Milestone-log-results/scikit-learn_scikit-learn_1.5.2_1.6.0/mstone_trial/_claude-code_sonnet-4.5_run_001/M01/evaluation/evaluation_result.json,1.0,1.0,1.0,1.0
independent,scikit-learn_scikit-learn_1.5.2_1.6.0,M03,_claude-code_sonnet-4.5_run_001,SWE-Milestone-log-results/scikit-learn_scikit-learn_1.5.2_1.6.0/mstone_trial/_claude-code_sonnet-4.5_run_001/M03/evaluation/evaluation_result.json,1.0,1.0,1.0,1.0
independent,scikit-learn_scikit-learn_1.5.2_1.6.0,M04,_claude-code_sonnet-4.5_run_001,SWE-Milestone-log-results/scikit-learn_scikit-learn_1.5.2_1.6.0/mstone_trial/_claude-code_sonnet-4.5_run_001/M04/evaluation/evaluation_result.json,1.0,1.0,1.0,1.0
independent,scikit-learn_scikit-learn_1.5.2_1.6.0,M06,_claude-code_sonnet-4.5_run_001,SWE-Milestone-log-results/scikit-learn_scikit-learn_1.5.2_1.6.0/mstone_trial/_claude-code_sonnet-4.5_run_001/M06/evaluation/evaluation_result.json,0.0,0.6,1.0,0.7499999999999999
independent,scikit-learn_scikit-learn_1.5.2_1.6.0,M11,_claude-code_sonnet-4.5_run_001,SWE-Milestone-log-results/scikit-learn_scikit-learn_1.5.2_1.6.0/mstone_trial/_claude-code_sonnet-4.5_run_001/M11/evaluation/evaluation_result.json,1.0,1.0,1.0,1.0
independent,scikit-learn_scikit-learn_1.5.2_1.6.0,M12.1,_claude-code_sonnet-4.5_run_001,SWE-Milestone-log-results/scikit-learn_scikit-learn_1.5.2_1.6.0/mstone_trial/_claude-code_sonnet-4.5_run_001/M12.1/evaluation/evaluation_result.json,0.0,0.9805491990846682,0.9873417721518988,0.9839337626494941
independent,scikit-learn_scikit-learn_1.5.2_1.6.0,M12.2,_claude-code_sonnet-4.5_run_001,SWE-Milestone-log-results/scikit-learn_scikit-learn_1.5.2_1.6.0/mstone_trial/_claude-code_sonnet-4.5_run_001/M12.2/evaluation/evaluation_result.json,0.0,0.4305555555555556,0.43243243243243246,0.43149195302305354
independent,scikit-learn_scikit-learn_1.5.2_1.6.0,M12.3,_claude-code_sonnet-4.5_run_001,SWE-Milestone-log-results/scikit-learn_scikit-learn_1.5.2_1.6.0/mstone_trial/_claude-code_sonnet-4.5_run_001/M12.3/evaluation/evaluation_result.json,0.0,0.0,0.0,0.0
independent,scikit-learn_scikit-learn_1.5.2_1.6.0,M12.4,_claude-code_sonnet-4.5_run_001,SWE-Milestone-log-results/scikit-learn_scikit-learn_1.5.2_1.6.0/mstone_trial/_claude-code_sonnet-4.5_run_001/M12.4/evaluation/evaluation_result.json,0.0,0.2403846153846154,0.896551724137931,0.379119276757072
independent,scikit-learn_scikit-learn_1.5.2_1.6.0,M12.5,_claude-code_sonnet-4.5_run_001,SWE-Milestone-log-results/scikit-learn_scikit-learn_1.5.2_1.6.0/mstone_trial/_claude-code_sonnet-4.5_run_001/M12.5/evaluation/evaluation_result_filtered.json,0.0,0.0,0.0,0.0
independent,scikit-learn_scikit-learn_1.5.2_1.6.0,M13,_claude-code_sonnet-4.5_run_001,SWE-Milestone-log-results/scikit-learn_scikit-learn_1.5.2_1.6.0/mstone_trial/_claude-code_sonnet-4.5_run_001/M13/evaluation/evaluation_result.json,0.0,0.7142857142857143,1.0,0.8333333333333333
independent,scikit-learn_scikit-learn_1.5.2_1.6.0,M17,_claude-code_sonnet-4.5_run_001,SWE-Milestone-log-results/scikit-learn_scikit-learn_1.5.2_1.6.0/mstone_trial/_claude-code_sonnet-4.5_run_001/M17/evaluation/evaluation_result.json,0.0,1.0,0.9,0.9473684210526316
independent,scikit-learn_scikit-learn_1.5.2_1.6.0,M01,_claude-code_sonnet-4.6_run_002,SWE-Milestone-log-results/scikit-learn_scikit-learn_1.5.2_1.6.0/mstone_trial/_claude-code_sonnet-4.6_run_002/M01/evaluation/evaluation_result.json,1.0,1.0,1.0,1.0
independent,scikit-learn_scikit-learn_1.5.2_1.6.0,M03,_claude-code_sonnet-4.6_run_002,SWE-Milestone-log-results/scikit-learn_scikit-learn_1.5.2_1.6.0/mstone_trial/_claude-code_sonnet-4.6_run_002/M03/evaluation/evaluation_result.json,1.0,1.0,1.0,1.0
independent,scikit-learn_scikit-learn_1.5.2_1.6.0,M04,_claude-code_sonnet-4.6_run_002,SWE-Milestone-log-results/scikit-learn_scikit-learn_1.5.2_1.6.0/mstone_trial/_claude-code_sonnet-4.6_run_002/M04/evaluation/evaluation_result.json,1.0,1.0,1.0,1.0
independent,scikit-learn_scikit-learn_1.5.2_1.6.0,M06,_claude-code_sonnet-4.6_run_002,SWE-Milestone-log-results/scikit-learn_scikit-learn_1.5.2_1.6.0/mstone_trial/_claude-code_sonnet-4.6_run_002/M06/evaluation/evaluation_result.json,1.0,1.0,1.0,1.0
independent,scikit-learn_scikit-learn_1.5.2_1.6.0,M11,_claude-code_sonnet-4.6_run_002,SWE-Milestone-log-results/scikit-learn_scikit-learn_1.5.2_1.6.0/mstone_trial/_claude-code_sonnet-4.6_run_002/M11/evaluation/evaluation_result.json,1.0,1.0,1.0,1.0
independent,scikit-learn_scikit-learn_1.5.2_1.6.0,M12.1,_claude-code_sonnet-4.6_run_002,SWE-Milestone-log-results/scikit-learn_scikit-learn_1.5.2_1.6.0/mstone_trial/_claude-code_sonnet-4.6_run_002/M12.1/evaluation/evaluation_result.json,0.0,0.9874141876430206,0.9863013698630136,0.9868574650392689
independent,scikit-learn_scikit-learn_1.5.2_1.6.0,M12.2,_claude-code_sonnet-4.6_run_002,SWE-Milestone-log-results/scikit-learn_scikit-learn_1.5.2_1.6.0/mstone_trial/_claude-code_sonnet-4.6_run_002/M12.2/evaluation/evaluation_result.json,0.0,0.6111111111111112,0.9574468085106383,0.746043707611153
independent,scikit-learn_scikit-learn_1.5.2_1.6.0,M12.3,_claude-code_sonnet-4.6_run_002,SWE-Milestone-log-results/scikit-learn_scikit-learn_1.5.2_1.6.0/mstone_trial/_claude-code_sonnet-4.6_run_002/M12.3/evaluation/evaluation_result.json,0.0,1.0,0.8571428571428571,0.923076923076923
independent,scikit-learn_scikit-learn_1.5.2_1.6.0,M12.4,_claude-code_sonnet-4.6_run_002,SWE-Milestone-log-results/scikit-learn_scikit-learn_1.5.2_1.6.0/mstone_trial/_claude-code_sonnet-4.6_run_002/M12.4/evaluation/evaluation_result.json,0.0,0.9423076923076923,0.908256880733945,0.9249690151587378
independent,scikit-learn_scikit-learn_1.5.2_1.6.0,M12.5,_claude-code_sonnet-4.6_run_002,SWE-Milestone-log-results/scikit-learn_scikit-learn_1.5.2_1.6.0/mstone_trial/_claude-code_sonnet-4.6_run_002/M12.5/evaluation/evaluation_result_filtered.json,0.0,0.6595744680851063,0.6956521739130435,0.6771331058020478
independent,scikit-learn_scikit-learn_1.5.2_1.6.0,M13,_claude-code_sonnet-4.6_run_002,SWE-Milestone-log-results/scikit-learn_scikit-learn_1.5.2_1.6.0/mstone_trial/_claude-code_sonnet-4.6_run_002/M13/evaluation/evaluation_result.json,0.0,0.8571428571428571,1.0,0.923076923076923
independent,scikit-learn_scikit-learn_1.5.2_1.6.0,M17,_claude-code_sonnet-4.6_run_002,SWE-Milestone-log-results/scikit-learn_scikit-learn_1.5.2_1.6.0/mstone_trial/_claude-code_sonnet-4.6_run_002/M17/evaluation/evaluation_result.json,1.0,1.0,1.0,1.0
independent,scikit-learn_scikit-learn_1.5.2_1.6.0,M01,_codex_gpt-5.2-codex_run_001,SWE-Milestone-log-results/scikit-learn_scikit-learn_1.5.2_1.6.0/mstone_trial/_codex_gpt-5.2-codex_run_001/M01/evaluation/evaluation_result.json,1.0,1.0,1.0,1.0
independent,scikit-learn_scikit-learn_1.5.2_1.6.0,M03,_codex_gpt-5.2-codex_run_001,SWE-Milestone-log-results/scikit-learn_scikit-learn_1.5.2_1.6.0/mstone_trial/_codex_gpt-5.2-codex_run_001/M03/evaluation/evaluation_result.json,1.0,1.0,1.0,1.0
independent,scikit-learn_scikit-learn_1.5.2_1.6.0,M04,_codex_gpt-5.2-codex_run_001,SWE-Milestone-log-results/scikit-learn_scikit-learn_1.5.2_1.6.0/mstone_trial/_codex_gpt-5.2-codex_run_001/M04/evaluation/evaluation_result.json,0.0,1.0,0.05263157894736842,0.1
independent,scikit-learn_scikit-learn_1.5.2_1.6.0,M06,_codex_gpt-5.2-codex_run_001,SWE-Milestone-log-results/scikit-learn_scikit-learn_1.5.2_1.6.0/mstone_trial/_codex_gpt-5.2-codex_run_001/M06/evaluation/evaluation_result.json,0.0,0.0,0.02040816326530612,0.0
independent,scikit-learn_scikit-learn_1.5.2_1.6.0,M11,_codex_gpt-5.2-codex_run_001,SWE-Milestone-log-results/scikit-learn_scikit-learn_1.5.2_1.6.0/mstone_trial/_codex_gpt-5.2-codex_run_001/M11/evaluation/evaluation_result.json,0.0,0.0,0.0,0.0
independent,scikit-learn_scikit-learn_1.5.2_1.6.0,M12.1,_codex_gpt-5.2-codex_run_001,SWE-Milestone-log-results/scikit-learn_scikit-learn_1.5.2_1.6.0/mstone_trial/_codex_gpt-5.2-codex_run_001/M12.1/evaluation/evaluation_result.json,0.0,0.9874141876430206,0.7748878923766817,0.8683361467257411
independent,scikit-learn_scikit-learn_1.5.2_1.6.0,M12.2,_codex_gpt-5.2-codex_run_001,SWE-Milestone-log-results/scikit-learn_scikit-learn_1.5.2_1.6.0/mstone_trial/_codex_gpt-5.2-codex_run_001/M12.2/evaluation/evaluation_result.json,0.0,0.625,0.5287356321839081,0.572851805728518
independent,scikit-learn_scikit-learn_1.5.2_1.6.0,M12.3,_codex_gpt-5.2-codex_run_001,SWE-Milestone-log-results/scikit-learn_scikit-learn_1.5.2_1.6.0/mstone_trial/_codex_gpt-5.2-codex_run_001/M12.3/evaluation/evaluation_result.json,1.0,1.0,1.0,1.0
independent,scikit-learn_scikit-learn_1.5.2_1.6.0,M12.4,_codex_gpt-5.2-codex_run_001,SWE-Milestone-log-results/scikit-learn_scikit-learn_1.5.2_1.6.0/mstone_trial/_codex_gpt-5.2-codex_run_001/M12.4/evaluation/evaluation_result.json,0.0,0.8365384615384616,0.88,0.8577190230786467
independent,scikit-learn_scikit-learn_1.5.2_1.6.0,M12.5,_codex_gpt-5.2-codex_run_001,SWE-Milestone-log-results/scikit-learn_scikit-learn_1.5.2_1.6.0/mstone_trial/_codex_gpt-5.2-codex_run_001/M12.5/evaluation/evaluation_result_filtered.json,0.0,0.0,6.953619358876295e-05,0.0
independent,scikit-learn_scikit-learn_1.5.2_1.6.0,M13,_codex_gpt-5.2-codex_run_001,SWE-Milestone-log-results/scikit-learn_scikit-learn_1.5.2_1.6.0/mstone_trial/_codex_gpt-5.2-codex_run_001/M13/evaluation/evaluation_result.json,1.0,1.0,1.0,1.0
independent,scikit-learn_scikit-learn_1.5.2_1.6.0,M17,_codex_gpt-5.2-codex_run_001,SWE-Milestone-log-results/scikit-learn_scikit-learn_1.5.2_1.6.0/mstone_trial/_codex_gpt-5.2-codex_run_001/M17/evaluation/evaluation_result.json,1.0,1.0,1.0,1.0
independent,scikit-learn_scikit-learn_1.5.2_1.6.0,M01,_codex_gpt-5.2_run_001,SWE-Milestone-log-results/scikit-learn_scikit-learn_1.5.2_1.6.0/mstone_trial/_codex_gpt-5.2_run_001/M01/evaluation/evaluation_result.json,0.0,1.0,0.7857142857142857,0.88
independent,scikit-learn_scikit-learn_1.5.2_1.6.0,M03,_codex_gpt-5.2_run_001,SWE-Milestone-log-results/scikit-learn_scikit-learn_1.5.2_1.6.0/mstone_trial/_codex_gpt-5.2_run_001/M03/evaluation/evaluation_result.json,1.0,1.0,1.0,1.0
independent,scikit-learn_scikit-learn_1.5.2_1.6.0,M04,_codex_gpt-5.2_run_001,SWE-Milestone-log-results/scikit-learn_scikit-learn_1.5.2_1.6.0/mstone_trial/_codex_gpt-5.2_run_001/M04/evaluation/evaluation_result.json,1.0,1.0,1.0,1.0
independent,scikit-learn_scikit-learn_1.5.2_1.6.0,M06,_codex_gpt-5.2_run_001,SWE-Milestone-log-results/scikit-learn_scikit-learn_1.5.2_1.6.0/mstone_trial/_codex_gpt-5.2_run_001/M06/evaluation/evaluation_result.json,1.0,1.0,1.0,1.0
independent,scikit-learn_scikit-learn_1.5.2_1.6.0,M11,_codex_gpt-5.2_run_001,SWE-Milestone-log-results/scikit-learn_scikit-learn_1.5.2_1.6.0/mstone_trial/_codex_gpt-5.2_run_001/M11/evaluation/evaluation_result.json,1.0,1.0,1.0,1.0
independent,scikit-learn_scikit-learn_1.5.2_1.6.0,M12.1,_codex_gpt-5.2_run_001,SWE-Milestone-log-results/scikit-learn_scikit-learn_1.5.2_1.6.0/mstone_trial/_codex_gpt-5.2_run_001/M12.1/evaluation/evaluation_result.json,0.0,0.988558352402746,0.8572844400396432,0.9182533822013459
independent,scikit-learn_scikit-learn_1.5.2_1.6.0,M12.2,_codex_gpt-5.2_run_001,SWE-Milestone-log-results/scikit-learn_scikit-learn_1.5.2_1.6.0/mstone_trial/_codex_gpt-5.2_run_001/M12.2/evaluation/evaluation_result.json,0.0,0.8888888888888888,0.9027777777777778,0.8957795004306633
independent,scikit-learn_scikit-learn_1.5.2_1.6.0,M12.3,_codex_gpt-5.2_run_001,SWE-Milestone-log-results/scikit-learn_scikit-learn_1.5.2_1.6.0/mstone_trial/_codex_gpt-5.2_run_001/M12.3/evaluation/evaluation_result.json,0.0,1.0,0.16363636363636364,0.28125
independent,scikit-learn_scikit-learn_1.5.2_1.6.0,M12.4,_codex_gpt-5.2_run_001,SWE-Milestone-log-results/scikit-learn_scikit-learn_1.5.2_1.6.0/mstone_trial/_codex_gpt-5.2_run_001/M12.4/evaluation/evaluation_result.json,0.0,0.9903846153846154,0.9454545454545454,0.9673981757427979
independent,scikit-learn_scikit-learn_1.5.2_1.6.0,M12.5,_codex_gpt-5.2_run_001,SWE-Milestone-log-results/scikit-learn_scikit-learn_1.5.2_1.6.0/mstone_trial/_codex_gpt-5.2_run_001/M12.5/evaluation/evaluation_result_filtered.json,0.0,1.0,0.9056603773584906,0.9504950495049505
independent,scikit-learn_scikit-learn_1.5.2_1.6.0,M13,_codex_gpt-5.2_run_001,SWE-Milestone-log-results/scikit-learn_scikit-learn_1.5.2_1.6.0/mstone_trial/_codex_gpt-5.2_run_001/M13/evaluation/evaluation_result.json,0.0,1.0,0.8823529411764706,0.9375
independent,scikit-learn_scikit-learn_1.5.2_1.6.0,M17,_codex_gpt-5.2_run_001,SWE-Milestone-log-results/scikit-learn_scikit-learn_1.5.2_1.6.0/mstone_trial/_codex_gpt-5.2_run_001/M17/evaluation/evaluation_result.json,1.0,1.0,1.0,1.0
independent,scikit-learn_scikit-learn_1.5.2_1.6.0,M01,_codex_gpt-5.3-codex_run_002,SWE-Milestone-log-results/scikit-learn_scikit-learn_1.5.2_1.6.0/mstone_trial/_codex_gpt-5.3-codex_run_002/M01/evaluation/evaluation_result.json,1.0,1.0,1.0,1.0
independent,scikit-learn_scikit-learn_1.5.2_1.6.0,M03,_codex_gpt-5.3-codex_run_002,SWE-Milestone-log-results/scikit-learn_scikit-learn_1.5.2_1.6.0/mstone_trial/_codex_gpt-5.3-codex_run_002/M03/evaluation/evaluation_result.json,1.0,1.0,1.0,1.0
independent,scikit-learn_scikit-learn_1.5.2_1.6.0,M04,_codex_gpt-5.3-codex_run_002,SWE-Milestone-log-results/scikit-learn_scikit-learn_1.5.2_1.6.0/mstone_trial/_codex_gpt-5.3-codex_run_002/M04/evaluation/evaluation_result.json,1.0,1.0,1.0,1.0
independent,scikit-learn_scikit-learn_1.5.2_1.6.0,M06,_codex_gpt-5.3-codex_run_002,SWE-Milestone-log-results/scikit-learn_scikit-learn_1.5.2_1.6.0/mstone_trial/_codex_gpt-5.3-codex_run_002/M06/evaluation/evaluation_result.json,0.0,1.0,0.06382978723404255,0.12
independent,scikit-learn_scikit-learn_1.5.2_1.6.0,M11,_codex_gpt-5.3-codex_run_002,SWE-Milestone-log-results/scikit-learn_scikit-learn_1.5.2_1.6.0/mstone_trial/_codex_gpt-5.3-codex_run_002/M11/evaluation/evaluation_result.json,0.0,1.0,0.23863636363636365,0.38532110091743116
independent,scikit-learn_scikit-learn_1.5.2_1.6.0,M12.1,_codex_gpt-5.3-codex_run_002,SWE-Milestone-log-results/scikit-learn_scikit-learn_1.5.2_1.6.0/mstone_trial/_codex_gpt-5.3-codex_run_002/M12.1/evaluation/evaluation_result.json,0.0,0.9908466819221968,0.9885974914481186,0.989720808837099
independent,scikit-learn_scikit-learn_1.5.2_1.6.0,M12.2,_codex_gpt-5.3-codex_run_002,SWE-Milestone-log-results/scikit-learn_scikit-learn_1.5.2_1.6.0/mstone_trial/_codex_gpt-5.3-codex_run_002/M12.2/evaluation/evaluation_result.json,0.0,0.6805555555555556,0.7936507936507936,0.7327650665470314
independent,scikit-learn_scikit-learn_1.5.2_1.6.0,M12.3,_codex_gpt-5.3-codex_run_002,SWE-Milestone-log-results/scikit-learn_scikit-learn_1.5.2_1.6.0/mstone_trial/_codex_gpt-5.3-codex_run_002/M12.3/evaluation/evaluation_result.json,1.0,1.0,1.0,1.0
independent,scikit-learn_scikit-learn_1.5.2_1.6.0,M12.4,_codex_gpt-5.3-codex_run_002,SWE-Milestone-log-results/scikit-learn_scikit-learn_1.5.2_1.6.0/mstone_trial/_codex_gpt-5.3-codex_run_002/M12.4/evaluation/evaluation_result.json,0.0,0.28846153846153844,0.775,0.42043399638336343
independent,scikit-learn_scikit-learn_1.5.2_1.6.0,M12.5,_codex_gpt-5.3-codex_run_002,SWE-Milestone-log-results/scikit-learn_scikit-learn_1.5.2_1.6.0/mstone_trial/_codex_gpt-5.3-codex_run_002/M12.5/evaluation/evaluation_result_filtered.json,0.0,1.0,0.6666666666666666,0.8
independent,scikit-learn_scikit-learn_1.5.2_1.6.0,M13,_codex_gpt-5.3-codex_run_002,SWE-Milestone-log-results/scikit-learn_scikit-learn_1.5.2_1.6.0/mstone_trial/_codex_gpt-5.3-codex_run_002/M13/evaluation/evaluation_result.json,0.0,0.7142857142857143,1.0,0.8333333333333333
independent,scikit-learn_scikit-learn_1.5.2_1.6.0,M17,_codex_gpt-5.3-codex_run_002,SWE-Milestone-log-results/scikit-learn_scikit-learn_1.5.2_1.6.0/mstone_trial/_codex_gpt-5.3-codex_run_002/M17/evaluation/evaluation_result.json,1.0,1.0,1.0,1.0
independent,scikit-learn_scikit-learn_1.5.2_1.6.0,M01,_gemini-cli_gemini-3-flash_run_001,SWE-Milestone-log-results/scikit-learn_scikit-learn_1.5.2_1.6.0/mstone_trial/_gemini-cli_gemini-3-flash_run_001/M01/evaluation/evaluation_result.json,1.0,1.0,1.0,1.0
independent,scikit-learn_scikit-learn_1.5.2_1.6.0,M03,_gemini-cli_gemini-3-flash_run_001,SWE-Milestone-log-results/scikit-learn_scikit-learn_1.5.2_1.6.0/mstone_trial/_gemini-cli_gemini-3-flash_run_001/M03/evaluation/evaluation_result.json,1.0,1.0,1.0,1.0
independent,scikit-learn_scikit-learn_1.5.2_1.6.0,M04,_gemini-cli_gemini-3-flash_run_001,SWE-Milestone-log-results/scikit-learn_scikit-learn_1.5.2_1.6.0/mstone_trial/_gemini-cli_gemini-3-flash_run_001/M04/evaluation/evaluation_result.json,1.0,1.0,1.0,1.0
independent,scikit-learn_scikit-learn_1.5.2_1.6.0,M06,_gemini-cli_gemini-3-flash_run_001,SWE-Milestone-log-results/scikit-learn_scikit-learn_1.5.2_1.6.0/mstone_trial/_gemini-cli_gemini-3-flash_run_001/M06/evaluation/evaluation_result.json,1.0,1.0,1.0,1.0
independent,scikit-learn_scikit-learn_1.5.2_1.6.0,M11,_gemini-cli_gemini-3-flash_run_001,SWE-Milestone-log-results/scikit-learn_scikit-learn_1.5.2_1.6.0/mstone_trial/_gemini-cli_gemini-3-flash_run_001/M11/evaluation/evaluation_result.json,0.0,0.9,1.0,0.9473684210526316
independent,scikit-learn_scikit-learn_1.5.2_1.6.0,M12.1,_gemini-cli_gemini-3-flash_run_001,SWE-Milestone-log-results/scikit-learn_scikit-learn_1.5.2_1.6.0/mstone_trial/_gemini-cli_gemini-3-flash_run_001/M12.1/evaluation/evaluation_result.json,0.0,0.937070938215103,0.9843937575030012,0.9601496025111033
independent,scikit-learn_scikit-learn_1.5.2_1.6.0,M12.2,_gemini-cli_gemini-3-flash_run_001,SWE-Milestone-log-results/scikit-learn_scikit-learn_1.5.2_1.6.0/mstone_trial/_gemini-cli_gemini-3-flash_run_001/M12.2/evaluation/evaluation_result.json,0.0,0.5694444444444444,0.358974358974359,0.44035289604909855
independent,scikit-learn_scikit-learn_1.5.2_1.6.0,M12.3,_gemini-cli_gemini-3-flash_run_001,SWE-Milestone-log-results/scikit-learn_scikit-learn_1.5.2_1.6.0/mstone_trial/_gemini-cli_gemini-3-flash_run_001/M12.3/evaluation/evaluation_result.json,0.0,1.0,0.8181818181818182,0.9
independent,scikit-learn_scikit-learn_1.5.2_1.6.0,M12.4,_gemini-cli_gemini-3-flash_run_001,SWE-Milestone-log-results/scikit-learn_scikit-learn_1.5.2_1.6.0/mstone_trial/_gemini-cli_gemini-3-flash_run_001/M12.4/evaluation/evaluation_result.json,0.0,1.0,0.9905660377358491,0.9952606635071091
independent,scikit-learn_scikit-learn_1.5.2_1.6.0,M12.5,_gemini-cli_gemini-3-flash_run_001,SWE-Milestone-log-results/scikit-learn_scikit-learn_1.5.2_1.6.0/mstone_trial/_gemini-cli_gemini-3-flash_run_001/M12.5/evaluation/evaluation_result.json,0.0,0.7446808510638298,0.6545454545454545,0.696709980646945
independent,scikit-learn_scikit-learn_1.5.2_1.6.0,M13,_gemini-cli_gemini-3-flash_run_001,SWE-Milestone-log-results/scikit-learn_scikit-learn_1.5.2_1.6.0/mstone_trial/_gemini-cli_gemini-3-flash_run_001/M13/evaluation/evaluation_result.json,0.0,0.9285714285714286,1.0,0.962962962962963
independent,scikit-learn_scikit-learn_1.5.2_1.6.0,M17,_gemini-cli_gemini-3-flash_run_001,SWE-Milestone-log-results/scikit-learn_scikit-learn_1.5.2_1.6.0/mstone_trial/_gemini-cli_gemini-3-flash_run_001/M17/evaluation/evaluation_result.json,0.0,1.0,0.9,0.9473684210526316
independent,scikit-learn_scikit-learn_1.5.2_1.6.0,M01,_gemini-cli_gemini-3-pro_run_001,SWE-Milestone-log-results/scikit-learn_scikit-learn_1.5.2_1.6.0/mstone_trial/_gemini-cli_gemini-3-pro_run_001/M01/evaluation/evaluation_result.json,1.0,1.0,1.0,1.0
independent,scikit-learn_scikit-learn_1.5.2_1.6.0,M03,_gemini-cli_gemini-3-pro_run_001,SWE-Milestone-log-results/scikit-learn_scikit-learn_1.5.2_1.6.0/mstone_trial/_gemini-cli_gemini-3-pro_run_001/M03/evaluation/evaluation_result.json,1.0,1.0,1.0,1.0
independent,scikit-learn_scikit-learn_1.5.2_1.6.0,M04,_gemini-cli_gemini-3-pro_run_001,SWE-Milestone-log-results/scikit-learn_scikit-learn_1.5.2_1.6.0/mstone_trial/_gemini-cli_gemini-3-pro_run_001/M04/evaluation/evaluation_result.json,1.0,1.0,1.0,1.0
independent,scikit-learn_scikit-learn_1.5.2_1.6.0,M06,_gemini-cli_gemini-3-pro_run_001,SWE-Milestone-log-results/scikit-learn_scikit-learn_1.5.2_1.6.0/mstone_trial/_gemini-cli_gemini-3-pro_run_001/M06/evaluation/evaluation_result.json,1.0,1.0,1.0,1.0
independent,scikit-learn_scikit-learn_1.5.2_1.6.0,M11,_gemini-cli_gemini-3-pro_run_001,SWE-Milestone-log-results/scikit-learn_scikit-learn_1.5.2_1.6.0/mstone_trial/_gemini-cli_gemini-3-pro_run_001/M11/evaluation/evaluation_result.json,0.0,0.6,1.0,0.7499999999999999
independent,scikit-learn_scikit-learn_1.5.2_1.6.0,M12.1,_gemini-cli_gemini-3-pro_run_001,SWE-Milestone-log-results/scikit-learn_scikit-learn_1.5.2_1.6.0/mstone_trial/_gemini-cli_gemini-3-pro_run_001/M12.1/evaluation/evaluation_result.json,0.0,0.9851258581235698,0.9729119638826185,0.9789808169451417
independent,scikit-learn_scikit-learn_1.5.2_1.6.0,M12.2,_gemini-cli_gemini-3-pro_run_001,SWE-Milestone-log-results/scikit-learn_scikit-learn_1.5.2_1.6.0/mstone_trial/_gemini-cli_gemini-3-pro_run_001/M12.2/evaluation/evaluation_result.json,0.0,0.7777777777777778,0.7808219178082192,0.7792968750000001
independent,scikit-learn_scikit-learn_1.5.2_1.6.0,M12.3,_gemini-cli_gemini-3-pro_run_001,SWE-Milestone-log-results/scikit-learn_scikit-learn_1.5.2_1.6.0/mstone_trial/_gemini-cli_gemini-3-pro_run_001/M12.3/evaluation/evaluation_result.json,0.0,1.0,0.6923076923076923,0.8181818181818181
independent,scikit-learn_scikit-learn_1.5.2_1.6.0,M12.4,_gemini-cli_gemini-3-pro_run_001,SWE-Milestone-log-results/scikit-learn_scikit-learn_1.5.2_1.6.0/mstone_trial/_gemini-cli_gemini-3-pro_run_001/M12.4/evaluation/evaluation_result.json,0.0,0.8076923076923077,0.7456140350877193,0.7754126846220677
independent,scikit-learn_scikit-learn_1.5.2_1.6.0,M12.5,_gemini-cli_gemini-3-pro_run_001,SWE-Milestone-log-results/scikit-learn_scikit-learn_1.5.2_1.6.0/mstone_trial/_gemini-cli_gemini-3-pro_run_001/M12.5/evaluation/evaluation_result_filtered.json,0.0,0.0,0.0,0.0
independent,scikit-learn_scikit-learn_1.5.2_1.6.0,M13,_gemini-cli_gemini-3-pro_run_001,SWE-Milestone-log-results/scikit-learn_scikit-learn_1.5.2_1.6.0/mstone_trial/_gemini-cli_gemini-3-pro_run_001/M13/evaluation/evaluation_result.json,0.0,0.6428571428571429,1.0,0.782608695652174
independent,scikit-learn_scikit-learn_1.5.2_1.6.0,M17,_gemini-cli_gemini-3-pro_run_001,SWE-Milestone-log-results/scikit-learn_scikit-learn_1.5.2_1.6.0/mstone_trial/_gemini-cli_gemini-3-pro_run_001/M17/evaluation/evaluation_result.json,0.0,1.0,0.17307692307692307,0.29508196721311475
independent,scikit-learn_scikit-learn_1.5.2_1.6.0,M01,_gemini-cli_gemini-3.1-pro_run_002,SWE-Milestone-log-results/scikit-learn_scikit-learn_1.5.2_1.6.0/mstone_trial/_gemini-cli_gemini-3.1-pro_run_002/M01/evaluation/evaluation_result.json,1.0,1.0,1.0,1.0
independent,scikit-learn_scikit-learn_1.5.2_1.6.0,M03,_gemini-cli_gemini-3.1-pro_run_002,SWE-Milestone-log-results/scikit-learn_scikit-learn_1.5.2_1.6.0/mstone_trial/_gemini-cli_gemini-3.1-pro_run_002/M03/evaluation/evaluation_result.json,1.0,1.0,1.0,1.0
independent,scikit-learn_scikit-learn_1.5.2_1.6.0,M04,_gemini-cli_gemini-3.1-pro_run_002,SWE-Milestone-log-results/scikit-learn_scikit-learn_1.5.2_1.6.0/mstone_trial/_gemini-cli_gemini-3.1-pro_run_002/M04/evaluation/evaluation_result.json,1.0,1.0,1.0,1.0
independent,scikit-learn_scikit-learn_1.5.2_1.6.0,M06,_gemini-cli_gemini-3.1-pro_run_002,SWE-Milestone-log-results/scikit-learn_scikit-learn_1.5.2_1.6.0/mstone_trial/_gemini-cli_gemini-3.1-pro_run_002/M06/evaluation/evaluation_result.json,0.0,1.0,0.014527845036319613,0.028639618138424826
independent,scikit-learn_scikit-learn_1.5.2_1.6.0,M11,_gemini-cli_gemini-3.1-pro_run_002,SWE-Milestone-log-results/scikit-learn_scikit-learn_1.5.2_1.6.0/mstone_trial/_gemini-cli_gemini-3.1-pro_run_002/M11/evaluation/evaluation_result.json,1.0,1.0,1.0,1.0
independent,scikit-learn_scikit-learn_1.5.2_1.6.0,M12.1,_gemini-cli_gemini-3.1-pro_run_002,SWE-Milestone-log-results/scikit-learn_scikit-learn_1.5.2_1.6.0/mstone_trial/_gemini-cli_gemini-3.1-pro_run_002/M12.1/evaluation/evaluation_result.json,0.0,0.0,0.0,0.0
independent,scikit-learn_scikit-learn_1.5.2_1.6.0,M12.2,_gemini-cli_gemini-3.1-pro_run_002,SWE-Milestone-log-results/scikit-learn_scikit-learn_1.5.2_1.6.0/mstone_trial/_gemini-cli_gemini-3.1-pro_run_002/M12.2/evaluation/evaluation_result.json,0.0,0.8055555555555556,0.1524547803617571,0.2563872031168053
independent,scikit-learn_scikit-learn_1.5.2_1.6.0,M12.3,_gemini-cli_gemini-3.1-pro_run_002,SWE-Milestone-log-results/scikit-learn_scikit-learn_1.5.2_1.6.0/mstone_trial/_gemini-cli_gemini-3.1-pro_run_002/M12.3/evaluation/evaluation_result.json,0.0,1.0,0.06870229007633588,0.1285714285714286
independent,scikit-learn_scikit-learn_1.5.2_1.6.0,M12.4,_gemini-cli_gemini-3.1-pro_run_002,SWE-Milestone-log-results/scikit-learn_scikit-learn_1.5.2_1.6.0/mstone_trial/_gemini-cli_gemini-3.1-pro_run_002/M12.4/evaluation/evaluation_result.json,0.0,0.22115384615384615,0.7272727272727273,0.3391705069124424
independent,scikit-learn_scikit-learn_1.5.2_1.6.0,M12.5,_gemini-cli_gemini-3.1-pro_run_002,SWE-Milestone-log-results/scikit-learn_scikit-learn_1.5.2_1.6.0/mstone_trial/_gemini-cli_gemini-3.1-pro_run_002/M12.5/evaluation/evaluation_result_filtered.json,0.0,0.2765957446808511,0.005702647657841141,0.011174899456605165
independent,scikit-learn_scikit-learn_1.5.2_1.6.0,M13,_gemini-cli_gemini-3.1-pro_run_002,SWE-Milestone-log-results/scikit-learn_scikit-learn_1.5.2_1.6.0/mstone_trial/_gemini-cli_gemini-3.1-pro_run_002/M13/evaluation/evaluation_result.json,0.0,0.7857142857142857,1.0,0.88
independent,scikit-learn_scikit-learn_1.5.2_1.6.0,M17,_gemini-cli_gemini-3.1-pro_run_002,SWE-Milestone-log-results/scikit-learn_scikit-learn_1.5.2_1.6.0/mstone_trial/_gemini-cli_gemini-3.1-pro_run_002/M17/evaluation/evaluation_result.json,1.0,1.0,1.0,1.0
e2e,scikit-learn_scikit-learn_1.5.2_1.6.0,M01,_claude-code_glm-5.1_refine_run_002,SWE-Milestone-log-results/scikit-learn_scikit-learn_1.5.2_1.6.0/e2e_trial/_claude-code_glm-5.1_refine_run_002/evaluation/M01/evaluation_result.json,0.0,0.0,0.004694835680751174,0.0
e2e,scikit-learn_scikit-learn_1.5.2_1.6.0,M03,_claude-code_glm-5.1_refine_run_002,SWE-Milestone-log-results/scikit-learn_scikit-learn_1.5.2_1.6.0/e2e_trial/_claude-code_glm-5.1_refine_run_002/evaluation/M03/evaluation_result.json,0.0,0.5,0.012658227848101266,0.02469135802469136
e2e,scikit-learn_scikit-learn_1.5.2_1.6.0,M04,_claude-code_glm-5.1_refine_run_002,SWE-Milestone-log-results/scikit-learn_scikit-learn_1.5.2_1.6.0/e2e_trial/_claude-code_glm-5.1_refine_run_002/evaluation/M04/evaluation_result.json,0.0,1.0,0.01834862385321101,0.03603603603603604
e2e,scikit-learn_scikit-learn_1.5.2_1.6.0,M06,_claude-code_glm-5.1_refine_run_002,SWE-Milestone-log-results/scikit-learn_scikit-learn_1.5.2_1.6.0/e2e_trial/_claude-code_glm-5.1_refine_run_002/evaluation/M06/evaluation_result.json,1.0,1.0,1.0,1.0
e2e,scikit-learn_scikit-learn_1.5.2_1.6.0,M11,_claude-code_glm-5.1_refine_run_002,SWE-Milestone-log-results/scikit-learn_scikit-learn_1.5.2_1.6.0/e2e_trial/_claude-code_glm-5.1_refine_run_002/evaluation/M11/evaluation_result.json,1.0,1.0,1.0,1.0
e2e,scikit-learn_scikit-learn_1.5.2_1.6.0,M12.1,_claude-code_glm-5.1_refine_run_002,SWE-Milestone-log-results/scikit-learn_scikit-learn_1.5.2_1.6.0/e2e_trial/_claude-code_glm-5.1_refine_run_002/evaluation/M12.1/evaluation_result.json,0.0,0.6109839816933639,0.44732441471571904,0.516499827345257
e2e,scikit-learn_scikit-learn_1.5.2_1.6.0,M12.2,_claude-code_glm-5.1_refine_run_002,SWE-Milestone-log-results/scikit-learn_scikit-learn_1.5.2_1.6.0/e2e_trial/_claude-code_glm-5.1_refine_run_002/evaluation/M12.2/evaluation_result.json,0.0,0.6388888888888888,0.11435523114355231,0.1939883355764917
e2e,scikit-learn_scikit-learn_1.5.2_1.6.0,M12.3,_claude-code_glm-5.1_refine_run_002,SWE-Milestone-log-results/scikit-learn_scikit-learn_1.5.2_1.6.0/e2e_trial/_claude-code_glm-5.1_refine_run_002/evaluation/M12.3/evaluation_result.json,0.0,0.8823529411764706,0.01893491124260355,0.037074225689348886
e2e,scikit-learn_scikit-learn_1.5.2_1.6.0,M12.4,_claude-code_glm-5.1_refine_run_002,SWE-Milestone-log-results/scikit-learn_scikit-learn_1.5.2_1.6.0/e2e_trial/_claude-code_glm-5.1_refine_run_002/evaluation/M12.4/evaluation_result.json,0.0,0.8653846153846154,0.24010554089709762,0.375912241244779
e2e,scikit-learn_scikit-learn_1.5.2_1.6.0,M12.5,_claude-code_glm-5.1_refine_run_002,SWE-Milestone-log-results/scikit-learn_scikit-learn_1.5.2_1.6.0/e2e_trial/_claude-code_glm-5.1_refine_run_002/evaluation/M12.5/evaluation_result_filtered.json,0.0,0.851063829787234,0.059506531204644414,0.11123545969410249
e2e,scikit-learn_scikit-learn_1.5.2_1.6.0,M13,_claude-code_glm-5.1_refine_run_002,SWE-Milestone-log-results/scikit-learn_scikit-learn_1.5.2_1.6.0/e2e_trial/_claude-code_glm-5.1_refine_run_002/evaluation/M13/evaluation_result.json,0.0,0.5,0.06779661016949153,0.11940298507462686
e2e,scikit-learn_scikit-learn_1.5.2_1.6.0,M17,_claude-code_glm-5.1_refine_run_002,SWE-Milestone-log-results/scikit-learn_scikit-learn_1.5.2_1.6.0/e2e_trial/_claude-code_glm-5.1_refine_run_002/evaluation/M17/evaluation_result.json,0.0,1.0,0.05454545454545454,0.10344827586206896
e2e,scikit-learn_scikit-learn_1.5.2_1.6.0,M01,_claude-code_glm-5.1_run_002,SWE-Milestone-log-results/scikit-learn_scikit-learn_1.5.2_1.6.0/e2e_trial/_claude-code_glm-5.1_run_002/evaluation/M01/evaluation_result.json,0.0,0.0,0.005,0.0
e2e,scikit-learn_scikit-learn_1.5.2_1.6.0,M04,_claude-code_glm-5.1_run_002,SWE-Milestone-log-results/scikit-learn_scikit-learn_1.5.2_1.6.0/e2e_trial/_claude-code_glm-5.1_run_002/evaluation/M04/evaluation_result.json,0.0,1.0,0.00546448087431694,0.010869565217391304
e2e,scikit-learn_scikit-learn_1.5.2_1.6.0,M06,_claude-code_glm-5.1_run_002,SWE-Milestone-log-results/scikit-learn_scikit-learn_1.5.2_1.6.0/e2e_trial/_claude-code_glm-5.1_run_002/evaluation/M06/evaluation_result.json,0.0,0.6,1.0,0.7499999999999999
e2e,scikit-learn_scikit-learn_1.5.2_1.6.0,M11,_claude-code_glm-5.1_run_002,SWE-Milestone-log-results/scikit-learn_scikit-learn_1.5.2_1.6.0/e2e_trial/_claude-code_glm-5.1_run_002/evaluation/M11/evaluation_result.json,0.0,0.95,1.0,0.9743589743589743
e2e,scikit-learn_scikit-learn_1.5.2_1.6.0,M12.1,_claude-code_glm-5.1_run_002,SWE-Milestone-log-results/scikit-learn_scikit-learn_1.5.2_1.6.0/e2e_trial/_claude-code_glm-5.1_run_002/evaluation/M12.1/evaluation_result.json,0.0,0.6567505720823799,0.4659643435980551,0.5451470270038138
e2e,scikit-learn_scikit-learn_1.5.2_1.6.0,M12.2,_claude-code_glm-5.1_run_002,SWE-Milestone-log-results/scikit-learn_scikit-learn_1.5.2_1.6.0/e2e_trial/_claude-code_glm-5.1_run_002/evaluation/M12.2/evaluation_result.json,0.0,0.5972222222222222,0.1073170731707317,0.1819405712087701
e2e,scikit-learn_scikit-learn_1.5.2_1.6.0,M12.4,_claude-code_glm-5.1_run_002,SWE-Milestone-log-results/scikit-learn_scikit-learn_1.5.2_1.6.0/e2e_trial/_claude-code_glm-5.1_run_002/evaluation/M12.4/evaluation_result.json,0.0,0.47115384615384615,0.0728862973760933,0.12624310815685064
e2e,scikit-learn_scikit-learn_1.5.2_1.6.0,M12.5,_claude-code_glm-5.1_run_002,SWE-Milestone-log-results/scikit-learn_scikit-learn_1.5.2_1.6.0/e2e_trial/_claude-code_glm-5.1_run_002/evaluation/M12.5/evaluation_result_filtered.json,0.0,0.851063829787234,0.03857008466603951,0.07379575674398724
e2e,scikit-learn_scikit-learn_1.5.2_1.6.0,M17,_claude-code_glm-5.1_run_002,SWE-Milestone-log-results/scikit-learn_scikit-learn_1.5.2_1.6.0/e2e_trial/_claude-code_glm-5.1_run_002/evaluation/M17/evaluation_result.json,0.0,1.0,0.043689320388349516,0.08372093023255814
e2e,scikit-learn_scikit-learn_1.5.2_1.6.0,M01,_claude-code_glm-5_refine_run_002,SWE-Milestone-log-results/scikit-learn_scikit-learn_1.5.2_1.6.0/e2e_trial/_claude-code_glm-5_refine_run_002/evaluation/M01/evaluation_result.json,0.0,0.0,0.001949317738791423,0.0
e2e,scikit-learn_scikit-learn_1.5.2_1.6.0,M03,_claude-code_glm-5_refine_run_002,SWE-Milestone-log-results/scikit-learn_scikit-learn_1.5.2_1.6.0/e2e_trial/_claude-code_glm-5_refine_run_002/evaluation/M03/evaluation_result.json,0.0,1.0,0.0064794816414686825,0.012875536480686697
e2e,scikit-learn_scikit-learn_1.5.2_1.6.0,M04,_claude-code_glm-5_refine_run_002,SWE-Milestone-log-results/scikit-learn_scikit-learn_1.5.2_1.6.0/e2e_trial/_claude-code_glm-5_refine_run_002/evaluation/M04/evaluation_result.json,0.0,0.0,0.0006583278472679394,0.0
e2e,scikit-learn_scikit-learn_1.5.2_1.6.0,M06,_claude-code_glm-5_refine_run_002,SWE-Milestone-log-results/scikit-learn_scikit-learn_1.5.2_1.6.0/e2e_trial/_claude-code_glm-5_refine_run_002/evaluation/M06/evaluation_result.json,0.0,0.4,0.42857142857142855,0.4137931034482759
e2e,scikit-learn_scikit-learn_1.5.2_1.6.0,M11,_claude-code_glm-5_refine_run_002,SWE-Milestone-log-results/scikit-learn_scikit-learn_1.5.2_1.6.0/e2e_trial/_claude-code_glm-5_refine_run_002/evaluation/M11/evaluation_result.json,0.0,0.9,1.0,0.9473684210526316
e2e,scikit-learn_scikit-learn_1.5.2_1.6.0,M12.1,_claude-code_glm-5_refine_run_002,SWE-Milestone-log-results/scikit-learn_scikit-learn_1.5.2_1.6.0/e2e_trial/_claude-code_glm-5_refine_run_002/evaluation/M12.1/evaluation_result.json,0.0,0.2597254004576659,0.18009478672985782,0.21270142647548362
e2e,scikit-learn_scikit-learn_1.5.2_1.6.0,M12.2,_claude-code_glm-5_refine_run_002,SWE-Milestone-log-results/scikit-learn_scikit-learn_1.5.2_1.6.0/e2e_trial/_claude-code_glm-5_refine_run_002/evaluation/M12.2/evaluation_result.json,0.0,0.18055555555555555,0.013270142180094787,0.024723222169394824
e2e,scikit-learn_scikit-learn_1.5.2_1.6.0,M12.3,_claude-code_glm-5_refine_run_002,SWE-Milestone-log-results/scikit-learn_scikit-learn_1.5.2_1.6.0/e2e_trial/_claude-code_glm-5_refine_run_002/evaluation/M12.3/evaluation_result.json,0.0,0.5882352941176471,0.003885552808194984,0.007720110888865495
e2e,scikit-learn_scikit-learn_1.5.2_1.6.0,M12.4,_claude-code_glm-5_refine_run_002,SWE-Milestone-log-results/scikit-learn_scikit-learn_1.5.2_1.6.0/e2e_trial/_claude-code_glm-5_refine_run_002/evaluation/M12.4/evaluation_result.json,0.0,0.0,0.0010638297872340426,0.0
e2e,scikit-learn_scikit-learn_1.5.2_1.6.0,M12.5,_claude-code_glm-5_refine_run_002,SWE-Milestone-log-results/scikit-learn_scikit-learn_1.5.2_1.6.0/e2e_trial/_claude-code_glm-5_refine_run_002/evaluation/M12.5/evaluation_result_filtered.json,0.0,0.0425531914893617,0.0019193857965451055,0.0036730945821854917
e2e,scikit-learn_scikit-learn_1.5.2_1.6.0,M13,_claude-code_glm-5_refine_run_002,SWE-Milestone-log-results/scikit-learn_scikit-learn_1.5.2_1.6.0/e2e_trial/_claude-code_glm-5_refine_run_002/evaluation/M13/evaluation_result.json,0.0,0.0,0.0018248175182481751,0.0
e2e,scikit-learn_scikit-learn_1.5.2_1.6.0,M17,_claude-code_glm-5_refine_run_002,SWE-Milestone-log-results/scikit-learn_scikit-learn_1.5.2_1.6.0/e2e_trial/_claude-code_glm-5_refine_run_002/evaluation/M17/evaluation_result.json,0.0,0.75,0.010218978102189781,0.02016322611617859
e2e,scikit-learn_scikit-learn_1.5.2_1.6.0,M01,_claude-code_glm-5_run_002,SWE-Milestone-log-results/scikit-learn_scikit-learn_1.5.2_1.6.0/e2e_trial/_claude-code_glm-5_run_002/evaluation/M01/evaluation_result.json,0.0,0.4,0.023809523809523808,0.0449438202247191
e2e,scikit-learn_scikit-learn_1.5.2_1.6.0,M03,_claude-code_glm-5_run_002,SWE-Milestone-log-results/scikit-learn_scikit-learn_1.5.2_1.6.0/e2e_trial/_claude-code_glm-5_run_002/evaluation/M03/evaluation_result.json,0.0,1.0,0.01948051948051948,0.03821656050955414
e2e,scikit-learn_scikit-learn_1.5.2_1.6.0,M04,_claude-code_glm-5_run_002,SWE-Milestone-log-results/scikit-learn_scikit-learn_1.5.2_1.6.0/e2e_trial/_claude-code_glm-5_run_002/evaluation/M04/evaluation_result.json,0.0,1.0,0.025974025974025976,0.05063291139240507
e2e,scikit-learn_scikit-learn_1.5.2_1.6.0,M06,_claude-code_glm-5_run_002,SWE-Milestone-log-results/scikit-learn_scikit-learn_1.5.2_1.6.0/e2e_trial/_claude-code_glm-5_run_002/evaluation/M06/evaluation_result.json,1.0,1.0,1.0,1.0
e2e,scikit-learn_scikit-learn_1.5.2_1.6.0,M11,_claude-code_glm-5_run_002,SWE-Milestone-log-results/scikit-learn_scikit-learn_1.5.2_1.6.0/e2e_trial/_claude-code_glm-5_run_002/evaluation/M11/evaluation_result.json,0.0,0.9,1.0,0.9473684210526316
e2e,scikit-learn_scikit-learn_1.5.2_1.6.0,M12.1,_claude-code_glm-5_run_002,SWE-Milestone-log-results/scikit-learn_scikit-learn_1.5.2_1.6.0/e2e_trial/_claude-code_glm-5_run_002/evaluation/M12.1/evaluation_result.json,0.0,0.6636155606407322,0.603950103950104,0.6323785789215898
e2e,scikit-learn_scikit-learn_1.5.2_1.6.0,M12.2,_claude-code_glm-5_run_002,SWE-Milestone-log-results/scikit-learn_scikit-learn_1.5.2_1.6.0/e2e_trial/_claude-code_glm-5_run_002/evaluation/M12.2/evaluation_result.json,0.0,0.6111111111111112,0.12228260869565218,0.20378756689995883
e2e,scikit-learn_scikit-learn_1.5.2_1.6.0,M12.3,_claude-code_glm-5_run_002,SWE-Milestone-log-results/scikit-learn_scikit-learn_1.5.2_1.6.0/e2e_trial/_claude-code_glm-5_run_002/evaluation/M12.3/evaluation_result.json,0.0,1.0,0.02247191011235955,0.04395604395604395
e2e,scikit-learn_scikit-learn_1.5.2_1.6.0,M12.4,_claude-code_glm-5_run_002,SWE-Milestone-log-results/scikit-learn_scikit-learn_1.5.2_1.6.0/e2e_trial/_claude-code_glm-5_run_002/evaluation/M12.4/evaluation_result.json,0.0,0.4230769230769231,0.13392857142857142,0.2034525277435265
e2e,scikit-learn_scikit-learn_1.5.2_1.6.0,M12.5,_claude-code_glm-5_run_002,SWE-Milestone-log-results/scikit-learn_scikit-learn_1.5.2_1.6.0/e2e_trial/_claude-code_glm-5_run_002/evaluation/M12.5/evaluation_result_filtered.json,0.0,0.425531914893617,0.03111111111111111,0.057983019258645685
e2e,scikit-learn_scikit-learn_1.5.2_1.6.0,M13,_claude-code_glm-5_run_002,SWE-Milestone-log-results/scikit-learn_scikit-learn_1.5.2_1.6.0/e2e_trial/_claude-code_glm-5_run_002/evaluation/M13/evaluation_result.json,0.0,0.7142857142857143,0.06832298136645963,0.12471655328798187
e2e,scikit-learn_scikit-learn_1.5.2_1.6.0,M17,_claude-code_glm-5_run_002,SWE-Milestone-log-results/scikit-learn_scikit-learn_1.5.2_1.6.0/e2e_trial/_claude-code_glm-5_run_002/evaluation/M17/evaluation_result.json,0.0,1.0,0.04285714285714286,0.0821917808219178
e2e,scikit-learn_scikit-learn_1.5.2_1.6.0,M01,_claude-code_kimi-k2.6_run_002,SWE-Milestone-log-results/scikit-learn_scikit-learn_1.5.2_1.6.0/e2e_trial/_claude-code_kimi-k2.6_run_002/evaluation/M01/evaluation_result.json,0.0,0.7,0.046511627906976744,0.08722741433021808
e2e,scikit-learn_scikit-learn_1.5.2_1.6.0,M03,_claude-code_kimi-k2.6_run_002,SWE-Milestone-log-results/scikit-learn_scikit-learn_1.5.2_1.6.0/e2e_trial/_claude-code_kimi-k2.6_run_002/evaluation/M03/evaluation_result.json,0.0,1.0,0.02912621359223301,0.05660377358490566
e2e,scikit-learn_scikit-learn_1.5.2_1.6.0,M04,_claude-code_kimi-k2.6_run_002,SWE-Milestone-log-results/scikit-learn_scikit-learn_1.5.2_1.6.0/e2e_trial/_claude-code_kimi-k2.6_run_002/evaluation/M04/evaluation_result.json,0.0,0.0,0.011111111111111112,0.0
e2e,scikit-learn_scikit-learn_1.5.2_1.6.0,M06,_claude-code_kimi-k2.6_run_002,SWE-Milestone-log-results/scikit-learn_scikit-learn_1.5.2_1.6.0/e2e_trial/_claude-code_kimi-k2.6_run_002/evaluation/M06/evaluation_result.json,0.0,0.0,0.0012077294685990338,0.0
e2e,scikit-learn_scikit-learn_1.5.2_1.6.0,M11,_claude-code_kimi-k2.6_run_002,SWE-Milestone-log-results/scikit-learn_scikit-learn_1.5.2_1.6.0/e2e_trial/_claude-code_kimi-k2.6_run_002/evaluation/M11/evaluation_result.json,0.0,1.0,0.12883435582822086,0.2282608695652174
e2e,scikit-learn_scikit-learn_1.5.2_1.6.0,M12.1,_claude-code_kimi-k2.6_run_002,SWE-Milestone-log-results/scikit-learn_scikit-learn_1.5.2_1.6.0/e2e_trial/_claude-code_kimi-k2.6_run_002/evaluation/M12.1/evaluation_result.json,0.0,0.7105263157894737,0.6015473887814313,0.651511036970943
e2e,scikit-learn_scikit-learn_1.5.2_1.6.0,M12.2,_claude-code_kimi-k2.6_run_002,SWE-Milestone-log-results/scikit-learn_scikit-learn_1.5.2_1.6.0/e2e_trial/_claude-code_kimi-k2.6_run_002/evaluation/M12.2/evaluation_result.json,0.0,0.4027777777777778,0.10238907849829351,0.16327296612555128
e2e,scikit-learn_scikit-learn_1.5.2_1.6.0,M12.3,_claude-code_kimi-k2.6_run_002,SWE-Milestone-log-results/scikit-learn_scikit-learn_1.5.2_1.6.0/e2e_trial/_claude-code_kimi-k2.6_run_002/evaluation/M12.3/evaluation_result.json,0.0,1.0,0.022988505747126436,0.0449438202247191
e2e,scikit-learn_scikit-learn_1.5.2_1.6.0,M12.4,_claude-code_kimi-k2.6_run_002,SWE-Milestone-log-results/scikit-learn_scikit-learn_1.5.2_1.6.0/e2e_trial/_claude-code_kimi-k2.6_run_002/evaluation/M12.4/evaluation_result.json,0.0,0.875,0.2713864306784661,0.41428111933097456
e2e,scikit-learn_scikit-learn_1.5.2_1.6.0,M12.5,_claude-code_kimi-k2.6_run_002,SWE-Milestone-log-results/scikit-learn_scikit-learn_1.5.2_1.6.0/e2e_trial/_claude-code_kimi-k2.6_run_002/evaluation/M12.5/evaluation_result_filtered.json,0.0,0.40425531914893614,0.008904719501335707,0.01742559728527537
e2e,scikit-learn_scikit-learn_1.5.2_1.6.0,M13,_claude-code_kimi-k2.6_run_002,SWE-Milestone-log-results/scikit-learn_scikit-learn_1.5.2_1.6.0/e2e_trial/_claude-code_kimi-k2.6_run_002/evaluation/M13/evaluation_result.json,0.0,0.5714285714285714,0.07563025210084033,0.13358070500927643
e2e,scikit-learn_scikit-learn_1.5.2_1.6.0,M17,_claude-code_kimi-k2.6_run_002,SWE-Milestone-log-results/scikit-learn_scikit-learn_1.5.2_1.6.0/e2e_trial/_claude-code_kimi-k2.6_run_002/evaluation/M17/evaluation_result.json,0.0,1.0,0.0743801652892562,0.13846153846153847
e2e,scikit-learn_scikit-learn_1.5.2_1.6.0,M01,_claude-code_opus-4.5_run_002,SWE-Milestone-log-results/scikit-learn_scikit-learn_1.5.2_1.6.0/e2e_trial/_claude-code_opus-4.5_run_002/evaluation/M01/evaluation_result.json,0.0,0.7,0.0149812734082397,0.02933473022524882
e2e,scikit-learn_scikit-learn_1.5.2_1.6.0,M03,_claude-code_opus-4.5_run_002,SWE-Milestone-log-results/scikit-learn_scikit-learn_1.5.2_1.6.0/e2e_trial/_claude-code_opus-4.5_run_002/evaluation/M03/evaluation_result.json,0.0,1.0,0.006289308176100629,0.0125
e2e,scikit-learn_scikit-learn_1.5.2_1.6.0,M04,_claude-code_opus-4.5_run_002,SWE-Milestone-log-results/scikit-learn_scikit-learn_1.5.2_1.6.0/e2e_trial/_claude-code_opus-4.5_run_002/evaluation/M04/evaluation_result.json,0.0,1.0,0.001467351430667645,0.002930402930402931
e2e,scikit-learn_scikit-learn_1.5.2_1.6.0,M06,_claude-code_opus-4.5_run_002,SWE-Milestone-log-results/scikit-learn_scikit-learn_1.5.2_1.6.0/e2e_trial/_claude-code_opus-4.5_run_002/evaluation/M06/evaluation_result.json,0.0,0.4,1.0,0.5714285714285715
e2e,scikit-learn_scikit-learn_1.5.2_1.6.0,M11,_claude-code_opus-4.5_run_002,SWE-Milestone-log-results/scikit-learn_scikit-learn_1.5.2_1.6.0/e2e_trial/_claude-code_opus-4.5_run_002/evaluation/M11/evaluation_result.json,0.0,0.9,1.0,0.9473684210526316
e2e,scikit-learn_scikit-learn_1.5.2_1.6.0,M12.1,_claude-code_opus-4.5_run_002,SWE-Milestone-log-results/scikit-learn_scikit-learn_1.5.2_1.6.0/e2e_trial/_claude-code_opus-4.5_run_002/evaluation/M12.1/evaluation_result.json,0.0,0.3135011441647597,0.23089840470193115,0.26593304204812557
e2e,scikit-learn_scikit-learn_1.5.2_1.6.0,M12.2,_claude-code_opus-4.5_run_002,SWE-Milestone-log-results/scikit-learn_scikit-learn_1.5.2_1.6.0/e2e_trial/_claude-code_opus-4.5_run_002/evaluation/M12.2/evaluation_result.json,0.0,0.2916666666666667,0.023809523809523808,0.04402515723270441
e2e,scikit-learn_scikit-learn_1.5.2_1.6.0,M12.3,_claude-code_opus-4.5_run_002,SWE-Milestone-log-results/scikit-learn_scikit-learn_1.5.2_1.6.0/e2e_trial/_claude-code_opus-4.5_run_002/evaluation/M12.3/evaluation_result.json,0.0,0.7058823529411765,0.005432511491851233,0.010782043750215986
e2e,scikit-learn_scikit-learn_1.5.2_1.6.0,M12.4,_claude-code_opus-4.5_run_002,SWE-Milestone-log-results/scikit-learn_scikit-learn_1.5.2_1.6.0/e2e_trial/_claude-code_opus-4.5_run_002/evaluation/M12.4/evaluation_result.json,0.0,0.16346153846153846,0.02821316614420063,0.04812077370655763
e2e,scikit-learn_scikit-learn_1.5.2_1.6.0,M12.5,_claude-code_opus-4.5_run_002,SWE-Milestone-log-results/scikit-learn_scikit-learn_1.5.2_1.6.0/e2e_trial/_claude-code_opus-4.5_run_002/evaluation/M12.5/evaluation_result_filtered.json,0.0,0.5106382978723404,0.023969319271332695,0.04578929293700156
e2e,scikit-learn_scikit-learn_1.5.2_1.6.0,M13,_claude-code_opus-4.5_run_002,SWE-Milestone-log-results/scikit-learn_scikit-learn_1.5.2_1.6.0/e2e_trial/_claude-code_opus-4.5_run_002/evaluation/M13/evaluation_result.json,0.0,0.5714285714285714,0.018218623481781375,0.03531142717018146
e2e,scikit-learn_scikit-learn_1.5.2_1.6.0,M17,_claude-code_opus-4.5_run_002,SWE-Milestone-log-results/scikit-learn_scikit-learn_1.5.2_1.6.0/e2e_trial/_claude-code_opus-4.5_run_002/evaluation/M17/evaluation_result.json,0.0,1.0,0.015873015873015872,0.03125
e2e,scikit-learn_scikit-learn_1.5.2_1.6.0,M01,_claude-code_opus-4.6_run_002,SWE-Milestone-log-results/scikit-learn_scikit-learn_1.5.2_1.6.0/e2e_trial/_claude-code_opus-4.6_run_002/evaluation/M01/evaluation_result.json,0.0,0.9,0.06329113924050633,0.11826544021024968
e2e,scikit-learn_scikit-learn_1.5.2_1.6.0,M03,_claude-code_opus-4.6_run_002,SWE-Milestone-log-results/scikit-learn_scikit-learn_1.5.2_1.6.0/e2e_trial/_claude-code_opus-4.6_run_002/evaluation/M03/evaluation_result.json,0.0,1.0,0.030927835051546393,0.06000000000000001
e2e,scikit-learn_scikit-learn_1.5.2_1.6.0,M04,_claude-code_opus-4.6_run_002,SWE-Milestone-log-results/scikit-learn_scikit-learn_1.5.2_1.6.0/e2e_trial/_claude-code_opus-4.6_run_002/evaluation/M04/evaluation_result.json,0.0,1.0,0.024390243902439025,0.047619047619047616
e2e,scikit-learn_scikit-learn_1.5.2_1.6.0,M06,_claude-code_opus-4.6_run_002,SWE-Milestone-log-results/scikit-learn_scikit-learn_1.5.2_1.6.0/e2e_trial/_claude-code_opus-4.6_run_002/evaluation/M06/evaluation_result.json,0.0,0.4,0.02,0.03809523809523809
e2e,scikit-learn_scikit-learn_1.5.2_1.6.0,M11,_claude-code_opus-4.6_run_002,SWE-Milestone-log-results/scikit-learn_scikit-learn_1.5.2_1.6.0/e2e_trial/_claude-code_opus-4.6_run_002/evaluation/M11/evaluation_result.json,0.0,1.0,0.375,0.5454545454545454
e2e,scikit-learn_scikit-learn_1.5.2_1.6.0,M12.1,_claude-code_opus-4.6_run_002,SWE-Milestone-log-results/scikit-learn_scikit-learn_1.5.2_1.6.0/e2e_trial/_claude-code_opus-4.6_run_002/evaluation/M12.1/evaluation_result.json,0.0,0.7059496567505721,0.6192384769539078,0.6597571758061698
e2e,scikit-learn_scikit-learn_1.5.2_1.6.0,M12.2,_claude-code_opus-4.6_run_002,SWE-Milestone-log-results/scikit-learn_scikit-learn_1.5.2_1.6.0/e2e_trial/_claude-code_opus-4.6_run_002/evaluation/M12.2/evaluation_result.json,0.0,0.4722222222222222,0.11475409836065574,0.18463925523661753
e2e,scikit-learn_scikit-learn_1.5.2_1.6.0,M12.3,_claude-code_opus-4.6_run_002,SWE-Milestone-log-results/scikit-learn_scikit-learn_1.5.2_1.6.0/e2e_trial/_claude-code_opus-4.6_run_002/evaluation/M12.3/evaluation_result.json,0.0,1.0,0.010856453558504222,0.021479713603818614
e2e,scikit-learn_scikit-learn_1.5.2_1.6.0,M12.4,_claude-code_opus-4.6_run_002,SWE-Milestone-log-results/scikit-learn_scikit-learn_1.5.2_1.6.0/e2e_trial/_claude-code_opus-4.6_run_002/evaluation/M12.4/evaluation_result.json,0.0,0.8942307692307693,0.1390532544378698,0.2406805792632564
e2e,scikit-learn_scikit-learn_1.5.2_1.6.0,M12.5,_claude-code_opus-4.6_run_002,SWE-Milestone-log-results/scikit-learn_scikit-learn_1.5.2_1.6.0/e2e_trial/_claude-code_opus-4.6_run_002/evaluation/M12.5/evaluation_result_filtered.json,0.0,0.40425531914893614,0.007782101167315175,0.015270243118344384
e2e,scikit-learn_scikit-learn_1.5.2_1.6.0,M13,_claude-code_opus-4.6_run_002,SWE-Milestone-log-results/scikit-learn_scikit-learn_1.5.2_1.6.0/e2e_trial/_claude-code_opus-4.6_run_002/evaluation/M13/evaluation_result.json,0.0,0.42857142857142855,0.06363636363636363,0.11081794195250658
e2e,scikit-learn_scikit-learn_1.5.2_1.6.0,M17,_claude-code_opus-4.6_run_002,SWE-Milestone-log-results/scikit-learn_scikit-learn_1.5.2_1.6.0/e2e_trial/_claude-code_opus-4.6_run_002/evaluation/M17/evaluation_result.json,0.0,1.0,0.08035714285714286,0.14876033057851243
e2e,scikit-learn_scikit-learn_1.5.2_1.6.0,M01,_claude-code_opus-4.7-xhigh-1m_run_002,SWE-Milestone-log-results/scikit-learn_scikit-learn_1.5.2_1.6.0/e2e_trial/_claude-code_opus-4.7-xhigh-1m_run_002/evaluation/M01/evaluation_result.json,0.0,0.9,0.07575757575757576,0.13975155279503107
e2e,scikit-learn_scikit-learn_1.5.2_1.6.0,M03,_claude-code_opus-4.7-xhigh-1m_run_002,SWE-Milestone-log-results/scikit-learn_scikit-learn_1.5.2_1.6.0/e2e_trial/_claude-code_opus-4.7-xhigh-1m_run_002/evaluation/M03/evaluation_result.json,0.0,1.0,0.043478260869565216,0.08333333333333333
e2e,scikit-learn_scikit-learn_1.5.2_1.6.0,M04,_claude-code_opus-4.7-xhigh-1m_run_002,SWE-Milestone-log-results/scikit-learn_scikit-learn_1.5.2_1.6.0/e2e_trial/_claude-code_opus-4.7-xhigh-1m_run_002/evaluation/M04/evaluation_result.json,0.0,1.0,0.0392156862745098,0.07547169811320754
e2e,scikit-learn_scikit-learn_1.5.2_1.6.0,M06,_claude-code_opus-4.7-xhigh-1m_run_002,SWE-Milestone-log-results/scikit-learn_scikit-learn_1.5.2_1.6.0/e2e_trial/_claude-code_opus-4.7-xhigh-1m_run_002/evaluation/M06/evaluation_result.json,0.0,0.4,0.004219409282700422,0.008350730688935281
e2e,scikit-learn_scikit-learn_1.5.2_1.6.0,M11,_claude-code_opus-4.7-xhigh-1m_run_002,SWE-Milestone-log-results/scikit-learn_scikit-learn_1.5.2_1.6.0/e2e_trial/_claude-code_opus-4.7-xhigh-1m_run_002/evaluation/M11/evaluation_result.json,0.0,0.9,0.2638888888888889,0.4081145584725537
e2e,scikit-learn_scikit-learn_1.5.2_1.6.0,M12.1,_claude-code_opus-4.7-xhigh-1m_run_002,SWE-Milestone-log-results/scikit-learn_scikit-learn_1.5.2_1.6.0/e2e_trial/_claude-code_opus-4.7-xhigh-1m_run_002/evaluation/M12.1/evaluation_result.json,0.0,0.7128146453089245,0.6147783251231527,0.6601767311612853
e2e,scikit-learn_scikit-learn_1.5.2_1.6.0,M12.2,_claude-code_opus-4.7-xhigh-1m_run_002,SWE-Milestone-log-results/scikit-learn_scikit-learn_1.5.2_1.6.0/e2e_trial/_claude-code_opus-4.7-xhigh-1m_run_002/evaluation/M12.2/evaluation_result.json,0.0,0.3194444444444444,0.08791208791208792,0.13787935556388162
e2e,scikit-learn_scikit-learn_1.5.2_1.6.0,M12.3,_claude-code_opus-4.7-xhigh-1m_run_002,SWE-Milestone-log-results/scikit-learn_scikit-learn_1.5.2_1.6.0/e2e_trial/_claude-code_opus-4.7-xhigh-1m_run_002/evaluation/M12.3/evaluation_result.json,0.0,0.8823529411764706,0.009732360097323601,0.019252366436707847
e2e,scikit-learn_scikit-learn_1.5.2_1.6.0,M12.4,_claude-code_opus-4.7-xhigh-1m_run_002,SWE-Milestone-log-results/scikit-learn_scikit-learn_1.5.2_1.6.0/e2e_trial/_claude-code_opus-4.7-xhigh-1m_run_002/evaluation/M12.4/evaluation_result.json,0.0,0.125,0.024778761061946902,0.0413589364844904
e2e,scikit-learn_scikit-learn_1.5.2_1.6.0,M12.5,_claude-code_opus-4.7-xhigh-1m_run_002,SWE-Milestone-log-results/scikit-learn_scikit-learn_1.5.2_1.6.0/e2e_trial/_claude-code_opus-4.7-xhigh-1m_run_002/evaluation/M12.5/evaluation_result.json,0.0,0.0425531914893617,0.0028708133971291866,0.005378753922008068
e2e,scikit-learn_scikit-learn_1.5.2_1.6.0,M13,_claude-code_opus-4.7-xhigh-1m_run_002,SWE-Milestone-log-results/scikit-learn_scikit-learn_1.5.2_1.6.0/e2e_trial/_claude-code_opus-4.7-xhigh-1m_run_002/evaluation/M13/evaluation_result.json,0.0,0.07142857142857142,0.012658227848101266,0.021505376344086023
e2e,scikit-learn_scikit-learn_1.5.2_1.6.0,M17,_claude-code_opus-4.7-xhigh-1m_run_002,SWE-Milestone-log-results/scikit-learn_scikit-learn_1.5.2_1.6.0/e2e_trial/_claude-code_opus-4.7-xhigh-1m_run_002/evaluation/M17/evaluation_result.json,0.0,0.75,0.04294478527607362,0.08123791102514508
e2e,scikit-learn_scikit-learn_1.5.2_1.6.0,M01,_claude-code_opus-4.7-xhigh_run_002,SWE-Milestone-log-results/scikit-learn_scikit-learn_1.5.2_1.6.0/e2e_trial/_claude-code_opus-4.7-xhigh_run_002/evaluation/M01/evaluation_result.json,0.0,0.9,0.019083969465648856,0.03737541528239203
e2e,scikit-learn_scikit-learn_1.5.2_1.6.0,M03,_claude-code_opus-4.7-xhigh_run_002,SWE-Milestone-log-results/scikit-learn_scikit-learn_1.5.2_1.6.0/e2e_trial/_claude-code_opus-4.7-xhigh_run_002/evaluation/M03/evaluation_result.json,0.0,1.0,0.0064516129032258064,0.012820512820512822
e2e,scikit-learn_scikit-learn_1.5.2_1.6.0,M04,_claude-code_opus-4.7-xhigh_run_002,SWE-Milestone-log-results/scikit-learn_scikit-learn_1.5.2_1.6.0/e2e_trial/_claude-code_opus-4.7-xhigh_run_002/evaluation/M04/evaluation_result.json,0.0,1.0,0.001516300227445034,0.003028009084027252
e2e,scikit-learn_scikit-learn_1.5.2_1.6.0,M06,_claude-code_opus-4.7-xhigh_run_002,SWE-Milestone-log-results/scikit-learn_scikit-learn_1.5.2_1.6.0/e2e_trial/_claude-code_opus-4.7-xhigh_run_002/evaluation/M06/evaluation_result.json,0.0,1.0,0.46153846153846156,0.631578947368421
e2e,scikit-learn_scikit-learn_1.5.2_1.6.0,M11,_claude-code_opus-4.7-xhigh_run_002,SWE-Milestone-log-results/scikit-learn_scikit-learn_1.5.2_1.6.0/e2e_trial/_claude-code_opus-4.7-xhigh_run_002/evaluation/M11/evaluation_result.json,1.0,1.0,1.0,1.0
e2e,scikit-learn_scikit-learn_1.5.2_1.6.0,M12.1,_claude-code_opus-4.7-xhigh_run_002,SWE-Milestone-log-results/scikit-learn_scikit-learn_1.5.2_1.6.0/e2e_trial/_claude-code_opus-4.7-xhigh_run_002/evaluation/M12.1/evaluation_result.json,0.0,0.2837528604118993,0.2703583061889251,0.276893689718721
e2e,scikit-learn_scikit-learn_1.5.2_1.6.0,M12.2,_claude-code_opus-4.7-xhigh_run_002,SWE-Milestone-log-results/scikit-learn_scikit-learn_1.5.2_1.6.0/e2e_trial/_claude-code_opus-4.7-xhigh_run_002/evaluation/M12.2/evaluation_result.json,0.0,0.5416666666666666,0.041025641025641026,0.07627429409607628
e2e,scikit-learn_scikit-learn_1.5.2_1.6.0,M12.3,_claude-code_opus-4.7-xhigh_run_002,SWE-Milestone-log-results/scikit-learn_scikit-learn_1.5.2_1.6.0/e2e_trial/_claude-code_opus-4.7-xhigh_run_002/evaluation/M12.3/evaluation_result.json,0.0,0.7058823529411765,0.005482918599746942,0.010881316918355248
e2e,scikit-learn_scikit-learn_1.5.2_1.6.0,M12.4,_claude-code_opus-4.7-xhigh_run_002,SWE-Milestone-log-results/scikit-learn_scikit-learn_1.5.2_1.6.0/e2e_trial/_claude-code_opus-4.7-xhigh_run_002/evaluation/M12.4/evaluation_result.json,0.0,0.9326923076923077,0.14040114613180515,0.24406274872268863
e2e,scikit-learn_scikit-learn_1.5.2_1.6.0,M12.5,_claude-code_opus-4.7-xhigh_run_002,SWE-Milestone-log-results/scikit-learn_scikit-learn_1.5.2_1.6.0/e2e_trial/_claude-code_opus-4.7-xhigh_run_002/evaluation/M12.5/evaluation_result_filtered.json,0.0,0.2127659574468085,0.004273504273504274,0.008378718056137411
e2e,scikit-learn_scikit-learn_1.5.2_1.6.0,M13,_claude-code_opus-4.7-xhigh_run_002,SWE-Milestone-log-results/scikit-learn_scikit-learn_1.5.2_1.6.0/e2e_trial/_claude-code_opus-4.7-xhigh_run_002/evaluation/M13/evaluation_result.json,0.0,0.7142857142857143,0.023404255319148935,0.04532344458178821
e2e,scikit-learn_scikit-learn_1.5.2_1.6.0,M17,_claude-code_opus-4.7-xhigh_run_002,SWE-Milestone-log-results/scikit-learn_scikit-learn_1.5.2_1.6.0/e2e_trial/_claude-code_opus-4.7-xhigh_run_002/evaluation/M17/evaluation_result.json,0.0,1.0,0.019313304721030045,0.037894736842105266
e2e,scikit-learn_scikit-learn_1.5.2_1.6.0,M01,_claude-code_sonnet-4.5_run_002,SWE-Milestone-log-results/scikit-learn_scikit-learn_1.5.2_1.6.0/e2e_trial/_claude-code_sonnet-4.5_run_002/evaluation/M01/evaluation_result.json,0.0,0.9,0.018148820326678767,0.03558015418066812
e2e,scikit-learn_scikit-learn_1.5.2_1.6.0,M03,_claude-code_sonnet-4.5_run_002,SWE-Milestone-log-results/scikit-learn_scikit-learn_1.5.2_1.6.0/e2e_trial/_claude-code_sonnet-4.5_run_002/evaluation/M03/evaluation_result.json,0.0,1.0,0.006097560975609756,0.012121212121212121
e2e,scikit-learn_scikit-learn_1.5.2_1.6.0,M04,_claude-code_sonnet-4.5_run_002,SWE-Milestone-log-results/scikit-learn_scikit-learn_1.5.2_1.6.0/e2e_trial/_claude-code_sonnet-4.5_run_002/evaluation/M04/evaluation_result.json,0.0,1.0,0.0014285714285714286,0.0028530670470756064
e2e,scikit-learn_scikit-learn_1.5.2_1.6.0,M06,_claude-code_sonnet-4.5_run_002,SWE-Milestone-log-results/scikit-learn_scikit-learn_1.5.2_1.6.0/e2e_trial/_claude-code_sonnet-4.5_run_002/evaluation/M06/evaluation_result.json,0.0,0.0,0.010416666666666666,0.0
e2e,scikit-learn_scikit-learn_1.5.2_1.6.0,M11,_claude-code_sonnet-4.5_run_002,SWE-Milestone-log-results/scikit-learn_scikit-learn_1.5.2_1.6.0/e2e_trial/_claude-code_sonnet-4.5_run_002/evaluation/M11/evaluation_result.json,0.0,0.9,0.17592592592592593,0.2943201376936317
e2e,scikit-learn_scikit-learn_1.5.2_1.6.0,M12.1,_claude-code_sonnet-4.5_run_002,SWE-Milestone-log-results/scikit-learn_scikit-learn_1.5.2_1.6.0/e2e_trial/_claude-code_sonnet-4.5_run_002/evaluation/M12.1/evaluation_result.json,0.0,0.3157894736842105,0.21606864274570983,0.25658047086067154
e2e,scikit-learn_scikit-learn_1.5.2_1.6.0,M12.2,_claude-code_sonnet-4.5_run_002,SWE-Milestone-log-results/scikit-learn_scikit-learn_1.5.2_1.6.0/e2e_trial/_claude-code_sonnet-4.5_run_002/evaluation/M12.2/evaluation_result.json,0.0,0.3194444444444444,0.024242424242424242,0.04506490325740877
e2e,scikit-learn_scikit-learn_1.5.2_1.6.0,M12.3,_claude-code_sonnet-4.5_run_002,SWE-Milestone-log-results/scikit-learn_scikit-learn_1.5.2_1.6.0/e2e_trial/_claude-code_sonnet-4.5_run_002/evaluation/M12.3/evaluation_result.json,0.0,0.5882352941176471,0.004,0.007945967421533572
e2e,scikit-learn_scikit-learn_1.5.2_1.6.0,M12.4,_claude-code_sonnet-4.5_run_002,SWE-Milestone-log-results/scikit-learn_scikit-learn_1.5.2_1.6.0/e2e_trial/_claude-code_sonnet-4.5_run_002/evaluation/M12.4/evaluation_result.json,0.0,0.16346153846153846,0.0182370820668693,0.03281325398101978
e2e,scikit-learn_scikit-learn_1.5.2_1.6.0,M12.5,_claude-code_sonnet-4.5_run_002,SWE-Milestone-log-results/scikit-learn_scikit-learn_1.5.2_1.6.0/e2e_trial/_claude-code_sonnet-4.5_run_002/evaluation/M12.5/evaluation_result.json,0.0,0.23404255319148937,0.008626887131560028,0.016640403403718876
e2e,scikit-learn_scikit-learn_1.5.2_1.6.0,M13,_claude-code_sonnet-4.5_run_002,SWE-Milestone-log-results/scikit-learn_scikit-learn_1.5.2_1.6.0/e2e_trial/_claude-code_sonnet-4.5_run_002/evaluation/M13/evaluation_result.json,0.0,0.5,0.016129032258064516,0.03125
e2e,scikit-learn_scikit-learn_1.5.2_1.6.0,M17,_claude-code_sonnet-4.5_run_002,SWE-Milestone-log-results/scikit-learn_scikit-learn_1.5.2_1.6.0/e2e_trial/_claude-code_sonnet-4.5_run_002/evaluation/M17/evaluation_result.json,0.0,0.75,0.011804384485666104,0.023242944106253455
e2e,scikit-learn_scikit-learn_1.5.2_1.6.0,M01,_claude-code_sonnet-4.6_run_002,SWE-Milestone-log-results/scikit-learn_scikit-learn_1.5.2_1.6.0/e2e_trial/_claude-code_sonnet-4.6_run_002/evaluation/M01/evaluation_result.json,0.0,0.9,0.06622516556291391,0.12337217272104181
e2e,scikit-learn_scikit-learn_1.5.2_1.6.0,M03,_claude-code_sonnet-4.6_run_002,SWE-Milestone-log-results/scikit-learn_scikit-learn_1.5.2_1.6.0/e2e_trial/_claude-code_sonnet-4.6_run_002/evaluation/M03/evaluation_result.json,0.0,1.0,0.03260869565217391,0.06315789473684211
e2e,scikit-learn_scikit-learn_1.5.2_1.6.0,M04,_claude-code_sonnet-4.6_run_002,SWE-Milestone-log-results/scikit-learn_scikit-learn_1.5.2_1.6.0/e2e_trial/_claude-code_sonnet-4.6_run_002/evaluation/M04/evaluation_result.json,0.0,1.0,0.005305039787798408,0.010554089709762531
e2e,scikit-learn_scikit-learn_1.5.2_1.6.0,M06,_claude-code_sonnet-4.6_run_002,SWE-Milestone-log-results/scikit-learn_scikit-learn_1.5.2_1.6.0/e2e_trial/_claude-code_sonnet-4.6_run_002/evaluation/M06/evaluation_result.json,0.0,0.4,0.09375,0.1518987341772152
e2e,scikit-learn_scikit-learn_1.5.2_1.6.0,M11,_claude-code_sonnet-4.6_run_002,SWE-Milestone-log-results/scikit-learn_scikit-learn_1.5.2_1.6.0/e2e_trial/_claude-code_sonnet-4.6_run_002/evaluation/M11/evaluation_result.json,0.0,1.0,0.5121951219512195,0.6774193548387097
e2e,scikit-learn_scikit-learn_1.5.2_1.6.0,M12.1,_claude-code_sonnet-4.6_run_002,SWE-Milestone-log-results/scikit-learn_scikit-learn_1.5.2_1.6.0/e2e_trial/_claude-code_sonnet-4.6_run_002/evaluation/M12.1/evaluation_result.json,0.0,0.7048054919908466,0.4775541795665635,0.5693408132541401
e2e,scikit-learn_scikit-learn_1.5.2_1.6.0,M12.2,_claude-code_sonnet-4.6_run_002,SWE-Milestone-log-results/scikit-learn_scikit-learn_1.5.2_1.6.0/e2e_trial/_claude-code_sonnet-4.6_run_002/evaluation/M12.2/evaluation_result.json,0.0,0.5555555555555556,0.0681063122923588,0.12133767386800827
e2e,scikit-learn_scikit-learn_1.5.2_1.6.0,M12.3,_claude-code_sonnet-4.6_run_002,SWE-Milestone-log-results/scikit-learn_scikit-learn_1.5.2_1.6.0/e2e_trial/_claude-code_sonnet-4.6_run_002/evaluation/M12.3/evaluation_result.json,0.0,0.7058823529411765,0.012487992315081652,0.024541807598521193
e2e,scikit-learn_scikit-learn_1.5.2_1.6.0,M12.4,_claude-code_sonnet-4.6_run_002,SWE-Milestone-log-results/scikit-learn_scikit-learn_1.5.2_1.6.0/e2e_trial/_claude-code_sonnet-4.6_run_002/evaluation/M12.4/evaluation_result.json,0.0,0.8942307692307693,0.28484848484848485,0.43206642613552115
e2e,scikit-learn_scikit-learn_1.5.2_1.6.0,M12.5,_claude-code_sonnet-4.6_run_002,SWE-Milestone-log-results/scikit-learn_scikit-learn_1.5.2_1.6.0/e2e_trial/_claude-code_sonnet-4.6_run_002/evaluation/M12.5/evaluation_result_filtered.json,0.0,0.3829787234042553,0.008550855085508551,0.016728215412458117
e2e,scikit-learn_scikit-learn_1.5.2_1.6.0,M13,_claude-code_sonnet-4.6_run_002,SWE-Milestone-log-results/scikit-learn_scikit-learn_1.5.2_1.6.0/e2e_trial/_claude-code_sonnet-4.6_run_002/evaluation/M13/evaluation_result.json,0.0,0.6428571428571429,0.10309278350515463,0.17769002961500494
e2e,scikit-learn_scikit-learn_1.5.2_1.6.0,M17,_claude-code_sonnet-4.6_run_002,SWE-Milestone-log-results/scikit-learn_scikit-learn_1.5.2_1.6.0/e2e_trial/_claude-code_sonnet-4.6_run_002/evaluation/M17/evaluation_result.json,0.0,1.0,0.09,0.16513761467889906
e2e,scikit-learn_scikit-learn_1.5.2_1.6.0,M01,_codex_gpt-5.2-codex_run_002,SWE-Milestone-log-results/scikit-learn_scikit-learn_1.5.2_1.6.0/e2e_trial/_codex_gpt-5.2-codex_run_002/evaluation/M01/evaluation_result.json,0.0,0.0,0.001006036217303823,0.0
e2e,scikit-learn_scikit-learn_1.5.2_1.6.0,M03,_codex_gpt-5.2-codex_run_002,SWE-Milestone-log-results/scikit-learn_scikit-learn_1.5.2_1.6.0/e2e_trial/_codex_gpt-5.2-codex_run_002/evaluation/M03/evaluation_result.json,0.0,0.0,0.0011389521640091116,0.0
e2e,scikit-learn_scikit-learn_1.5.2_1.6.0,M04,_codex_gpt-5.2-codex_run_002,SWE-Milestone-log-results/scikit-learn_scikit-learn_1.5.2_1.6.0/e2e_trial/_codex_gpt-5.2-codex_run_002/evaluation/M04/evaluation_result.json,0.0,0.0,0.004830917874396135,0.0
e2e,scikit-learn_scikit-learn_1.5.2_1.6.0,M06,_codex_gpt-5.2-codex_run_002,SWE-Milestone-log-results/scikit-learn_scikit-learn_1.5.2_1.6.0/e2e_trial/_codex_gpt-5.2-codex_run_002/evaluation/M06/evaluation_result.json,0.0,0.0,0.007352941176470588,0.0
e2e,scikit-learn_scikit-learn_1.5.2_1.6.0,M11,_codex_gpt-5.2-codex_run_002,SWE-Milestone-log-results/scikit-learn_scikit-learn_1.5.2_1.6.0/e2e_trial/_codex_gpt-5.2-codex_run_002/evaluation/M11/evaluation_result.json,0.0,0.0,0.006896551724137931,0.0
e2e,scikit-learn_scikit-learn_1.5.2_1.6.0,M12.1,_codex_gpt-5.2-codex_run_002,SWE-Milestone-log-results/scikit-learn_scikit-learn_1.5.2_1.6.0/e2e_trial/_codex_gpt-5.2-codex_run_002/evaluation/M12.1/evaluation_result.json,0.0,0.9359267734553776,0.4562674094707521,0.6134674165657867
e2e,scikit-learn_scikit-learn_1.5.2_1.6.0,M12.2,_codex_gpt-5.2-codex_run_002,SWE-Milestone-log-results/scikit-learn_scikit-learn_1.5.2_1.6.0/e2e_trial/_codex_gpt-5.2-codex_run_002/evaluation/M12.2/evaluation_result.json,0.0,0.2361111111111111,0.015706806282722512,0.029454230436038113
e2e,scikit-learn_scikit-learn_1.5.2_1.6.0,M12.3,_codex_gpt-5.2-codex_run_002,SWE-Milestone-log-results/scikit-learn_scikit-learn_1.5.2_1.6.0/e2e_trial/_codex_gpt-5.2-codex_run_002/evaluation/M12.3/evaluation_result.json,0.0,0.23529411764705882,0.003875968992248062,0.0076263107721639654
e2e,scikit-learn_scikit-learn_1.5.2_1.6.0,M12.4,_codex_gpt-5.2-codex_run_002,SWE-Milestone-log-results/scikit-learn_scikit-learn_1.5.2_1.6.0/e2e_trial/_codex_gpt-5.2-codex_run_002/evaluation/M12.4/evaluation_result.json,0.0,0.019230769230769232,0.0033149171270718232,0.0056550424128180956
e2e,scikit-learn_scikit-learn_1.5.2_1.6.0,M12.5,_codex_gpt-5.2-codex_run_002,SWE-Milestone-log-results/scikit-learn_scikit-learn_1.5.2_1.6.0/e2e_trial/_codex_gpt-5.2-codex_run_002/evaluation/M12.5/evaluation_result.json,0.0,0.1276595744680851,0.00594732370433305,0.011365173860100124
e2e,scikit-learn_scikit-learn_1.5.2_1.6.0,M13,_codex_gpt-5.2-codex_run_002,SWE-Milestone-log-results/scikit-learn_scikit-learn_1.5.2_1.6.0/e2e_trial/_codex_gpt-5.2-codex_run_002/evaluation/M13/evaluation_result.json,0.0,0.0,0.0010050251256281408,0.0
e2e,scikit-learn_scikit-learn_1.5.2_1.6.0,M17,_codex_gpt-5.2-codex_run_002,SWE-Milestone-log-results/scikit-learn_scikit-learn_1.5.2_1.6.0/e2e_trial/_codex_gpt-5.2-codex_run_002/evaluation/M17/evaluation_result.json,0.0,0.75,0.007865168539325843,0.015567086730911787
e2e,scikit-learn_scikit-learn_1.5.2_1.6.0,M01,_codex_gpt-5.2_run_002,SWE-Milestone-log-results/scikit-learn_scikit-learn_1.5.2_1.6.0/e2e_trial/_codex_gpt-5.2_run_002/evaluation/M01/evaluation_result.json,0.0,0.9,0.062111801242236024,0.11620400258231117
e2e,scikit-learn_scikit-learn_1.5.2_1.6.0,M03,_codex_gpt-5.2_run_002,SWE-Milestone-log-results/scikit-learn_scikit-learn_1.5.2_1.6.0/e2e_trial/_codex_gpt-5.2_run_002/evaluation/M03/evaluation_result.json,0.0,1.0,0.030303030303030304,0.05882352941176471
e2e,scikit-learn_scikit-learn_1.5.2_1.6.0,M04,_codex_gpt-5.2_run_002,SWE-Milestone-log-results/scikit-learn_scikit-learn_1.5.2_1.6.0/e2e_trial/_codex_gpt-5.2_run_002/evaluation/M04/evaluation_result.json,0.0,1.0,0.018867924528301886,0.037037037037037035
e2e,scikit-learn_scikit-learn_1.5.2_1.6.0,M06,_codex_gpt-5.2_run_002,SWE-Milestone-log-results/scikit-learn_scikit-learn_1.5.2_1.6.0/e2e_trial/_codex_gpt-5.2_run_002/evaluation/M06/evaluation_result.json,0.0,0.8,0.3125,0.449438202247191
e2e,scikit-learn_scikit-learn_1.5.2_1.6.0,M11,_codex_gpt-5.2_run_002,SWE-Milestone-log-results/scikit-learn_scikit-learn_1.5.2_1.6.0/e2e_trial/_codex_gpt-5.2_run_002/evaluation/M11/evaluation_result.json,0.0,1.0,0.7,0.8235294117647058
e2e,scikit-learn_scikit-learn_1.5.2_1.6.0,M12.1,_codex_gpt-5.2_run_002,SWE-Milestone-log-results/scikit-learn_scikit-learn_1.5.2_1.6.0/e2e_trial/_codex_gpt-5.2_run_002/evaluation/M12.1/evaluation_result.json,0.0,0.7139588100686499,0.621272365805169,0.6643986255466382
e2e,scikit-learn_scikit-learn_1.5.2_1.6.0,M12.2,_codex_gpt-5.2_run_002,SWE-Milestone-log-results/scikit-learn_scikit-learn_1.5.2_1.6.0/e2e_trial/_codex_gpt-5.2_run_002/evaluation/M12.2/evaluation_result.json,0.0,0.6388888888888888,0.1492063492063492,0.2419156316437283
e2e,scikit-learn_scikit-learn_1.5.2_1.6.0,M12.3,_codex_gpt-5.2_run_002,SWE-Milestone-log-results/scikit-learn_scikit-learn_1.5.2_1.6.0/e2e_trial/_codex_gpt-5.2_run_002/evaluation/M12.3/evaluation_result.json,0.0,1.0,0.023936170212765957,0.04675324675324675
e2e,scikit-learn_scikit-learn_1.5.2_1.6.0,M12.4,_codex_gpt-5.2_run_002,SWE-Milestone-log-results/scikit-learn_scikit-learn_1.5.2_1.6.0/e2e_trial/_codex_gpt-5.2_run_002/evaluation/M12.4/evaluation_result.json,0.0,0.875,0.2402088772845953,0.37693883523558674
e2e,scikit-learn_scikit-learn_1.5.2_1.6.0,M12.5,_codex_gpt-5.2_run_002,SWE-Milestone-log-results/scikit-learn_scikit-learn_1.5.2_1.6.0/e2e_trial/_codex_gpt-5.2_run_002/evaluation/M12.5/evaluation_result_filtered.json,0.0,0.2127659574468085,0.004839419269687638,0.009463586699359058
e2e,scikit-learn_scikit-learn_1.5.2_1.6.0,M13,_codex_gpt-5.2_run_002,SWE-Milestone-log-results/scikit-learn_scikit-learn_1.5.2_1.6.0/e2e_trial/_codex_gpt-5.2_run_002/evaluation/M13/evaluation_result.json,0.0,0.6428571428571429,0.08620689655172414,0.15202702702702706
e2e,scikit-learn_scikit-learn_1.5.2_1.6.0,M17,_codex_gpt-5.2_run_002,SWE-Milestone-log-results/scikit-learn_scikit-learn_1.5.2_1.6.0/e2e_trial/_codex_gpt-5.2_run_002/evaluation/M17/evaluation_result.json,0.0,1.0,0.054878048780487805,0.10404624277456646
e2e,scikit-learn_scikit-learn_1.5.2_1.6.0,M01,_codex_gpt-5.3-codex_run_002,SWE-Milestone-log-results/scikit-learn_scikit-learn_1.5.2_1.6.0/e2e_trial/_codex_gpt-5.3-codex_run_002/evaluation/M01/evaluation_result.json,0.0,0.0,0.005649717514124294,0.0
e2e,scikit-learn_scikit-learn_1.5.2_1.6.0,M03,_codex_gpt-5.3-codex_run_002,SWE-Milestone-log-results/scikit-learn_scikit-learn_1.5.2_1.6.0/e2e_trial/_codex_gpt-5.3-codex_run_002/evaluation/M03/evaluation_result.json,0.0,1.0,0.02702702702702703,0.052631578947368425
e2e,scikit-learn_scikit-learn_1.5.2_1.6.0,M04,_codex_gpt-5.3-codex_run_002,SWE-Milestone-log-results/scikit-learn_scikit-learn_1.5.2_1.6.0/e2e_trial/_codex_gpt-5.3-codex_run_002/evaluation/M04/evaluation_result.json,0.0,1.0,0.018018018018018018,0.035398230088495575
e2e,scikit-learn_scikit-learn_1.5.2_1.6.0,M06,_codex_gpt-5.3-codex_run_002,SWE-Milestone-log-results/scikit-learn_scikit-learn_1.5.2_1.6.0/e2e_trial/_codex_gpt-5.3-codex_run_002/evaluation/M06/evaluation_result.json,1.0,1.0,1.0,1.0
e2e,scikit-learn_scikit-learn_1.5.2_1.6.0,M11,_codex_gpt-5.3-codex_run_002,SWE-Milestone-log-results/scikit-learn_scikit-learn_1.5.2_1.6.0/e2e_trial/_codex_gpt-5.3-codex_run_002/evaluation/M11/evaluation_result.json,0.0,1.0,0.26582278481012656,0.41999999999999993
e2e,scikit-learn_scikit-learn_1.5.2_1.6.0,M12.1,_codex_gpt-5.3-codex_run_002,SWE-Milestone-log-results/scikit-learn_scikit-learn_1.5.2_1.6.0/e2e_trial/_codex_gpt-5.3-codex_run_002/evaluation/M12.1/evaluation_result.json,0.0,0.7048054919908466,0.6114965312190287,0.6548438062649788
e2e,scikit-learn_scikit-learn_1.5.2_1.6.0,M12.2,_codex_gpt-5.3-codex_run_002,SWE-Milestone-log-results/scikit-learn_scikit-learn_1.5.2_1.6.0/e2e_trial/_codex_gpt-5.3-codex_run_002/evaluation/M12.2/evaluation_result.json,0.0,0.5694444444444444,0.12352941176470589,0.20301815609526055
e2e,scikit-learn_scikit-learn_1.5.2_1.6.0,M12.3,_codex_gpt-5.3-codex_run_002,SWE-Milestone-log-results/scikit-learn_scikit-learn_1.5.2_1.6.0/e2e_trial/_codex_gpt-5.3-codex_run_002/evaluation/M12.3/evaluation_result.json,0.0,0.0,0.0006016847172081829,0.0
e2e,scikit-learn_scikit-learn_1.5.2_1.6.0,M12.4,_codex_gpt-5.3-codex_run_002,SWE-Milestone-log-results/scikit-learn_scikit-learn_1.5.2_1.6.0/e2e_trial/_codex_gpt-5.3-codex_run_002/evaluation/M12.4/evaluation_result.json,0.0,0.16346153846153846,0.02926829268292683,0.04964711608663909
e2e,scikit-learn_scikit-learn_1.5.2_1.6.0,M12.5,_codex_gpt-5.3-codex_run_002,SWE-Milestone-log-results/scikit-learn_scikit-learn_1.5.2_1.6.0/e2e_trial/_codex_gpt-5.3-codex_run_002/evaluation/M12.5/evaluation_result_filtered.json,0.0,0.46808510638297873,0.008607784431137725,0.01690470224672179
e2e,scikit-learn_scikit-learn_1.5.2_1.6.0,M13,_codex_gpt-5.3-codex_run_002,SWE-Milestone-log-results/scikit-learn_scikit-learn_1.5.2_1.6.0/e2e_trial/_codex_gpt-5.3-codex_run_002/evaluation/M13/evaluation_result.json,0.0,0.7142857142857143,0.08333333333333333,0.14925373134328357
e2e,scikit-learn_scikit-learn_1.5.2_1.6.0,M17,_codex_gpt-5.3-codex_run_002,SWE-Milestone-log-results/scikit-learn_scikit-learn_1.5.2_1.6.0/e2e_trial/_codex_gpt-5.3-codex_run_002/evaluation/M17/evaluation_result.json,0.0,1.0,0.04522613065326633,0.08653846153846154
e2e,scikit-learn_scikit-learn_1.5.2_1.6.0,M01,_codex_gpt-5.4_run_002,SWE-Milestone-log-results/scikit-learn_scikit-learn_1.5.2_1.6.0/e2e_trial/_codex_gpt-5.4_run_002/evaluation/M01/evaluation_result.json,0.0,0.9,0.08333333333333333,0.15254237288135591
e2e,scikit-learn_scikit-learn_1.5.2_1.6.0,M03,_codex_gpt-5.4_run_002,SWE-Milestone-log-results/scikit-learn_scikit-learn_1.5.2_1.6.0/e2e_trial/_codex_gpt-5.4_run_002/evaluation/M03/evaluation_result.json,0.0,1.0,0.05084745762711865,0.0967741935483871
e2e,scikit-learn_scikit-learn_1.5.2_1.6.0,M04,_codex_gpt-5.4_run_002,SWE-Milestone-log-results/scikit-learn_scikit-learn_1.5.2_1.6.0/e2e_trial/_codex_gpt-5.4_run_002/evaluation/M04/evaluation_result.json,0.0,1.0,0.030303030303030304,0.05882352941176471
e2e,scikit-learn_scikit-learn_1.5.2_1.6.0,M06,_codex_gpt-5.4_run_002,SWE-Milestone-log-results/scikit-learn_scikit-learn_1.5.2_1.6.0/e2e_trial/_codex_gpt-5.4_run_002/evaluation/M06/evaluation_result.json,0.0,0.4,1.0,0.5714285714285715
e2e,scikit-learn_scikit-learn_1.5.2_1.6.0,M11,_codex_gpt-5.4_run_002,SWE-Milestone-log-results/scikit-learn_scikit-learn_1.5.2_1.6.0/e2e_trial/_codex_gpt-5.4_run_002/evaluation/M11/evaluation_result.json,0.0,1.0,0.26582278481012656,0.41999999999999993
e2e,scikit-learn_scikit-learn_1.5.2_1.6.0,M12.1,_codex_gpt-5.4_run_002,SWE-Milestone-log-results/scikit-learn_scikit-learn_1.5.2_1.6.0/e2e_trial/_codex_gpt-5.4_run_002/evaluation/M12.1/evaluation_result.json,0.0,0.7082379862700229,0.6138613861386139,0.6576812016417182
e2e,scikit-learn_scikit-learn_1.5.2_1.6.0,M12.2,_codex_gpt-5.4_run_002,SWE-Milestone-log-results/scikit-learn_scikit-learn_1.5.2_1.6.0/e2e_trial/_codex_gpt-5.4_run_002/evaluation/M12.2/evaluation_result.json,0.0,0.8888888888888888,0.20833333333333334,0.3375527426160338
e2e,scikit-learn_scikit-learn_1.5.2_1.6.0,M12.3,_codex_gpt-5.4_run_002,SWE-Milestone-log-results/scikit-learn_scikit-learn_1.5.2_1.6.0/e2e_trial/_codex_gpt-5.4_run_002/evaluation/M12.3/evaluation_result.json,0.0,1.0,0.025280898876404494,0.04931506849315069
e2e,scikit-learn_scikit-learn_1.5.2_1.6.0,M12.4,_codex_gpt-5.4_run_002,SWE-Milestone-log-results/scikit-learn_scikit-learn_1.5.2_1.6.0/e2e_trial/_codex_gpt-5.4_run_002/evaluation/M12.4/evaluation_result.json,0.0,0.8557692307692307,0.30303030303030304,0.44757354790042747
e2e,scikit-learn_scikit-learn_1.5.2_1.6.0,M12.5,_codex_gpt-5.4_run_002,SWE-Milestone-log-results/scikit-learn_scikit-learn_1.5.2_1.6.0/e2e_trial/_codex_gpt-5.4_run_002/evaluation/M12.5/evaluation_result_filtered.json,0.0,0.46808510638297873,0.010464058234758872,0.02047049780528754
e2e,scikit-learn_scikit-learn_1.5.2_1.6.0,M13,_codex_gpt-5.4_run_002,SWE-Milestone-log-results/scikit-learn_scikit-learn_1.5.2_1.6.0/e2e_trial/_codex_gpt-5.4_run_002/evaluation/M13/evaluation_result.json,0.0,0.7142857142857143,0.14102564102564102,0.2355460385438972
e2e,scikit-learn_scikit-learn_1.5.2_1.6.0,M17,_codex_gpt-5.4_run_002,SWE-Milestone-log-results/scikit-learn_scikit-learn_1.5.2_1.6.0/e2e_trial/_codex_gpt-5.4_run_002/evaluation/M17/evaluation_result.json,0.0,1.0,0.11688311688311688,0.20930232558139536
e2e,scikit-learn_scikit-learn_1.5.2_1.6.0,M01,_codex_gpt-5.5_run_002,SWE-Milestone-log-results/scikit-learn_scikit-learn_1.5.2_1.6.0/e2e_trial/_codex_gpt-5.5_run_002/evaluation/M01/evaluation_result.json,0.0,0.9,0.06535947712418301,0.12186865267433988
e2e,scikit-learn_scikit-learn_1.5.2_1.6.0,M03,_codex_gpt-5.5_run_002,SWE-Milestone-log-results/scikit-learn_scikit-learn_1.5.2_1.6.0/e2e_trial/_codex_gpt-5.5_run_002/evaluation/M03/evaluation_result.json,0.0,1.0,0.03260869565217391,0.06315789473684211
e2e,scikit-learn_scikit-learn_1.5.2_1.6.0,M04,_codex_gpt-5.5_run_002,SWE-Milestone-log-results/scikit-learn_scikit-learn_1.5.2_1.6.0/e2e_trial/_codex_gpt-5.5_run_002/evaluation/M04/evaluation_result.json,0.0,1.0,0.006369426751592357,0.012658227848101266
e2e,scikit-learn_scikit-learn_1.5.2_1.6.0,M06,_codex_gpt-5.5_run_002,SWE-Milestone-log-results/scikit-learn_scikit-learn_1.5.2_1.6.0/e2e_trial/_codex_gpt-5.5_run_002/evaluation/M06/evaluation_result.json,1.0,1.0,1.0,1.0
e2e,scikit-learn_scikit-learn_1.5.2_1.6.0,M11,_codex_gpt-5.5_run_002,SWE-Milestone-log-results/scikit-learn_scikit-learn_1.5.2_1.6.0/e2e_trial/_codex_gpt-5.5_run_002/evaluation/M11/evaluation_result.json,1.0,1.0,1.0,1.0
e2e,scikit-learn_scikit-learn_1.5.2_1.6.0,M12.1,_codex_gpt-5.5_run_002,SWE-Milestone-log-results/scikit-learn_scikit-learn_1.5.2_1.6.0/e2e_trial/_codex_gpt-5.5_run_002/evaluation/M12.1/evaluation_result.json,0.0,0.7162471395881007,0.6295180722891566,0.6700879389907247
e2e,scikit-learn_scikit-learn_1.5.2_1.6.0,M12.2,_codex_gpt-5.5_run_002,SWE-Milestone-log-results/scikit-learn_scikit-learn_1.5.2_1.6.0/e2e_trial/_codex_gpt-5.5_run_002/evaluation/M12.2/evaluation_result.json,0.0,0.5833333333333334,0.1419141914191419,0.22828972317026927
e2e,scikit-learn_scikit-learn_1.5.2_1.6.0,M12.3,_codex_gpt-5.5_run_002,SWE-Milestone-log-results/scikit-learn_scikit-learn_1.5.2_1.6.0/e2e_trial/_codex_gpt-5.5_run_002/evaluation/M12.3/evaluation_result.json,0.0,1.0,0.02403204272363151,0.0469361147327249
e2e,scikit-learn_scikit-learn_1.5.2_1.6.0,M12.4,_codex_gpt-5.5_run_002,SWE-Milestone-log-results/scikit-learn_scikit-learn_1.5.2_1.6.0/e2e_trial/_codex_gpt-5.5_run_002/evaluation/M12.4/evaluation_result.json,0.0,0.9326923076923077,0.28488372093023256,0.436455463728191
e2e,scikit-learn_scikit-learn_1.5.2_1.6.0,M12.5,_codex_gpt-5.5_run_002,SWE-Milestone-log-results/scikit-learn_scikit-learn_1.5.2_1.6.0/e2e_trial/_codex_gpt-5.5_run_002/evaluation/M12.5/evaluation_result_filtered.json,0.0,0.46808510638297873,0.010323159784560144,0.020200810427770124
e2e,scikit-learn_scikit-learn_1.5.2_1.6.0,M13,_codex_gpt-5.5_run_002,SWE-Milestone-log-results/scikit-learn_scikit-learn_1.5.2_1.6.0/e2e_trial/_codex_gpt-5.5_run_002/evaluation/M13/evaluation_result.json,0.0,0.7142857142857143,0.09482758620689655,0.167427701674277
e2e,scikit-learn_scikit-learn_1.5.2_1.6.0,M17,_codex_gpt-5.5_run_002,SWE-Milestone-log-results/scikit-learn_scikit-learn_1.5.2_1.6.0/e2e_trial/_codex_gpt-5.5_run_002/evaluation/M17/evaluation_result.json,0.0,0.75,0.0673076923076923,0.12352941176470589
e2e,scikit-learn_scikit-learn_1.5.2_1.6.0,M01,_gemini-cli_gemini-3-flash_run_002,SWE-Milestone-log-results/scikit-learn_scikit-learn_1.5.2_1.6.0/e2e_trial/_gemini-cli_gemini-3-flash_run_002/evaluation/M01/evaluation_result.json,0.0,0.9,0.05952380952380952,0.11166253101736971
e2e,scikit-learn_scikit-learn_1.5.2_1.6.0,M03,_gemini-cli_gemini-3-flash_run_002,SWE-Milestone-log-results/scikit-learn_scikit-learn_1.5.2_1.6.0/e2e_trial/_gemini-cli_gemini-3-flash_run_002/evaluation/M03/evaluation_result.json,0.0,0.5,0.019230769230769232,0.037037037037037035
e2e,scikit-learn_scikit-learn_1.5.2_1.6.0,M06,_gemini-cli_gemini-3-flash_run_002,SWE-Milestone-log-results/scikit-learn_scikit-learn_1.5.2_1.6.0/e2e_trial/_gemini-cli_gemini-3-flash_run_002/evaluation/M06/evaluation_result.json,1.0,1.0,1.0,1.0
e2e,scikit-learn_scikit-learn_1.5.2_1.6.0,M11,_gemini-cli_gemini-3-flash_run_002,SWE-Milestone-log-results/scikit-learn_scikit-learn_1.5.2_1.6.0/e2e_trial/_gemini-cli_gemini-3-flash_run_002/evaluation/M11/evaluation_result.json,0.0,0.9,1.0,0.9473684210526316
e2e,scikit-learn_scikit-learn_1.5.2_1.6.0,M12.1,_gemini-cli_gemini-3-flash_run_002,SWE-Milestone-log-results/scikit-learn_scikit-learn_1.5.2_1.6.0/e2e_trial/_gemini-cli_gemini-3-flash_run_002/evaluation/M12.1/evaluation_result.json,0.0,0.7048054919908466,0.461136023916293,0.5575085847391867
e2e,scikit-learn_scikit-learn_1.5.2_1.6.0,M12.2,_gemini-cli_gemini-3-flash_run_002,SWE-Milestone-log-results/scikit-learn_scikit-learn_1.5.2_1.6.0/e2e_trial/_gemini-cli_gemini-3-flash_run_002/evaluation/M12.2/evaluation_result.json,0.0,0.5972222222222222,0.06576980568011959,0.11849068420228591
e2e,scikit-learn_scikit-learn_1.5.2_1.6.0,M12.3,_gemini-cli_gemini-3-flash_run_002,SWE-Milestone-log-results/scikit-learn_scikit-learn_1.5.2_1.6.0/e2e_trial/_gemini-cli_gemini-3-flash_run_002/evaluation/M12.3/evaluation_result.json,0.0,0.9411764705882353,0.008228460793804453,0.016314289998500524
e2e,scikit-learn_scikit-learn_1.5.2_1.6.0,M12.4,_gemini-cli_gemini-3-flash_run_002,SWE-Milestone-log-results/scikit-learn_scikit-learn_1.5.2_1.6.0/e2e_trial/_gemini-cli_gemini-3-flash_run_002/evaluation/M12.4/evaluation_result.json,0.0,0.8269230769230769,0.26443768996960487,0.4007284023351722
e2e,scikit-learn_scikit-learn_1.5.2_1.6.0,M12.5,_gemini-cli_gemini-3-flash_run_002,SWE-Milestone-log-results/scikit-learn_scikit-learn_1.5.2_1.6.0/e2e_trial/_gemini-cli_gemini-3-flash_run_002/evaluation/M12.5/evaluation_result_filtered.json,0.0,0.0,0.0017391304347826088,0.0
e2e,scikit-learn_scikit-learn_1.5.2_1.6.0,M13,_gemini-cli_gemini-3-flash_run_002,SWE-Milestone-log-results/scikit-learn_scikit-learn_1.5.2_1.6.0/e2e_trial/_gemini-cli_gemini-3-flash_run_002/evaluation/M13/evaluation_result.json,0.0,0.5714285714285714,0.08256880733944955,0.14428857715430862
e2e,scikit-learn_scikit-learn_1.5.2_1.6.0,M06,_gemini-cli_gemini-3-pro_run_002,SWE-Milestone-log-results/scikit-learn_scikit-learn_1.5.2_1.6.0/e2e_trial/_gemini-cli_gemini-3-pro_run_002/evaluation/M06/evaluation_result.json,1.0,1.0,1.0,1.0
e2e,scikit-learn_scikit-learn_1.5.2_1.6.0,M11,_gemini-cli_gemini-3-pro_run_002,SWE-Milestone-log-results/scikit-learn_scikit-learn_1.5.2_1.6.0/e2e_trial/_gemini-cli_gemini-3-pro_run_002/evaluation/M11/evaluation_result.json,1.0,1.0,1.0,1.0
e2e,scikit-learn_scikit-learn_1.5.2_1.6.0,M12.1,_gemini-cli_gemini-3-pro_run_002,SWE-Milestone-log-results/scikit-learn_scikit-learn_1.5.2_1.6.0/e2e_trial/_gemini-cli_gemini-3-pro_run_002/evaluation/M12.1/evaluation_result.json,0.0,0.6567505720823799,0.38461538461538464,0.4851250845165652
e2e,scikit-learn_scikit-learn_1.5.2_1.6.0,M12.2,_gemini-cli_gemini-3-pro_run_002,SWE-Milestone-log-results/scikit-learn_scikit-learn_1.5.2_1.6.0/e2e_trial/_gemini-cli_gemini-3-pro_run_002/evaluation/M12.2/evaluation_result.json,0.0,0.5,0.05522388059701493,0.09946236559139786
e2e,scikit-learn_scikit-learn_1.5.2_1.6.0,M06,_gemini-cli_gemini-3.1-pro_run_002,SWE-Milestone-log-results/scikit-learn_scikit-learn_1.5.2_1.6.0/e2e_trial/_gemini-cli_gemini-3.1-pro_run_002/evaluation/M06/evaluation_result.json,1.0,1.0,1.0,1.0
e2e,scikit-learn_scikit-learn_1.5.2_1.6.0,M11,_gemini-cli_gemini-3.1-pro_run_002,SWE-Milestone-log-results/scikit-learn_scikit-learn_1.5.2_1.6.0/e2e_trial/_gemini-cli_gemini-3.1-pro_run_002/evaluation/M11/evaluation_result.json,0.0,0.9,1.0,0.9473684210526316
e2e,scikit-learn_scikit-learn_1.5.2_1.6.0,M12.2,_gemini-cli_gemini-3.1-pro_run_002,SWE-Milestone-log-results/scikit-learn_scikit-learn_1.5.2_1.6.0/e2e_trial/_gemini-cli_gemini-3.1-pro_run_002/evaluation/M12.2/evaluation_result.json,0.0,0.4722222222222222,0.07675438596491228,0.13204616067465605
e2e,scikit-learn_scikit-learn_1.5.2_1.6.0,M12.3,_gemini-cli_gemini-3.1-pro_run_002,SWE-Milestone-log-results/scikit-learn_scikit-learn_1.5.2_1.6.0/e2e_trial/_gemini-cli_gemini-3.1-pro_run_002/evaluation/M12.3/evaluation_result.json,0.0,0.8235294117647058,0.0032945310784098397,0.006562807631607732
e2e,scikit-learn_scikit-learn_1.5.2_1.6.0,M12.4,_gemini-cli_gemini-3.1-pro_run_002,SWE-Milestone-log-results/scikit-learn_scikit-learn_1.5.2_1.6.0/e2e_trial/_gemini-cli_gemini-3.1-pro_run_002/evaluation/M12.4/evaluation_result.json,0.0,0.9038461538461539,0.1111111111111111,0.19789473684210526
e2e,scikit-learn_scikit-learn_1.5.2_1.6.0,M01,_openhands_gemini-3-flash_run_002,SWE-Milestone-log-results/scikit-learn_scikit-learn_1.5.2_1.6.0/e2e_trial/_openhands_gemini-3-flash_run_002/evaluation/M01/evaluation_result.json,0.0,0.8,0.01293103448275862,0.025450689289501588
e2e,scikit-learn_scikit-learn_1.5.2_1.6.0,M03,_openhands_gemini-3-flash_run_002,SWE-Milestone-log-results/scikit-learn_scikit-learn_1.5.2_1.6.0/e2e_trial/_openhands_gemini-3-flash_run_002/evaluation/M03/evaluation_result.json,0.0,1.0,0.007211538461538462,0.01431980906921241
e2e,scikit-learn_scikit-learn_1.5.2_1.6.0,M04,_openhands_gemini-3-flash_run_002,SWE-Milestone-log-results/scikit-learn_scikit-learn_1.5.2_1.6.0/e2e_trial/_openhands_gemini-3-flash_run_002/evaluation/M04/evaluation_result.json,0.0,1.0,0.0014388489208633094,0.002873563218390805
e2e,scikit-learn_scikit-learn_1.5.2_1.6.0,M06,_openhands_gemini-3-flash_run_002,SWE-Milestone-log-results/scikit-learn_scikit-learn_1.5.2_1.6.0/e2e_trial/_openhands_gemini-3-flash_run_002/evaluation/M06/evaluation_result.json,0.0,1.0,0.8571428571428571,0.923076923076923
e2e,scikit-learn_scikit-learn_1.5.2_1.6.0,M11,_openhands_gemini-3-flash_run_002,SWE-Milestone-log-results/scikit-learn_scikit-learn_1.5.2_1.6.0/e2e_trial/_openhands_gemini-3-flash_run_002/evaluation/M11/evaluation_result.json,0.0,0.9,0.95,0.9243243243243242
e2e,scikit-learn_scikit-learn_1.5.2_1.6.0,M12.1,_openhands_gemini-3-flash_run_002,SWE-Milestone-log-results/scikit-learn_scikit-learn_1.5.2_1.6.0/e2e_trial/_openhands_gemini-3-flash_run_002/evaluation/M12.1/evaluation_result.json,0.0,0.04691075514874142,0.04384133611691023,0.04532413865712105
e2e,scikit-learn_scikit-learn_1.5.2_1.6.0,M12.2,_openhands_gemini-3-flash_run_002,SWE-Milestone-log-results/scikit-learn_scikit-learn_1.5.2_1.6.0/e2e_trial/_openhands_gemini-3-flash_run_002/evaluation/M12.2/evaluation_result.json,0.0,0.20833333333333334,0.014209591474245116,0.026604589291652814
e2e,scikit-learn_scikit-learn_1.5.2_1.6.0,M12.3,_openhands_gemini-3-flash_run_002,SWE-Milestone-log-results/scikit-learn_scikit-learn_1.5.2_1.6.0/e2e_trial/_openhands_gemini-3-flash_run_002/evaluation/M12.3/evaluation_result.json,0.0,0.7058823529411765,0.004496713939813214,0.008936499298255665
e2e,scikit-learn_scikit-learn_1.5.2_1.6.0,M12.4,_openhands_gemini-3-flash_run_002,SWE-Milestone-log-results/scikit-learn_scikit-learn_1.5.2_1.6.0/e2e_trial/_openhands_gemini-3-flash_run_002/evaluation/M12.4/evaluation_result.json,0.0,0.15384615384615385,0.01691542288557214,0.030479605558045724
e2e,scikit-learn_scikit-learn_1.5.2_1.6.0,M12.5,_openhands_gemini-3-flash_run_002,SWE-Milestone-log-results/scikit-learn_scikit-learn_1.5.2_1.6.0/e2e_trial/_openhands_gemini-3-flash_run_002/evaluation/M12.5/evaluation_result_filtered.json,0.0,0.3404255319148936,0.009929906542056074,0.019296938739313964
e2e,scikit-learn_scikit-learn_1.5.2_1.6.0,M13,_openhands_gemini-3-flash_run_002,SWE-Milestone-log-results/scikit-learn_scikit-learn_1.5.2_1.6.0/e2e_trial/_openhands_gemini-3-flash_run_002/evaluation/M13/evaluation_result.json,0.0,0.5714285714285714,0.012064343163538873,0.023629799803085
e2e,scikit-learn_scikit-learn_1.5.2_1.6.0,M17,_openhands_gemini-3-flash_run_002,SWE-Milestone-log-results/scikit-learn_scikit-learn_1.5.2_1.6.0/e2e_trial/_openhands_gemini-3-flash_run_002/evaluation/M17/evaluation_result.json,0.0,1.0,0.014827018121911038,0.02922077922077922
e2e,scikit-learn_scikit-learn_1.5.2_1.6.0,M01,_openhands_glm-5_run_002,SWE-Milestone-log-results/scikit-learn_scikit-learn_1.5.2_1.6.0/e2e_trial/_openhands_glm-5_run_002/evaluation/M01/evaluation_result.json,0.0,0.9,0.02197802197802198,0.04290822407628129
e2e,scikit-learn_scikit-learn_1.5.2_1.6.0,M03,_openhands_glm-5_run_002,SWE-Milestone-log-results/scikit-learn_scikit-learn_1.5.2_1.6.0/e2e_trial/_openhands_glm-5_run_002/evaluation/M03/evaluation_result.json,0.0,1.0,0.007575757575757576,0.015037593984962407
e2e,scikit-learn_scikit-learn_1.5.2_1.6.0,M04,_openhands_glm-5_run_002,SWE-Milestone-log-results/scikit-learn_scikit-learn_1.5.2_1.6.0/e2e_trial/_openhands_glm-5_run_002/evaluation/M04/evaluation_result.json,0.0,1.0,0.0015420200462606013,0.003079291762894534
e2e,scikit-learn_scikit-learn_1.5.2_1.6.0,M06,_openhands_glm-5_run_002,SWE-Milestone-log-results/scikit-learn_scikit-learn_1.5.2_1.6.0/e2e_trial/_openhands_glm-5_run_002/evaluation/M06/evaluation_result.json,0.0,0.4,1.0,0.5714285714285715
e2e,scikit-learn_scikit-learn_1.5.2_1.6.0,M11,_openhands_glm-5_run_002,SWE-Milestone-log-results/scikit-learn_scikit-learn_1.5.2_1.6.0/e2e_trial/_openhands_glm-5_run_002/evaluation/M11/evaluation_result.json,0.0,0.9,1.0,0.9473684210526316
e2e,scikit-learn_scikit-learn_1.5.2_1.6.0,M12.1,_openhands_glm-5_run_002,SWE-Milestone-log-results/scikit-learn_scikit-learn_1.5.2_1.6.0/e2e_trial/_openhands_glm-5_run_002/evaluation/M12.1/evaluation_result.json,0.0,0.32036613272311215,0.23475355054302421,0.2709580992984981
e2e,scikit-learn_scikit-learn_1.5.2_1.6.0,M12.2,_openhands_glm-5_run_002,SWE-Milestone-log-results/scikit-learn_scikit-learn_1.5.2_1.6.0/e2e_trial/_openhands_glm-5_run_002/evaluation/M12.2/evaluation_result.json,0.0,0.4722222222222222,0.03854625550660793,0.07127455678006708
e2e,scikit-learn_scikit-learn_1.5.2_1.6.0,M12.3,_openhands_glm-5_run_002,SWE-Milestone-log-results/scikit-learn_scikit-learn_1.5.2_1.6.0/e2e_trial/_openhands_glm-5_run_002/evaluation/M12.3/evaluation_result.json,0.0,0.5882352941176471,0.004166666666666667,0.008274720728175424
e2e,scikit-learn_scikit-learn_1.5.2_1.6.0,M12.4,_openhands_glm-5_run_002,SWE-Milestone-log-results/scikit-learn_scikit-learn_1.5.2_1.6.0/e2e_trial/_openhands_glm-5_run_002/evaluation/M12.4/evaluation_result.json,0.0,0.5865384615384616,0.06424870466321243,0.11581155359576195
e2e,scikit-learn_scikit-learn_1.5.2_1.6.0,M12.5,_openhands_glm-5_run_002,SWE-Milestone-log-results/scikit-learn_scikit-learn_1.5.2_1.6.0/e2e_trial/_openhands_glm-5_run_002/evaluation/M12.5/evaluation_result_filtered.json,0.0,0.06382978723404255,0.0031746031746031746,0.006048387096774193
e2e,scikit-learn_scikit-learn_1.5.2_1.6.0,M13,_openhands_glm-5_run_002,SWE-Milestone-log-results/scikit-learn_scikit-learn_1.5.2_1.6.0/e2e_trial/_openhands_glm-5_run_002/evaluation/M13/evaluation_result.json,0.0,0.7142857142857143,0.02743142144638404,0.05283381364073007
e2e,scikit-learn_scikit-learn_1.5.2_1.6.0,M17,_openhands_glm-5_run_002,SWE-Milestone-log-results/scikit-learn_scikit-learn_1.5.2_1.6.0/e2e_trial/_openhands_glm-5_run_002/evaluation/M17/evaluation_result.json,0.0,1.0,0.01875,0.03680981595092024
e2e,scikit-learn_scikit-learn_1.5.2_1.6.0,M01,_openhands_gpt-5.3-codex_run_002,SWE-Milestone-log-results/scikit-learn_scikit-learn_1.5.2_1.6.0/e2e_trial/_openhands_gpt-5.3-codex_run_002/evaluation/M01/evaluation_result.json,0.0,0.9,0.013280212483399735,0.026174203867965682
e2e,scikit-learn_scikit-learn_1.5.2_1.6.0,M03,_openhands_gpt-5.3-codex_run_002,SWE-Milestone-log-results/scikit-learn_scikit-learn_1.5.2_1.6.0/e2e_trial/_openhands_gpt-5.3-codex_run_002/evaluation/M03/evaluation_result.json,0.0,1.0,0.00641025641025641,0.012738853503184714
e2e,scikit-learn_scikit-learn_1.5.2_1.6.0,M04,_openhands_gpt-5.3-codex_run_002,SWE-Milestone-log-results/scikit-learn_scikit-learn_1.5.2_1.6.0/e2e_trial/_openhands_gpt-5.3-codex_run_002/evaluation/M04/evaluation_result.json,0.0,0.0,7.496813854112003e-05,0.0
e2e,scikit-learn_scikit-learn_1.5.2_1.6.0,M06,_openhands_gpt-5.3-codex_run_002,SWE-Milestone-log-results/scikit-learn_scikit-learn_1.5.2_1.6.0/e2e_trial/_openhands_gpt-5.3-codex_run_002/evaluation/M06/evaluation_result.json,1.0,1.0,1.0,1.0
e2e,scikit-learn_scikit-learn_1.5.2_1.6.0,M11,_openhands_gpt-5.3-codex_run_002,SWE-Milestone-log-results/scikit-learn_scikit-learn_1.5.2_1.6.0/e2e_trial/_openhands_gpt-5.3-codex_run_002/evaluation/M11/evaluation_result.json,0.0,1.0,0.26582278481012656,0.41999999999999993
e2e,scikit-learn_scikit-learn_1.5.2_1.6.0,M12.1,_openhands_gpt-5.3-codex_run_002,SWE-Milestone-log-results/scikit-learn_scikit-learn_1.5.2_1.6.0/e2e_trial/_openhands_gpt-5.3-codex_run_002/evaluation/M12.1/evaluation_result.json,0.0,0.004576659038901602,0.012690355329949238,0.006727211570803902
e2e,scikit-learn_scikit-learn_1.5.2_1.6.0,M12.2,_openhands_gpt-5.3-codex_run_002,SWE-Milestone-log-results/scikit-learn_scikit-learn_1.5.2_1.6.0/e2e_trial/_openhands_gpt-5.3-codex_run_002/evaluation/M12.2/evaluation_result.json,0.0,0.3333333333333333,0.028409090909090908,0.05235602094240838
e2e,scikit-learn_scikit-learn_1.5.2_1.6.0,M12.3,_openhands_gpt-5.3-codex_run_002,SWE-Milestone-log-results/scikit-learn_scikit-learn_1.5.2_1.6.0/e2e_trial/_openhands_gpt-5.3-codex_run_002/evaluation/M12.3/evaluation_result.json,0.0,0.8823529411764706,0.011790714812085483,0.023270470742231056
e2e,scikit-learn_scikit-learn_1.5.2_1.6.0,M12.4,_openhands_gpt-5.3-codex_run_002,SWE-Milestone-log-results/scikit-learn_scikit-learn_1.5.2_1.6.0/e2e_trial/_openhands_gpt-5.3-codex_run_002/evaluation/M12.4/evaluation_result.json,0.0,0.019230769230769232,0.00024019215372297838,0.00047445832674363435
e2e,scikit-learn_scikit-learn_1.5.2_1.6.0,M12.5,_openhands_gpt-5.3-codex_run_002,SWE-Milestone-log-results/scikit-learn_scikit-learn_1.5.2_1.6.0/e2e_trial/_openhands_gpt-5.3-codex_run_002/evaluation/M12.5/evaluation_result_filtered.json,0.0,0.0,6.90846286701209e-05,0.0
e2e,scikit-learn_scikit-learn_1.5.2_1.6.0,M13,_openhands_gpt-5.3-codex_run_002,SWE-Milestone-log-results/scikit-learn_scikit-learn_1.5.2_1.6.0/e2e_trial/_openhands_gpt-5.3-codex_run_002/evaluation/M13/evaluation_result.json,0.0,0.07142857142857142,0.00016221915808256956,0.0003237031641984301
e2e,scikit-learn_scikit-learn_1.5.2_1.6.0,M17,_openhands_gpt-5.3-codex_run_002,SWE-Milestone-log-results/scikit-learn_scikit-learn_1.5.2_1.6.0/e2e_trial/_openhands_gpt-5.3-codex_run_002/evaluation/M17/evaluation_result.json,0.0,0.75,0.0005641976303699524,0.0011275470482429058
e2e,scikit-learn_scikit-learn_1.5.2_1.6.0,M01,_openhands_kimi-k2.5_run_002,SWE-Milestone-log-results/scikit-learn_scikit-learn_1.5.2_1.6.0/e2e_trial/_openhands_kimi-k2.5_run_002/evaluation/M01/evaluation_result.json,0.0,0.9,0.018691588785046728,0.03662258392675483
e2e,scikit-learn_scikit-learn_1.5.2_1.6.0,M03,_openhands_kimi-k2.5_run_002,SWE-Milestone-log-results/scikit-learn_scikit-learn_1.5.2_1.6.0/e2e_trial/_openhands_kimi-k2.5_run_002/evaluation/M03/evaluation_result.json,0.0,1.0,0.0063025210084033615,0.012526096033402923
e2e,scikit-learn_scikit-learn_1.5.2_1.6.0,M04,_openhands_kimi-k2.5_run_002,SWE-Milestone-log-results/scikit-learn_scikit-learn_1.5.2_1.6.0/e2e_trial/_openhands_kimi-k2.5_run_002/evaluation/M04/evaluation_result.json,0.0,0.0,0.0009832841691248771,0.0
e2e,scikit-learn_scikit-learn_1.5.2_1.6.0,M06,_openhands_kimi-k2.5_run_002,SWE-Milestone-log-results/scikit-learn_scikit-learn_1.5.2_1.6.0/e2e_trial/_openhands_kimi-k2.5_run_002/evaluation/M06/evaluation_result.json,0.0,0.4,0.5,0.4444444444444445
e2e,scikit-learn_scikit-learn_1.5.2_1.6.0,M11,_openhands_kimi-k2.5_run_002,SWE-Milestone-log-results/scikit-learn_scikit-learn_1.5.2_1.6.0/e2e_trial/_openhands_kimi-k2.5_run_002/evaluation/M11/evaluation_result.json,0.0,0.6,0.8125,0.6902654867256637
e2e,scikit-learn_scikit-learn_1.5.2_1.6.0,M12.1,_openhands_kimi-k2.5_run_002,SWE-Milestone-log-results/scikit-learn_scikit-learn_1.5.2_1.6.0/e2e_trial/_openhands_kimi-k2.5_run_002/evaluation/M12.1/evaluation_result.json,0.0,0.2665903890160183,0.271461716937355,0.2690040013617458
e2e,scikit-learn_scikit-learn_1.5.2_1.6.0,M12.2,_openhands_kimi-k2.5_run_002,SWE-Milestone-log-results/scikit-learn_scikit-learn_1.5.2_1.6.0/e2e_trial/_openhands_kimi-k2.5_run_002/evaluation/M12.2/evaluation_result.json,0.0,0.3055555555555556,0.03427719821162444,0.061639663783652085
e2e,scikit-learn_scikit-learn_1.5.2_1.6.0,M12.3,_openhands_kimi-k2.5_run_002,SWE-Milestone-log-results/scikit-learn_scikit-learn_1.5.2_1.6.0/e2e_trial/_openhands_kimi-k2.5_run_002/evaluation/M12.3/evaluation_result.json,0.0,0.8823529411764706,0.006562756357670222,0.013028608653167581
e2e,scikit-learn_scikit-learn_1.5.2_1.6.0,M12.4,_openhands_kimi-k2.5_run_002,SWE-Milestone-log-results/scikit-learn_scikit-learn_1.5.2_1.6.0/e2e_trial/_openhands_kimi-k2.5_run_002/evaluation/M12.4/evaluation_result.json,0.0,0.0,0.0010438413361169101,0.0
e2e,scikit-learn_scikit-learn_1.5.2_1.6.0,M12.5,_openhands_kimi-k2.5_run_002,SWE-Milestone-log-results/scikit-learn_scikit-learn_1.5.2_1.6.0/e2e_trial/_openhands_kimi-k2.5_run_002/evaluation/M12.5/evaluation_result_filtered.json,0.0,0.0425531914893617,0.0021897810218978104,0.004165220409580007
e2e,scikit-learn_scikit-learn_1.5.2_1.6.0,M13,_openhands_kimi-k2.5_run_002,SWE-Milestone-log-results/scikit-learn_scikit-learn_1.5.2_1.6.0/e2e_trial/_openhands_kimi-k2.5_run_002/evaluation/M13/evaluation_result.json,0.0,0.42857142857142855,0.014583333333333334,0.028206850235057083
e2e,scikit-learn_scikit-learn_1.5.2_1.6.0,M17,_openhands_kimi-k2.5_run_002,SWE-Milestone-log-results/scikit-learn_scikit-learn_1.5.2_1.6.0/e2e_trial/_openhands_kimi-k2.5_run_002/evaluation/M17/evaluation_result.json,0.0,1.0,0.015384615384615385,0.030303030303030307
e2e,scikit-learn_scikit-learn_1.5.2_1.6.0,M01,_openhands_kimi-k2.6_run_002,SWE-Milestone-log-results/scikit-learn_scikit-learn_1.5.2_1.6.0/e2e_trial/_openhands_kimi-k2.6_run_002/evaluation/M01/evaluation_result.json,0.0,0.9,0.013157894736842105,0.025936599423631124
e2e,scikit-learn_scikit-learn_1.5.2_1.6.0,M03,_openhands_kimi-k2.6_run_002,SWE-Milestone-log-results/scikit-learn_scikit-learn_1.5.2_1.6.0/e2e_trial/_openhands_kimi-k2.6_run_002/evaluation/M03/evaluation_result.json,0.0,1.0,0.00625,0.012422360248447204
e2e,scikit-learn_scikit-learn_1.5.2_1.6.0,M04,_openhands_kimi-k2.6_run_002,SWE-Milestone-log-results/scikit-learn_scikit-learn_1.5.2_1.6.0/e2e_trial/_openhands_kimi-k2.6_run_002/evaluation/M04/evaluation_result.json,0.0,0.0,0.0007518796992481203,0.0
e2e,scikit-learn_scikit-learn_1.5.2_1.6.0,M06,_openhands_kimi-k2.6_run_002,SWE-Milestone-log-results/scikit-learn_scikit-learn_1.5.2_1.6.0/e2e_trial/_openhands_kimi-k2.6_run_002/evaluation/M06/evaluation_result.json,0.0,0.4,1.0,0.5714285714285715
e2e,scikit-learn_scikit-learn_1.5.2_1.6.0,M11,_openhands_kimi-k2.6_run_002,SWE-Milestone-log-results/scikit-learn_scikit-learn_1.5.2_1.6.0/e2e_trial/_openhands_kimi-k2.6_run_002/evaluation/M11/evaluation_result.json,0.0,0.9,1.0,0.9473684210526316
e2e,scikit-learn_scikit-learn_1.5.2_1.6.0,M12.1,_openhands_kimi-k2.6_run_002,SWE-Milestone-log-results/scikit-learn_scikit-learn_1.5.2_1.6.0/e2e_trial/_openhands_kimi-k2.6_run_002/evaluation/M12.1/evaluation_result.json,0.0,0.002288329519450801,0.0032679738562091504,0.0026917900403768506
e2e,scikit-learn_scikit-learn_1.5.2_1.6.0,M12.2,_openhands_kimi-k2.6_run_002,SWE-Milestone-log-results/scikit-learn_scikit-learn_1.5.2_1.6.0/e2e_trial/_openhands_kimi-k2.6_run_002/evaluation/M12.2/evaluation_result.json,0.0,0.4027777777777778,0.024793388429752067,0.04671140939597315
e2e,scikit-learn_scikit-learn_1.5.2_1.6.0,M12.3,_openhands_kimi-k2.6_run_002,SWE-Milestone-log-results/scikit-learn_scikit-learn_1.5.2_1.6.0/e2e_trial/_openhands_kimi-k2.6_run_002/evaluation/M12.3/evaluation_result.json,0.0,0.7058823529411765,0.004394861392832995,0.008735336114455303
e2e,scikit-learn_scikit-learn_1.5.2_1.6.0,M12.4,_openhands_kimi-k2.6_run_002,SWE-Milestone-log-results/scikit-learn_scikit-learn_1.5.2_1.6.0/e2e_trial/_openhands_kimi-k2.6_run_002/evaluation/M12.4/evaluation_result.json,0.0,0.16346153846153846,0.01842374616171955,0.03311509117471998
e2e,scikit-learn_scikit-learn_1.5.2_1.6.0,M12.5,_openhands_kimi-k2.6_run_002,SWE-Milestone-log-results/scikit-learn_scikit-learn_1.5.2_1.6.0/e2e_trial/_openhands_kimi-k2.6_run_002/evaluation/M12.5/evaluation_result_filtered.json,0.0,0.1702127659574468,0.00539568345323741,0.01045979516234474
e2e,scikit-learn_scikit-learn_1.5.2_1.6.0,M13,_openhands_kimi-k2.6_run_002,SWE-Milestone-log-results/scikit-learn_scikit-learn_1.5.2_1.6.0/e2e_trial/_openhands_kimi-k2.6_run_002/evaluation/M13/evaluation_result.json,0.0,0.07142857142857142,0.0025412960609911056,0.0049079754601227005
e2e,scikit-learn_scikit-learn_1.5.2_1.6.0,M17,_openhands_kimi-k2.6_run_002,SWE-Milestone-log-results/scikit-learn_scikit-learn_1.5.2_1.6.0/e2e_trial/_openhands_kimi-k2.6_run_002/evaluation/M17/evaluation_result.json,0.0,1.0,0.015734265734265736,0.03098106712564544
e2e,scikit-learn_scikit-learn_1.5.2_1.6.0,M01,_openhands_minimax-m2.5_run_002,SWE-Milestone-log-results/scikit-learn_scikit-learn_1.5.2_1.6.0/e2e_trial/_openhands_minimax-m2.5_run_002/evaluation/M01/evaluation_result.json,0.0,0.8,0.01727447216890595,0.033818694222639736
e2e,scikit-learn_scikit-learn_1.5.2_1.6.0,M03,_openhands_minimax-m2.5_run_002,SWE-Milestone-log-results/scikit-learn_scikit-learn_1.5.2_1.6.0/e2e_trial/_openhands_minimax-m2.5_run_002/evaluation/M03/evaluation_result.json,0.0,1.0,0.006535947712418301,0.012987012987012988
e2e,scikit-learn_scikit-learn_1.5.2_1.6.0,M04,_openhands_minimax-m2.5_run_002,SWE-Milestone-log-results/scikit-learn_scikit-learn_1.5.2_1.6.0/e2e_trial/_openhands_minimax-m2.5_run_002/evaluation/M04/evaluation_result.json,0.0,0.0,0.0007680491551459293,0.0
e2e,scikit-learn_scikit-learn_1.5.2_1.6.0,M06,_openhands_minimax-m2.5_run_002,SWE-Milestone-log-results/scikit-learn_scikit-learn_1.5.2_1.6.0/e2e_trial/_openhands_minimax-m2.5_run_002/evaluation/M06/evaluation_result.json,0.0,0.0,1.0,0.0
e2e,scikit-learn_scikit-learn_1.5.2_1.6.0,M11,_openhands_minimax-m2.5_run_002,SWE-Milestone-log-results/scikit-learn_scikit-learn_1.5.2_1.6.0/e2e_trial/_openhands_minimax-m2.5_run_002/evaluation/M11/evaluation_result.json,0.0,0.9,1.0,0.9473684210526316
e2e,scikit-learn_scikit-learn_1.5.2_1.6.0,M12.1,_openhands_minimax-m2.5_run_002,SWE-Milestone-log-results/scikit-learn_scikit-learn_1.5.2_1.6.0/e2e_trial/_openhands_minimax-m2.5_run_002/evaluation/M12.1/evaluation_result.json,0.0,0.2631578947368421,0.2013949433304272,0.2281706835242987
e2e,scikit-learn_scikit-learn_1.5.2_1.6.0,M12.2,_openhands_minimax-m2.5_run_002,SWE-Milestone-log-results/scikit-learn_scikit-learn_1.5.2_1.6.0/e2e_trial/_openhands_minimax-m2.5_run_002/evaluation/M12.2/evaluation_result.json,0.0,0.2916666666666667,0.023404255319148935,0.04333145751266179
e2e,scikit-learn_scikit-learn_1.5.2_1.6.0,M12.3,_openhands_minimax-m2.5_run_002,SWE-Milestone-log-results/scikit-learn_scikit-learn_1.5.2_1.6.0/e2e_trial/_openhands_minimax-m2.5_run_002/evaluation/M12.3/evaluation_result.json,0.0,0.7058823529411765,0.004805914972273568,0.009546831492304397
e2e,scikit-learn_scikit-learn_1.5.2_1.6.0,M12.4,_openhands_minimax-m2.5_run_002,SWE-Milestone-log-results/scikit-learn_scikit-learn_1.5.2_1.6.0/e2e_trial/_openhands_minimax-m2.5_run_002/evaluation/M12.4/evaluation_result.json,0.0,0.11538461538461539,0.02050473186119874,0.034821428571428566
e2e,scikit-learn_scikit-learn_1.5.2_1.6.0,M12.5,_openhands_minimax-m2.5_run_002,SWE-Milestone-log-results/scikit-learn_scikit-learn_1.5.2_1.6.0/e2e_trial/_openhands_minimax-m2.5_run_002/evaluation/M12.5/evaluation_result_filtered.json,0.0,0.2978723404255319,0.014506769825918761,0.02766616164943021
e2e,scikit-learn_scikit-learn_1.5.2_1.6.0,M13,_openhands_minimax-m2.5_run_002,SWE-Milestone-log-results/scikit-learn_scikit-learn_1.5.2_1.6.0/e2e_trial/_openhands_minimax-m2.5_run_002/evaluation/M13/evaluation_result.json,0.0,0.42857142857142855,0.015659955257270694,0.030215827338129497
e2e,scikit-learn_scikit-learn_1.5.2_1.6.0,M17,_openhands_minimax-m2.5_run_002,SWE-Milestone-log-results/scikit-learn_scikit-learn_1.5.2_1.6.0/e2e_trial/_openhands_minimax-m2.5_run_002/evaluation/M17/evaluation_result.json,0.0,1.0,0.016216216216216217,0.031914893617021274
e2e,scikit-learn_scikit-learn_1.5.2_1.6.0,M01,_openhands_opus-4.6_run_002,SWE-Milestone-log-results/scikit-learn_scikit-learn_1.5.2_1.6.0/e2e_trial/_openhands_opus-4.6_run_002/evaluation/M01/evaluation_result.json,0.0,0.9,0.07692307692307693,0.14173228346456693
e2e,scikit-learn_scikit-learn_1.5.2_1.6.0,M03,_openhands_opus-4.6_run_002,SWE-Milestone-log-results/scikit-learn_scikit-learn_1.5.2_1.6.0/e2e_trial/_openhands_opus-4.6_run_002/evaluation/M03/evaluation_result.json,0.0,1.0,0.043478260869565216,0.08333333333333333
e2e,scikit-learn_scikit-learn_1.5.2_1.6.0,M04,_openhands_opus-4.6_run_002,SWE-Milestone-log-results/scikit-learn_scikit-learn_1.5.2_1.6.0/e2e_trial/_openhands_opus-4.6_run_002/evaluation/M04/evaluation_result.json,0.0,1.0,0.007246376811594203,0.014388489208633093
e2e,scikit-learn_scikit-learn_1.5.2_1.6.0,M06,_openhands_opus-4.6_run_002,SWE-Milestone-log-results/scikit-learn_scikit-learn_1.5.2_1.6.0/e2e_trial/_openhands_opus-4.6_run_002/evaluation/M06/evaluation_result.json,0.0,1.0,0.07692307692307693,0.14285714285714288
e2e,scikit-learn_scikit-learn_1.5.2_1.6.0,M11,_openhands_opus-4.6_run_002,SWE-Milestone-log-results/scikit-learn_scikit-learn_1.5.2_1.6.0/e2e_trial/_openhands_opus-4.6_run_002/evaluation/M11/evaluation_result.json,0.0,1.0,0.3387096774193548,0.5060240963855421
e2e,scikit-learn_scikit-learn_1.5.2_1.6.0,M12.1,_openhands_opus-4.6_run_002,SWE-Milestone-log-results/scikit-learn_scikit-learn_1.5.2_1.6.0/e2e_trial/_openhands_opus-4.6_run_002/evaluation/M12.1/evaluation_result.json,0.0,0.7082379862700229,0.6187624750499002,0.660483703031878
e2e,scikit-learn_scikit-learn_1.5.2_1.6.0,M12.2,_openhands_opus-4.6_run_002,SWE-Milestone-log-results/scikit-learn_scikit-learn_1.5.2_1.6.0/e2e_trial/_openhands_opus-4.6_run_002/evaluation/M12.2/evaluation_result.json,0.0,0.6388888888888888,0.16785714285714284,0.2658632562715199
e2e,scikit-learn_scikit-learn_1.5.2_1.6.0,M12.3,_openhands_opus-4.6_run_002,SWE-Milestone-log-results/scikit-learn_scikit-learn_1.5.2_1.6.0/e2e_trial/_openhands_opus-4.6_run_002/evaluation/M12.3/evaluation_result.json,0.0,1.0,0.011187072715972654,0.022126613398893668
e2e,scikit-learn_scikit-learn_1.5.2_1.6.0,M12.4,_openhands_opus-4.6_run_002,SWE-Milestone-log-results/scikit-learn_scikit-learn_1.5.2_1.6.0/e2e_trial/_openhands_opus-4.6_run_002/evaluation/M12.4/evaluation_result.json,0.0,0.9326923076923077,0.15530903328050713,0.2662782391910251
e2e,scikit-learn_scikit-learn_1.5.2_1.6.0,M12.5,_openhands_opus-4.6_run_002,SWE-Milestone-log-results/scikit-learn_scikit-learn_1.5.2_1.6.0/e2e_trial/_openhands_opus-4.6_run_002/evaluation/M12.5/evaluation_result_filtered.json,0.0,0.40425531914893614,0.007952286282306162,0.015597742432016419
e2e,scikit-learn_scikit-learn_1.5.2_1.6.0,M13,_openhands_opus-4.6_run_002,SWE-Milestone-log-results/scikit-learn_scikit-learn_1.5.2_1.6.0/e2e_trial/_openhands_opus-4.6_run_002/evaluation/M13/evaluation_result.json,0.0,0.7142857142857143,0.1527777777777778,0.2517162471395881
e2e,scikit-learn_scikit-learn_1.5.2_1.6.0,M17,_openhands_opus-4.6_run_002,SWE-Milestone-log-results/scikit-learn_scikit-learn_1.5.2_1.6.0/e2e_trial/_openhands_opus-4.6_run_002/evaluation/M17/evaluation_result.json,0.0,1.0,0.14516129032258066,0.2535211267605634
independent,zeromicro_go-zero_v1.6.0_v1.9.3,M001,_claude-code_opus-4.5_run_001,SWE-Milestone-log-results/zeromicro_go-zero_v1.6.0_v1.9.3/mstone_trial/_claude-code_opus-4.5_run_001/M001/evaluation/evaluation_result_filtered.json,1.0,1.0,1.0,1.0
independent,zeromicro_go-zero_v1.6.0_v1.9.3,M003,_claude-code_opus-4.5_run_001,SWE-Milestone-log-results/zeromicro_go-zero_v1.6.0_v1.9.3/mstone_trial/_claude-code_opus-4.5_run_001/M003/evaluation/evaluation_result_filtered.json,0.0,0.11728395061728394,0.9523809523809523,0.20884858477603735
independent,zeromicro_go-zero_v1.6.0_v1.9.3,M004,_claude-code_opus-4.5_run_001,SWE-Milestone-log-results/zeromicro_go-zero_v1.6.0_v1.9.3/mstone_trial/_claude-code_opus-4.5_run_001/M004/evaluation/evaluation_result.json,0.0,1.0,0.8873239436619719,0.9402985074626865
independent,zeromicro_go-zero_v1.6.0_v1.9.3,M005,_claude-code_opus-4.5_run_001,SWE-Milestone-log-results/zeromicro_go-zero_v1.6.0_v1.9.3/mstone_trial/_claude-code_opus-4.5_run_001/M005/evaluation/evaluation_result.json,0.0,1.0,0.7666666666666667,0.8679245283018869
independent,zeromicro_go-zero_v1.6.0_v1.9.3,M007.1,_claude-code_opus-4.5_run_001,SWE-Milestone-log-results/zeromicro_go-zero_v1.6.0_v1.9.3/mstone_trial/_claude-code_opus-4.5_run_001/M007.1/evaluation/evaluation_result.json,0.0,0.6666666666666666,0.7142857142857143,0.689655172413793
independent,zeromicro_go-zero_v1.6.0_v1.9.3,M007.2,_claude-code_opus-4.5_run_001,SWE-Milestone-log-results/zeromicro_go-zero_v1.6.0_v1.9.3/mstone_trial/_claude-code_opus-4.5_run_001/M007.2/evaluation/evaluation_result.json,0.0,0.5189873417721519,0.3111111111111111,0.38902067095899695
independent,zeromicro_go-zero_v1.6.0_v1.9.3,M008,_claude-code_opus-4.5_run_001,SWE-Milestone-log-results/zeromicro_go-zero_v1.6.0_v1.9.3/mstone_trial/_claude-code_opus-4.5_run_001/M008/evaluation/evaluation_result.json,0.0,0.92,0.9791666666666666,0.9486616937253182
independent,zeromicro_go-zero_v1.6.0_v1.9.3,M009,_claude-code_opus-4.5_run_001,SWE-Milestone-log-results/zeromicro_go-zero_v1.6.0_v1.9.3/mstone_trial/_claude-code_opus-4.5_run_001/M009/evaluation/evaluation_result.json,0.0,0.9607843137254902,1.0,0.98
independent,zeromicro_go-zero_v1.6.0_v1.9.3,M010,_claude-code_opus-4.5_run_001,SWE-Milestone-log-results/zeromicro_go-zero_v1.6.0_v1.9.3/mstone_trial/_claude-code_opus-4.5_run_001/M010/evaluation/evaluation_result.json,0.0,0.20903954802259886,0.5671641791044776,0.30548614883215647
independent,zeromicro_go-zero_v1.6.0_v1.9.3,M013,_claude-code_opus-4.5_run_001,SWE-Milestone-log-results/zeromicro_go-zero_v1.6.0_v1.9.3/mstone_trial/_claude-code_opus-4.5_run_001/M013/evaluation/evaluation_result.json,1.0,1.0,1.0,1.0
independent,zeromicro_go-zero_v1.6.0_v1.9.3,M014,_claude-code_opus-4.5_run_001,SWE-Milestone-log-results/zeromicro_go-zero_v1.6.0_v1.9.3/mstone_trial/_claude-code_opus-4.5_run_001/M014/evaluation/evaluation_result.json,0.0,0.5483870967741935,0.5454545454545454,0.5469168900804289
independent,zeromicro_go-zero_v1.6.0_v1.9.3,M017,_claude-code_opus-4.5_run_001,SWE-Milestone-log-results/zeromicro_go-zero_v1.6.0_v1.9.3/mstone_trial/_claude-code_opus-4.5_run_001/M017/evaluation/evaluation_result.json,1.0,1.0,1.0,1.0
independent,zeromicro_go-zero_v1.6.0_v1.9.3,M018,_claude-code_opus-4.5_run_001,SWE-Milestone-log-results/zeromicro_go-zero_v1.6.0_v1.9.3/mstone_trial/_claude-code_opus-4.5_run_001/M018/evaluation/evaluation_result.json,0.0,0.07432432432432433,1.0,0.13836477987421383
independent,zeromicro_go-zero_v1.6.0_v1.9.3,M019,_claude-code_opus-4.5_run_001,SWE-Milestone-log-results/zeromicro_go-zero_v1.6.0_v1.9.3/mstone_trial/_claude-code_opus-4.5_run_001/M019/evaluation/evaluation_result.json,0.0,0.850974930362117,1.0,0.9194883370955605
independent,zeromicro_go-zero_v1.6.0_v1.9.3,M020,_claude-code_opus-4.5_run_001,SWE-Milestone-log-results/zeromicro_go-zero_v1.6.0_v1.9.3/mstone_trial/_claude-code_opus-4.5_run_001/M020/evaluation/evaluation_result.json,1.0,1.0,1.0,1.0
independent,zeromicro_go-zero_v1.6.0_v1.9.3,M021,_claude-code_opus-4.5_run_001,SWE-Milestone-log-results/zeromicro_go-zero_v1.6.0_v1.9.3/mstone_trial/_claude-code_opus-4.5_run_001/M021/evaluation/evaluation_result.json,0.0,0.43333333333333335,1.0,0.6046511627906976
independent,zeromicro_go-zero_v1.6.0_v1.9.3,M022,_claude-code_opus-4.5_run_001,SWE-Milestone-log-results/zeromicro_go-zero_v1.6.0_v1.9.3/mstone_trial/_claude-code_opus-4.5_run_001/M022/evaluation/evaluation_result.json,1.0,1.0,1.0,1.0
independent,zeromicro_go-zero_v1.6.0_v1.9.3,M023,_claude-code_opus-4.5_run_001,SWE-Milestone-log-results/zeromicro_go-zero_v1.6.0_v1.9.3/mstone_trial/_claude-code_opus-4.5_run_001/M023/evaluation/evaluation_result.json,0.0,0.8295454545454546,0.9866666666666667,0.9013097522315843
independent,zeromicro_go-zero_v1.6.0_v1.9.3,M024,_claude-code_opus-4.5_run_001,SWE-Milestone-log-results/zeromicro_go-zero_v1.6.0_v1.9.3/mstone_trial/_claude-code_opus-4.5_run_001/M024/evaluation/evaluation_result.json,0.0,0.9767441860465116,0.9883720930232558,0.9825237374432365
independent,zeromicro_go-zero_v1.6.0_v1.9.3,M025,_claude-code_opus-4.5_run_001,SWE-Milestone-log-results/zeromicro_go-zero_v1.6.0_v1.9.3/mstone_trial/_claude-code_opus-4.5_run_001/M025/evaluation/evaluation_result.json,0.0,0.9523809523809523,1.0,0.975609756097561
independent,zeromicro_go-zero_v1.6.0_v1.9.3,M026,_claude-code_opus-4.5_run_001,SWE-Milestone-log-results/zeromicro_go-zero_v1.6.0_v1.9.3/mstone_trial/_claude-code_opus-4.5_run_001/M026/evaluation/evaluation_result.json,0.0,1.0,0.9090909090909091,0.9523809523809523
independent,zeromicro_go-zero_v1.6.0_v1.9.3,M027,_claude-code_opus-4.5_run_001,SWE-Milestone-log-results/zeromicro_go-zero_v1.6.0_v1.9.3/mstone_trial/_claude-code_opus-4.5_run_001/M027/evaluation/evaluation_result.json,1.0,1.0,1.0,1.0
independent,zeromicro_go-zero_v1.6.0_v1.9.3,M028,_claude-code_opus-4.5_run_001,SWE-Milestone-log-results/zeromicro_go-zero_v1.6.0_v1.9.3/mstone_trial/_claude-code_opus-4.5_run_001/M028/evaluation/evaluation_result.json,0.0,0.9807692307692307,0.9623529411764706,0.9714738141257016
independent,zeromicro_go-zero_v1.6.0_v1.9.3,M001,_claude-code_opus-4.6_run_001,SWE-Milestone-log-results/zeromicro_go-zero_v1.6.0_v1.9.3/mstone_trial/_claude-code_opus-4.6_run_001/M001/evaluation/evaluation_result_filtered.json,1.0,1.0,1.0,1.0
independent,zeromicro_go-zero_v1.6.0_v1.9.3,M003,_claude-code_opus-4.6_run_001,SWE-Milestone-log-results/zeromicro_go-zero_v1.6.0_v1.9.3/mstone_trial/_claude-code_opus-4.6_run_001/M003/evaluation/evaluation_result_filtered.json,0.0,0.11728395061728394,1.0,0.20994475138121543
independent,zeromicro_go-zero_v1.6.0_v1.9.3,M004,_claude-code_opus-4.6_run_001,SWE-Milestone-log-results/zeromicro_go-zero_v1.6.0_v1.9.3/mstone_trial/_claude-code_opus-4.6_run_001/M004/evaluation/evaluation_result.json,1.0,1.0,1.0,1.0
independent,zeromicro_go-zero_v1.6.0_v1.9.3,M005,_claude-code_opus-4.6_run_001,SWE-Milestone-log-results/zeromicro_go-zero_v1.6.0_v1.9.3/mstone_trial/_claude-code_opus-4.6_run_001/M005/evaluation/evaluation_result.json,0.0,1.0,0.7666666666666667,0.8679245283018869
independent,zeromicro_go-zero_v1.6.0_v1.9.3,M007.1,_claude-code_opus-4.6_run_001,SWE-Milestone-log-results/zeromicro_go-zero_v1.6.0_v1.9.3/mstone_trial/_claude-code_opus-4.6_run_001/M007.1/evaluation/evaluation_result.json,0.0,0.3055555555555556,1.0,0.46808510638297873
independent,zeromicro_go-zero_v1.6.0_v1.9.3,M007.2,_claude-code_opus-4.6_run_001,SWE-Milestone-log-results/zeromicro_go-zero_v1.6.0_v1.9.3/mstone_trial/_claude-code_opus-4.6_run_001/M007.2/evaluation/evaluation_result.json,0.0,0.5189873417721519,0.31343283582089554,0.3908306854289605
independent,zeromicro_go-zero_v1.6.0_v1.9.3,M008,_claude-code_opus-4.6_run_001,SWE-Milestone-log-results/zeromicro_go-zero_v1.6.0_v1.9.3/mstone_trial/_claude-code_opus-4.6_run_001/M008/evaluation/evaluation_result.json,0.0,0.92,1.0,0.9583333333333334
independent,zeromicro_go-zero_v1.6.0_v1.9.3,M009,_claude-code_opus-4.6_run_001,SWE-Milestone-log-results/zeromicro_go-zero_v1.6.0_v1.9.3/mstone_trial/_claude-code_opus-4.6_run_001/M009/evaluation/evaluation_result.json,0.0,1.0,0.9811320754716981,0.9904761904761905
independent,zeromicro_go-zero_v1.6.0_v1.9.3,M010,_claude-code_opus-4.6_run_001,SWE-Milestone-log-results/zeromicro_go-zero_v1.6.0_v1.9.3/mstone_trial/_claude-code_opus-4.6_run_001/M010/evaluation/evaluation_result.json,0.0,0.3333333333333333,0.6741573033707865,0.44609665427509293
independent,zeromicro_go-zero_v1.6.0_v1.9.3,M013,_claude-code_opus-4.6_run_001,SWE-Milestone-log-results/zeromicro_go-zero_v1.6.0_v1.9.3/mstone_trial/_claude-code_opus-4.6_run_001/M013/evaluation/evaluation_result.json,1.0,1.0,1.0,1.0
independent,zeromicro_go-zero_v1.6.0_v1.9.3,M014,_claude-code_opus-4.6_run_001,SWE-Milestone-log-results/zeromicro_go-zero_v1.6.0_v1.9.3/mstone_trial/_claude-code_opus-4.6_run_001/M014/evaluation/evaluation_result.json,0.0,0.6129032258064516,0.5714285714285714,0.5914396887159532
independent,zeromicro_go-zero_v1.6.0_v1.9.3,M017,_claude-code_opus-4.6_run_001,SWE-Milestone-log-results/zeromicro_go-zero_v1.6.0_v1.9.3/mstone_trial/_claude-code_opus-4.6_run_001/M017/evaluation/evaluation_result.json,1.0,1.0,1.0,1.0
independent,zeromicro_go-zero_v1.6.0_v1.9.3,M018,_claude-code_opus-4.6_run_001,SWE-Milestone-log-results/zeromicro_go-zero_v1.6.0_v1.9.3/mstone_trial/_claude-code_opus-4.6_run_001/M018/evaluation/evaluation_result.json,0.0,0.9932432432432432,1.0,0.9966101694915254
independent,zeromicro_go-zero_v1.6.0_v1.9.3,M019,_claude-code_opus-4.6_run_001,SWE-Milestone-log-results/zeromicro_go-zero_v1.6.0_v1.9.3/mstone_trial/_claude-code_opus-4.6_run_001/M019/evaluation/evaluation_result.json,1.0,1.0,1.0,1.0
independent,zeromicro_go-zero_v1.6.0_v1.9.3,M020,_claude-code_opus-4.6_run_001,SWE-Milestone-log-results/zeromicro_go-zero_v1.6.0_v1.9.3/mstone_trial/_claude-code_opus-4.6_run_001/M020/evaluation/evaluation_result.json,1.0,1.0,1.0,1.0
independent,zeromicro_go-zero_v1.6.0_v1.9.3,M021,_claude-code_opus-4.6_run_001,SWE-Milestone-log-results/zeromicro_go-zero_v1.6.0_v1.9.3/mstone_trial/_claude-code_opus-4.6_run_001/M021/evaluation/evaluation_result.json,0.0,1.0,0.96875,0.9841269841269841
independent,zeromicro_go-zero_v1.6.0_v1.9.3,M022,_claude-code_opus-4.6_run_001,SWE-Milestone-log-results/zeromicro_go-zero_v1.6.0_v1.9.3/mstone_trial/_claude-code_opus-4.6_run_001/M022/evaluation/evaluation_result.json,0.0,1.0,0.9722222222222222,0.9859154929577464
independent,zeromicro_go-zero_v1.6.0_v1.9.3,M023,_claude-code_opus-4.6_run_001,SWE-Milestone-log-results/zeromicro_go-zero_v1.6.0_v1.9.3/mstone_trial/_claude-code_opus-4.6_run_001/M023/evaluation/evaluation_result.json,0.0,0.8295454545454546,1.0,0.906832298136646
independent,zeromicro_go-zero_v1.6.0_v1.9.3,M024,_claude-code_opus-4.6_run_001,SWE-Milestone-log-results/zeromicro_go-zero_v1.6.0_v1.9.3/mstone_trial/_claude-code_opus-4.6_run_001/M024/evaluation/evaluation_result.json,1.0,1.0,1.0,1.0
independent,zeromicro_go-zero_v1.6.0_v1.9.3,M025,_claude-code_opus-4.6_run_001,SWE-Milestone-log-results/zeromicro_go-zero_v1.6.0_v1.9.3/mstone_trial/_claude-code_opus-4.6_run_001/M025/evaluation/evaluation_result.json,0.0,0.9523809523809523,0.9130434782608695,0.9322974472807991
independent,zeromicro_go-zero_v1.6.0_v1.9.3,M026,_claude-code_opus-4.6_run_001,SWE-Milestone-log-results/zeromicro_go-zero_v1.6.0_v1.9.3/mstone_trial/_claude-code_opus-4.6_run_001/M026/evaluation/evaluation_result.json,0.0,1.0,0.7692307692307693,0.8695652173913044
independent,zeromicro_go-zero_v1.6.0_v1.9.3,M027,_claude-code_opus-4.6_run_001,SWE-Milestone-log-results/zeromicro_go-zero_v1.6.0_v1.9.3/mstone_trial/_claude-code_opus-4.6_run_001/M027/evaluation/evaluation_result.json,1.0,1.0,1.0,1.0
independent,zeromicro_go-zero_v1.6.0_v1.9.3,M028,_claude-code_opus-4.6_run_001,SWE-Milestone-log-results/zeromicro_go-zero_v1.6.0_v1.9.3/mstone_trial/_claude-code_opus-4.6_run_001/M028/evaluation/evaluation_result.json,0.0,0.43028846153846156,0.9836065573770492,0.5986788929457344
independent,zeromicro_go-zero_v1.6.0_v1.9.3,M001,_claude-code_sonnet-4.5_run_001,SWE-Milestone-log-results/zeromicro_go-zero_v1.6.0_v1.9.3/mstone_trial/_claude-code_sonnet-4.5_run_001/M001/evaluation/evaluation_result_filtered.json,0.0,1.0,0.9642857142857143,0.9818181818181818
independent,zeromicro_go-zero_v1.6.0_v1.9.3,M003,_claude-code_sonnet-4.5_run_001,SWE-Milestone-log-results/zeromicro_go-zero_v1.6.0_v1.9.3/mstone_trial/_claude-code_sonnet-4.5_run_001/M003/evaluation/evaluation_result_filtered.json,0.0,0.5432098765432098,0.8725490196078431,0.6695733948875779
independent,zeromicro_go-zero_v1.6.0_v1.9.3,M004,_claude-code_sonnet-4.5_run_001,SWE-Milestone-log-results/zeromicro_go-zero_v1.6.0_v1.9.3/mstone_trial/_claude-code_sonnet-4.5_run_001/M004/evaluation/evaluation_result.json,0.0,0.9354838709677419,0.7283950617283951,0.8190521780756344
independent,zeromicro_go-zero_v1.6.0_v1.9.3,M005,_claude-code_sonnet-4.5_run_001,SWE-Milestone-log-results/zeromicro_go-zero_v1.6.0_v1.9.3/mstone_trial/_claude-code_sonnet-4.5_run_001/M005/evaluation/evaluation_result.json,0.0,0.6363636363636364,0.0872093023255814,0.15339663988312638
independent,zeromicro_go-zero_v1.6.0_v1.9.3,M007.1,_claude-code_sonnet-4.5_run_001,SWE-Milestone-log-results/zeromicro_go-zero_v1.6.0_v1.9.3/mstone_trial/_claude-code_sonnet-4.5_run_001/M007.1/evaluation/evaluation_result.json,0.0,0.3055555555555556,1.0,0.46808510638297873
independent,zeromicro_go-zero_v1.6.0_v1.9.3,M007.2,_claude-code_sonnet-4.5_run_001,SWE-Milestone-log-results/zeromicro_go-zero_v1.6.0_v1.9.3/mstone_trial/_claude-code_sonnet-4.5_run_001/M007.2/evaluation/evaluation_result.json,0.0,0.5189873417721519,0.31343283582089554,0.3908306854289605
independent,zeromicro_go-zero_v1.6.0_v1.9.3,M008,_claude-code_sonnet-4.5_run_001,SWE-Milestone-log-results/zeromicro_go-zero_v1.6.0_v1.9.3/mstone_trial/_claude-code_sonnet-4.5_run_001/M008/evaluation/evaluation_result.json,0.0,0.92,0.9791666666666666,0.9486616937253182
independent,zeromicro_go-zero_v1.6.0_v1.9.3,M009,_claude-code_sonnet-4.5_run_001,SWE-Milestone-log-results/zeromicro_go-zero_v1.6.0_v1.9.3/mstone_trial/_claude-code_sonnet-4.5_run_001/M009/evaluation/evaluation_result.json,0.0,0.45098039215686275,0.5853658536585366,0.5094600830641439
independent,zeromicro_go-zero_v1.6.0_v1.9.3,M010,_claude-code_sonnet-4.5_run_001,SWE-Milestone-log-results/zeromicro_go-zero_v1.6.0_v1.9.3/mstone_trial/_claude-code_sonnet-4.5_run_001/M010/evaluation/evaluation_result.json,0.0,0.20903954802259886,0.5588235294117647,0.30426314650508546
independent,zeromicro_go-zero_v1.6.0_v1.9.3,M013,_claude-code_sonnet-4.5_run_001,SWE-Milestone-log-results/zeromicro_go-zero_v1.6.0_v1.9.3/mstone_trial/_claude-code_sonnet-4.5_run_001/M013/evaluation/evaluation_result.json,0.0,0.37037037037037035,0.75,0.4958677685950414
independent,zeromicro_go-zero_v1.6.0_v1.9.3,M014,_claude-code_sonnet-4.5_run_001,SWE-Milestone-log-results/zeromicro_go-zero_v1.6.0_v1.9.3/mstone_trial/_claude-code_sonnet-4.5_run_001/M014/evaluation/evaluation_result.json,0.0,0.5483870967741935,0.5294117647058824,0.5387323943661972
independent,zeromicro_go-zero_v1.6.0_v1.9.3,M017,_claude-code_sonnet-4.5_run_001,SWE-Milestone-log-results/zeromicro_go-zero_v1.6.0_v1.9.3/mstone_trial/_claude-code_sonnet-4.5_run_001/M017/evaluation/evaluation_result.json,0.0,1.0,0.8333333333333334,0.9090909090909091
independent,zeromicro_go-zero_v1.6.0_v1.9.3,M018,_claude-code_sonnet-4.5_run_001,SWE-Milestone-log-results/zeromicro_go-zero_v1.6.0_v1.9.3/mstone_trial/_claude-code_sonnet-4.5_run_001/M018/evaluation/evaluation_result.json,0.0,0.07432432432432433,1.0,0.13836477987421383
independent,zeromicro_go-zero_v1.6.0_v1.9.3,M019,_claude-code_sonnet-4.5_run_001,SWE-Milestone-log-results/zeromicro_go-zero_v1.6.0_v1.9.3/mstone_trial/_claude-code_sonnet-4.5_run_001/M019/evaluation/evaluation_result.json,0.0,0.06406685236768803,0.4017094017094017,0.11050909834389695
independent,zeromicro_go-zero_v1.6.0_v1.9.3,M020,_claude-code_sonnet-4.5_run_001,SWE-Milestone-log-results/zeromicro_go-zero_v1.6.0_v1.9.3/mstone_trial/_claude-code_sonnet-4.5_run_001/M020/evaluation/evaluation_result.json,0.0,1.0,0.9846153846153847,0.9922480620155039
independent,zeromicro_go-zero_v1.6.0_v1.9.3,M021,_claude-code_sonnet-4.5_run_001,SWE-Milestone-log-results/zeromicro_go-zero_v1.6.0_v1.9.3/mstone_trial/_claude-code_sonnet-4.5_run_001/M021/evaluation/evaluation_result.json,0.0,0.43333333333333335,0.9333333333333333,0.5918699186991869
independent,zeromicro_go-zero_v1.6.0_v1.9.3,M022,_claude-code_sonnet-4.5_run_001,SWE-Milestone-log-results/zeromicro_go-zero_v1.6.0_v1.9.3/mstone_trial/_claude-code_sonnet-4.5_run_001/M022/evaluation/evaluation_result.json,0.0,1.0,0.9210526315789473,0.958904109589041
independent,zeromicro_go-zero_v1.6.0_v1.9.3,M023,_claude-code_sonnet-4.5_run_001,SWE-Milestone-log-results/zeromicro_go-zero_v1.6.0_v1.9.3/mstone_trial/_claude-code_sonnet-4.5_run_001/M023/evaluation/evaluation_result.json,0.0,0.8295454545454546,1.0,0.906832298136646
independent,zeromicro_go-zero_v1.6.0_v1.9.3,M024,_claude-code_sonnet-4.5_run_001,SWE-Milestone-log-results/zeromicro_go-zero_v1.6.0_v1.9.3/mstone_trial/_claude-code_sonnet-4.5_run_001/M024/evaluation/evaluation_result.json,0.0,0.6627906976744186,0.7341772151898734,0.6966599936782215
independent,zeromicro_go-zero_v1.6.0_v1.9.3,M025,_claude-code_sonnet-4.5_run_001,SWE-Milestone-log-results/zeromicro_go-zero_v1.6.0_v1.9.3/mstone_trial/_claude-code_sonnet-4.5_run_001/M025/evaluation/evaluation_result.json,0.0,0.9523809523809523,1.0,0.975609756097561
independent,zeromicro_go-zero_v1.6.0_v1.9.3,M026,_claude-code_sonnet-4.5_run_001,SWE-Milestone-log-results/zeromicro_go-zero_v1.6.0_v1.9.3/mstone_trial/_claude-code_sonnet-4.5_run_001/M026/evaluation/evaluation_result.json,0.0,1.0,0.9523809523809523,0.975609756097561
independent,zeromicro_go-zero_v1.6.0_v1.9.3,M027,_claude-code_sonnet-4.5_run_001,SWE-Milestone-log-results/zeromicro_go-zero_v1.6.0_v1.9.3/mstone_trial/_claude-code_sonnet-4.5_run_001/M027/evaluation/evaluation_result.json,0.0,1.0,0.782608695652174,0.878048780487805
independent,zeromicro_go-zero_v1.6.0_v1.9.3,M028,_claude-code_sonnet-4.5_run_001,SWE-Milestone-log-results/zeromicro_go-zero_v1.6.0_v1.9.3/mstone_trial/_claude-code_sonnet-4.5_run_001/M028/evaluation/evaluation_result.json,0.0,0.9711538461538461,0.9619952494061758,0.9665528526364292
independent,zeromicro_go-zero_v1.6.0_v1.9.3,M001,_claude-code_sonnet-4.6_run_002,SWE-Milestone-log-results/zeromicro_go-zero_v1.6.0_v1.9.3/mstone_trial/_claude-code_sonnet-4.6_run_002/M001/evaluation/evaluation_result_filtered.json,0.0,1.0,0.9,0.9473684210526316
independent,zeromicro_go-zero_v1.6.0_v1.9.3,M003,_claude-code_sonnet-4.6_run_002,SWE-Milestone-log-results/zeromicro_go-zero_v1.6.0_v1.9.3/mstone_trial/_claude-code_sonnet-4.6_run_002/M003/evaluation/evaluation_result_filtered.json,0.0,0.9629629629629629,0.9936708860759493,0.9780759554330898
independent,zeromicro_go-zero_v1.6.0_v1.9.3,M004,_claude-code_sonnet-4.6_run_002,SWE-Milestone-log-results/zeromicro_go-zero_v1.6.0_v1.9.3/mstone_trial/_claude-code_sonnet-4.6_run_002/M004/evaluation/evaluation_result_filtered.json,1.0,1.0,1.0,1.0
independent,zeromicro_go-zero_v1.6.0_v1.9.3,M005,_claude-code_sonnet-4.6_run_002,SWE-Milestone-log-results/zeromicro_go-zero_v1.6.0_v1.9.3/mstone_trial/_claude-code_sonnet-4.6_run_002/M005/evaluation/evaluation_result_filtered.json,0.0,1.0,0.92,0.9583333333333334
independent,zeromicro_go-zero_v1.6.0_v1.9.3,M007.1,_claude-code_sonnet-4.6_run_002,SWE-Milestone-log-results/zeromicro_go-zero_v1.6.0_v1.9.3/mstone_trial/_claude-code_sonnet-4.6_run_002/M007.1/evaluation/evaluation_result.json,0.0,0.3055555555555556,0.9230769230769231,0.45913043478260873
independent,zeromicro_go-zero_v1.6.0_v1.9.3,M007.2,_claude-code_sonnet-4.6_run_002,SWE-Milestone-log-results/zeromicro_go-zero_v1.6.0_v1.9.3/mstone_trial/_claude-code_sonnet-4.6_run_002/M007.2/evaluation/evaluation_result.json,0.0,0.5189873417721519,0.31343283582089554,0.3908306854289605
independent,zeromicro_go-zero_v1.6.0_v1.9.3,M008,_claude-code_sonnet-4.6_run_002,SWE-Milestone-log-results/zeromicro_go-zero_v1.6.0_v1.9.3/mstone_trial/_claude-code_sonnet-4.6_run_002/M008/evaluation/evaluation_result.json,1.0,1.0,1.0,1.0
independent,zeromicro_go-zero_v1.6.0_v1.9.3,M009,_claude-code_sonnet-4.6_run_002,SWE-Milestone-log-results/zeromicro_go-zero_v1.6.0_v1.9.3/mstone_trial/_claude-code_sonnet-4.6_run_002/M009/evaluation/evaluation_result.json,0.0,0.9607843137254902,0.9803921568627451,0.9704892057833234
independent,zeromicro_go-zero_v1.6.0_v1.9.3,M010,_claude-code_sonnet-4.6_run_002,SWE-Milestone-log-results/zeromicro_go-zero_v1.6.0_v1.9.3/mstone_trial/_claude-code_sonnet-4.6_run_002/M010/evaluation/evaluation_result.json,0.0,0.20903954802259886,0.5671641791044776,0.30548614883215647
independent,zeromicro_go-zero_v1.6.0_v1.9.3,M013,_claude-code_sonnet-4.6_run_002,SWE-Milestone-log-results/zeromicro_go-zero_v1.6.0_v1.9.3/mstone_trial/_claude-code_sonnet-4.6_run_002/M013/evaluation/evaluation_result.json,0.0,0.37037037037037035,0.8076923076923077,0.5078597339782345
independent,zeromicro_go-zero_v1.6.0_v1.9.3,M014,_claude-code_sonnet-4.6_run_002,SWE-Milestone-log-results/zeromicro_go-zero_v1.6.0_v1.9.3/mstone_trial/_claude-code_sonnet-4.6_run_002/M014/evaluation/evaluation_result.json,1.0,1.0,1.0,1.0
independent,zeromicro_go-zero_v1.6.0_v1.9.3,M017,_claude-code_sonnet-4.6_run_002,SWE-Milestone-log-results/zeromicro_go-zero_v1.6.0_v1.9.3/mstone_trial/_claude-code_sonnet-4.6_run_002/M017/evaluation/evaluation_result.json,0.0,1.0,0.8823529411764706,0.9375
independent,zeromicro_go-zero_v1.6.0_v1.9.3,M018,_claude-code_sonnet-4.6_run_002,SWE-Milestone-log-results/zeromicro_go-zero_v1.6.0_v1.9.3/mstone_trial/_claude-code_sonnet-4.6_run_002/M018/evaluation/evaluation_result.json,0.0,0.07432432432432433,1.0,0.13836477987421383
independent,zeromicro_go-zero_v1.6.0_v1.9.3,M019,_claude-code_sonnet-4.6_run_002,SWE-Milestone-log-results/zeromicro_go-zero_v1.6.0_v1.9.3/mstone_trial/_claude-code_sonnet-4.6_run_002/M019/evaluation/evaluation_result.json,0.0,0.8495821727019499,1.0,0.9186746987951807
independent,zeromicro_go-zero_v1.6.0_v1.9.3,M020,_claude-code_sonnet-4.6_run_002,SWE-Milestone-log-results/zeromicro_go-zero_v1.6.0_v1.9.3/mstone_trial/_claude-code_sonnet-4.6_run_002/M020/evaluation/evaluation_result.json,1.0,1.0,1.0,1.0
independent,zeromicro_go-zero_v1.6.0_v1.9.3,M021,_claude-code_sonnet-4.6_run_002,SWE-Milestone-log-results/zeromicro_go-zero_v1.6.0_v1.9.3/mstone_trial/_claude-code_sonnet-4.6_run_002/M021/evaluation/evaluation_result.json,0.0,0.43333333333333335,0.9333333333333333,0.5918699186991869
independent,zeromicro_go-zero_v1.6.0_v1.9.3,M022,_claude-code_sonnet-4.6_run_002,SWE-Milestone-log-results/zeromicro_go-zero_v1.6.0_v1.9.3/mstone_trial/_claude-code_sonnet-4.6_run_002/M022/evaluation/evaluation_result.json,1.0,1.0,1.0,1.0
independent,zeromicro_go-zero_v1.6.0_v1.9.3,M023,_claude-code_sonnet-4.6_run_002,SWE-Milestone-log-results/zeromicro_go-zero_v1.6.0_v1.9.3/mstone_trial/_claude-code_sonnet-4.6_run_002/M023/evaluation/evaluation_result.json,0.0,0.8295454545454546,1.0,0.906832298136646
independent,zeromicro_go-zero_v1.6.0_v1.9.3,M024,_claude-code_sonnet-4.6_run_002,SWE-Milestone-log-results/zeromicro_go-zero_v1.6.0_v1.9.3/mstone_trial/_claude-code_sonnet-4.6_run_002/M024/evaluation/evaluation_result_filtered.json,0.0,0.7916666666666666,0.9206349206349206,0.8512939358825801
independent,zeromicro_go-zero_v1.6.0_v1.9.3,M025,_claude-code_sonnet-4.6_run_002,SWE-Milestone-log-results/zeromicro_go-zero_v1.6.0_v1.9.3/mstone_trial/_claude-code_sonnet-4.6_run_002/M025/evaluation/evaluation_result.json,0.0,0.9523809523809523,1.0,0.975609756097561
independent,zeromicro_go-zero_v1.6.0_v1.9.3,M026,_claude-code_sonnet-4.6_run_002,SWE-Milestone-log-results/zeromicro_go-zero_v1.6.0_v1.9.3/mstone_trial/_claude-code_sonnet-4.6_run_002/M026/evaluation/evaluation_result.json,0.0,1.0,0.8695652173913043,0.9302325581395349
independent,zeromicro_go-zero_v1.6.0_v1.9.3,M027,_claude-code_sonnet-4.6_run_002,SWE-Milestone-log-results/zeromicro_go-zero_v1.6.0_v1.9.3/mstone_trial/_claude-code_sonnet-4.6_run_002/M027/evaluation/evaluation_result.json,1.0,1.0,1.0,1.0
independent,zeromicro_go-zero_v1.6.0_v1.9.3,M028,_claude-code_sonnet-4.6_run_002,SWE-Milestone-log-results/zeromicro_go-zero_v1.6.0_v1.9.3/mstone_trial/_claude-code_sonnet-4.6_run_002/M028/evaluation/evaluation_result.json,0.0,0.9783653846153846,0.9622641509433962,0.9702479725150163
independent,zeromicro_go-zero_v1.6.0_v1.9.3,M001,_codex_gpt-5.2-codex_run_001,SWE-Milestone-log-results/zeromicro_go-zero_v1.6.0_v1.9.3/mstone_trial/_codex_gpt-5.2-codex_run_001/M001/evaluation/evaluation_result_filtered.json,0.0,1.0,0.9782608695652174,0.989010989010989
independent,zeromicro_go-zero_v1.6.0_v1.9.3,M003,_codex_gpt-5.2-codex_run_001,SWE-Milestone-log-results/zeromicro_go-zero_v1.6.0_v1.9.3/mstone_trial/_codex_gpt-5.2-codex_run_001/M003/evaluation/evaluation_result_filtered.json,0.0,0.0,0.0,0.0
independent,zeromicro_go-zero_v1.6.0_v1.9.3,M004,_codex_gpt-5.2-codex_run_001,SWE-Milestone-log-results/zeromicro_go-zero_v1.6.0_v1.9.3/mstone_trial/_codex_gpt-5.2-codex_run_001/M004/evaluation/evaluation_result.json,0.0,0.9838709677419355,0.9538461538461539,0.9686259444231016
independent,zeromicro_go-zero_v1.6.0_v1.9.3,M005,_codex_gpt-5.2-codex_run_001,SWE-Milestone-log-results/zeromicro_go-zero_v1.6.0_v1.9.3/mstone_trial/_codex_gpt-5.2-codex_run_001/M005/evaluation/evaluation_result.json,0.0,1.0,0.8214285714285714,0.9019607843137255
independent,zeromicro_go-zero_v1.6.0_v1.9.3,M007.1,_codex_gpt-5.2-codex_run_001,SWE-Milestone-log-results/zeromicro_go-zero_v1.6.0_v1.9.3/mstone_trial/_codex_gpt-5.2-codex_run_001/M007.1/evaluation/evaluation_result.json,0.0,0.6666666666666666,0.7352941176470589,0.6993006993006994
independent,zeromicro_go-zero_v1.6.0_v1.9.3,M007.2,_codex_gpt-5.2-codex_run_001,SWE-Milestone-log-results/zeromicro_go-zero_v1.6.0_v1.9.3/mstone_trial/_codex_gpt-5.2-codex_run_001/M007.2/evaluation/evaluation_result.json,0.0,0.22784810126582278,0.17117117117117117,0.19548442412117745
independent,zeromicro_go-zero_v1.6.0_v1.9.3,M008,_codex_gpt-5.2-codex_run_001,SWE-Milestone-log-results/zeromicro_go-zero_v1.6.0_v1.9.3/mstone_trial/_codex_gpt-5.2-codex_run_001/M008/evaluation/evaluation_result.json,0.0,0.28,0.9375,0.43121149897330596
independent,zeromicro_go-zero_v1.6.0_v1.9.3,M009,_codex_gpt-5.2-codex_run_001,SWE-Milestone-log-results/zeromicro_go-zero_v1.6.0_v1.9.3/mstone_trial/_codex_gpt-5.2-codex_run_001/M009/evaluation/evaluation_result.json,0.0,0.49019607843137253,0.6046511627906976,0.5414410662224073
independent,zeromicro_go-zero_v1.6.0_v1.9.3,M010,_codex_gpt-5.2-codex_run_001,SWE-Milestone-log-results/zeromicro_go-zero_v1.6.0_v1.9.3/mstone_trial/_codex_gpt-5.2-codex_run_001/M010/evaluation/evaluation_result.json,0.0,0.07909604519774012,0.16853932584269662,0.10766470135862599
independent,zeromicro_go-zero_v1.6.0_v1.9.3,M013,_codex_gpt-5.2-codex_run_001,SWE-Milestone-log-results/zeromicro_go-zero_v1.6.0_v1.9.3/mstone_trial/_codex_gpt-5.2-codex_run_001/M013/evaluation/evaluation_result.json,0.0,0.9629629629629629,0.9636363636363636,0.9632995456134218
independent,zeromicro_go-zero_v1.6.0_v1.9.3,M014,_codex_gpt-5.2-codex_run_001,SWE-Milestone-log-results/zeromicro_go-zero_v1.6.0_v1.9.3/mstone_trial/_codex_gpt-5.2-codex_run_001/M014/evaluation/evaluation_result.json,0.0,0.7419354838709677,0.6,0.6634615384615384
independent,zeromicro_go-zero_v1.6.0_v1.9.3,M017,_codex_gpt-5.2-codex_run_001,SWE-Milestone-log-results/zeromicro_go-zero_v1.6.0_v1.9.3/mstone_trial/_codex_gpt-5.2-codex_run_001/M017/evaluation/evaluation_result.json,1.0,1.0,1.0,1.0
independent,zeromicro_go-zero_v1.6.0_v1.9.3,M018,_codex_gpt-5.2-codex_run_001,SWE-Milestone-log-results/zeromicro_go-zero_v1.6.0_v1.9.3/mstone_trial/_codex_gpt-5.2-codex_run_001/M018/evaluation/evaluation_result.json,0.0,0.07432432432432433,1.0,0.13836477987421383
independent,zeromicro_go-zero_v1.6.0_v1.9.3,M019,_codex_gpt-5.2-codex_run_001,SWE-Milestone-log-results/zeromicro_go-zero_v1.6.0_v1.9.3/mstone_trial/_codex_gpt-5.2-codex_run_001/M019/evaluation/evaluation_result.json,0.0,0.08356545961002786,0.8472222222222222,0.15212602352549984
independent,zeromicro_go-zero_v1.6.0_v1.9.3,M020,_codex_gpt-5.2-codex_run_001,SWE-Milestone-log-results/zeromicro_go-zero_v1.6.0_v1.9.3/mstone_trial/_codex_gpt-5.2-codex_run_001/M020/evaluation/evaluation_result.json,0.0,0.9841269841269841,1.0,0.9919999999999999
independent,zeromicro_go-zero_v1.6.0_v1.9.3,M021,_codex_gpt-5.2-codex_run_001,SWE-Milestone-log-results/zeromicro_go-zero_v1.6.0_v1.9.3/mstone_trial/_codex_gpt-5.2-codex_run_001/M021/evaluation/evaluation_result.json,0.0,1.0,0.8611111111111112,0.9253731343283582
independent,zeromicro_go-zero_v1.6.0_v1.9.3,M022,_codex_gpt-5.2-codex_run_001,SWE-Milestone-log-results/zeromicro_go-zero_v1.6.0_v1.9.3/mstone_trial/_codex_gpt-5.2-codex_run_001/M022/evaluation/evaluation_result.json,1.0,1.0,1.0,1.0
independent,zeromicro_go-zero_v1.6.0_v1.9.3,M023,_codex_gpt-5.2-codex_run_001,SWE-Milestone-log-results/zeromicro_go-zero_v1.6.0_v1.9.3/mstone_trial/_codex_gpt-5.2-codex_run_001/M023/evaluation/evaluation_result.json,0.0,0.8295454545454546,0.9736842105263158,0.8958540630182421
independent,zeromicro_go-zero_v1.6.0_v1.9.3,M024,_codex_gpt-5.2-codex_run_001,SWE-Milestone-log-results/zeromicro_go-zero_v1.6.0_v1.9.3/mstone_trial/_codex_gpt-5.2-codex_run_001/M024/evaluation/evaluation_result.json,0.0,0.9418604651162791,0.8367346938775511,0.8861907938625749
independent,zeromicro_go-zero_v1.6.0_v1.9.3,M025,_codex_gpt-5.2-codex_run_001,SWE-Milestone-log-results/zeromicro_go-zero_v1.6.0_v1.9.3/mstone_trial/_codex_gpt-5.2-codex_run_001/M025/evaluation/evaluation_result.json,0.0,0.8571428571428571,0.8636363636363636,0.860377358490566
independent,zeromicro_go-zero_v1.6.0_v1.9.3,M026,_codex_gpt-5.2-codex_run_001,SWE-Milestone-log-results/zeromicro_go-zero_v1.6.0_v1.9.3/mstone_trial/_codex_gpt-5.2-codex_run_001/M026/evaluation/evaluation_result.json,1.0,1.0,1.0,1.0
independent,zeromicro_go-zero_v1.6.0_v1.9.3,M027,_codex_gpt-5.2-codex_run_001,SWE-Milestone-log-results/zeromicro_go-zero_v1.6.0_v1.9.3/mstone_trial/_codex_gpt-5.2-codex_run_001/M027/evaluation/evaluation_result.json,1.0,1.0,1.0,1.0
independent,zeromicro_go-zero_v1.6.0_v1.9.3,M028,_codex_gpt-5.2-codex_run_001,SWE-Milestone-log-results/zeromicro_go-zero_v1.6.0_v1.9.3/mstone_trial/_codex_gpt-5.2-codex_run_001/M028/evaluation/evaluation_result.json,0.0,0.4182692307692308,0.8706467661691543,0.5650713530164976
independent,zeromicro_go-zero_v1.6.0_v1.9.3,M001,_codex_gpt-5.2_run_001,SWE-Milestone-log-results/zeromicro_go-zero_v1.6.0_v1.9.3/mstone_trial/_codex_gpt-5.2_run_001/M001/evaluation/evaluation_result_filtered.json,1.0,1.0,1.0,1.0
independent,zeromicro_go-zero_v1.6.0_v1.9.3,M003,_codex_gpt-5.2_run_001,SWE-Milestone-log-results/zeromicro_go-zero_v1.6.0_v1.9.3/mstone_trial/_codex_gpt-5.2_run_001/M003/evaluation/evaluation_result_filtered.json,0.0,0.0,0.0,0.0
independent,zeromicro_go-zero_v1.6.0_v1.9.3,M004,_codex_gpt-5.2_run_001,SWE-Milestone-log-results/zeromicro_go-zero_v1.6.0_v1.9.3/mstone_trial/_codex_gpt-5.2_run_001/M004/evaluation/evaluation_result_filtered.json,0.0,0.9838709677419355,0.8051948051948052,0.8856105842407213
independent,zeromicro_go-zero_v1.6.0_v1.9.3,M005,_codex_gpt-5.2_run_001,SWE-Milestone-log-results/zeromicro_go-zero_v1.6.0_v1.9.3/mstone_trial/_codex_gpt-5.2_run_001/M005/evaluation/evaluation_result.json,0.0,1.0,0.7666666666666667,0.8679245283018869
independent,zeromicro_go-zero_v1.6.0_v1.9.3,M007.1,_codex_gpt-5.2_run_001,SWE-Milestone-log-results/zeromicro_go-zero_v1.6.0_v1.9.3/mstone_trial/_codex_gpt-5.2_run_001/M007.1/evaluation/evaluation_result.json,0.0,0.3055555555555556,0.9230769230769231,0.45913043478260873
independent,zeromicro_go-zero_v1.6.0_v1.9.3,M007.2,_codex_gpt-5.2_run_001,SWE-Milestone-log-results/zeromicro_go-zero_v1.6.0_v1.9.3/mstone_trial/_codex_gpt-5.2_run_001/M007.2/evaluation/evaluation_result.json,0.0,0.5189873417721519,0.2978723404255319,0.37850313221233106
independent,zeromicro_go-zero_v1.6.0_v1.9.3,M008,_codex_gpt-5.2_run_001,SWE-Milestone-log-results/zeromicro_go-zero_v1.6.0_v1.9.3/mstone_trial/_codex_gpt-5.2_run_001/M008/evaluation/evaluation_result.json,0.0,0.28,0.8823529411764706,0.4251012145748988
independent,zeromicro_go-zero_v1.6.0_v1.9.3,M009,_codex_gpt-5.2_run_001,SWE-Milestone-log-results/zeromicro_go-zero_v1.6.0_v1.9.3/mstone_trial/_codex_gpt-5.2_run_001/M009/evaluation/evaluation_result.json,0.0,0.21568627450980393,0.3870967741935484,0.2770199370409234
independent,zeromicro_go-zero_v1.6.0_v1.9.3,M010,_codex_gpt-5.2_run_001,SWE-Milestone-log-results/zeromicro_go-zero_v1.6.0_v1.9.3/mstone_trial/_codex_gpt-5.2_run_001/M010/evaluation/evaluation_result.json,0.0,0.20903954802259886,0.5352112676056338,0.30065219715599273
independent,zeromicro_go-zero_v1.6.0_v1.9.3,M013,_codex_gpt-5.2_run_001,SWE-Milestone-log-results/zeromicro_go-zero_v1.6.0_v1.9.3/mstone_trial/_codex_gpt-5.2_run_001/M013/evaluation/evaluation_result.json,0.0,0.2037037037037037,0.5714285714285714,0.3003412969283276
independent,zeromicro_go-zero_v1.6.0_v1.9.3,M014,_codex_gpt-5.2_run_001,SWE-Milestone-log-results/zeromicro_go-zero_v1.6.0_v1.9.3/mstone_trial/_codex_gpt-5.2_run_001/M014/evaluation/evaluation_result.json,0.0,0.5483870967741935,0.5454545454545454,0.5469168900804289
independent,zeromicro_go-zero_v1.6.0_v1.9.3,M017,_codex_gpt-5.2_run_001,SWE-Milestone-log-results/zeromicro_go-zero_v1.6.0_v1.9.3/mstone_trial/_codex_gpt-5.2_run_001/M017/evaluation/evaluation_result.json,0.0,0.7857142857142857,0.042105263157894736,0.0799273387829246
independent,zeromicro_go-zero_v1.6.0_v1.9.3,M018,_codex_gpt-5.2_run_001,SWE-Milestone-log-results/zeromicro_go-zero_v1.6.0_v1.9.3/mstone_trial/_codex_gpt-5.2_run_001/M018/evaluation/evaluation_result.json,0.0,0.0,0.0,0.0
independent,zeromicro_go-zero_v1.6.0_v1.9.3,M019,_codex_gpt-5.2_run_001,SWE-Milestone-log-results/zeromicro_go-zero_v1.6.0_v1.9.3/mstone_trial/_codex_gpt-5.2_run_001/M019/evaluation/evaluation_result.json,0.0,0.31197771587743733,0.7627118644067796,0.4428238808592892
independent,zeromicro_go-zero_v1.6.0_v1.9.3,M020,_codex_gpt-5.2_run_001,SWE-Milestone-log-results/zeromicro_go-zero_v1.6.0_v1.9.3/mstone_trial/_codex_gpt-5.2_run_001/M020/evaluation/evaluation_result.json,0.0,0.9682539682539683,0.8611111111111112,0.9115449505905037
independent,zeromicro_go-zero_v1.6.0_v1.9.3,M021,_codex_gpt-5.2_run_001,SWE-Milestone-log-results/zeromicro_go-zero_v1.6.0_v1.9.3/mstone_trial/_codex_gpt-5.2_run_001/M021/evaluation/evaluation_result.json,1.0,1.0,1.0,1.0
independent,zeromicro_go-zero_v1.6.0_v1.9.3,M022,_codex_gpt-5.2_run_001,SWE-Milestone-log-results/zeromicro_go-zero_v1.6.0_v1.9.3/mstone_trial/_codex_gpt-5.2_run_001/M022/evaluation/evaluation_result.json,0.0,1.0,0.7777777777777778,0.8750000000000001
independent,zeromicro_go-zero_v1.6.0_v1.9.3,M023,_codex_gpt-5.2_run_001,SWE-Milestone-log-results/zeromicro_go-zero_v1.6.0_v1.9.3/mstone_trial/_codex_gpt-5.2_run_001/M023/evaluation/evaluation_result.json,0.0,0.8295454545454546,1.0,0.906832298136646
independent,zeromicro_go-zero_v1.6.0_v1.9.3,M024,_codex_gpt-5.2_run_001,SWE-Milestone-log-results/zeromicro_go-zero_v1.6.0_v1.9.3/mstone_trial/_codex_gpt-5.2_run_001/M024/evaluation/evaluation_result.json,0.0,0.9534883720930233,1.0,0.9761904761904763
independent,zeromicro_go-zero_v1.6.0_v1.9.3,M025,_codex_gpt-5.2_run_001,SWE-Milestone-log-results/zeromicro_go-zero_v1.6.0_v1.9.3/mstone_trial/_codex_gpt-5.2_run_001/M025/evaluation/evaluation_result.json,0.0,0.19047619047619047,0.004743833017077799,0.009257116408238833
independent,zeromicro_go-zero_v1.6.0_v1.9.3,M026,_codex_gpt-5.2_run_001,SWE-Milestone-log-results/zeromicro_go-zero_v1.6.0_v1.9.3/mstone_trial/_codex_gpt-5.2_run_001/M026/evaluation/evaluation_result.json,0.0,1.0,0.9090909090909091,0.9523809523809523
independent,zeromicro_go-zero_v1.6.0_v1.9.3,M027,_codex_gpt-5.2_run_001,SWE-Milestone-log-results/zeromicro_go-zero_v1.6.0_v1.9.3/mstone_trial/_codex_gpt-5.2_run_001/M027/evaluation/evaluation_result.json,0.0,1.0,0.72,0.8372093023255813
independent,zeromicro_go-zero_v1.6.0_v1.9.3,M028,_codex_gpt-5.2_run_001,SWE-Milestone-log-results/zeromicro_go-zero_v1.6.0_v1.9.3/mstone_trial/_codex_gpt-5.2_run_001/M028/evaluation/evaluation_result.json,1.0,1.0,1.0,1.0
independent,zeromicro_go-zero_v1.6.0_v1.9.3,M001,_codex_gpt-5.3-codex_run_002,SWE-Milestone-log-results/zeromicro_go-zero_v1.6.0_v1.9.3/mstone_trial/_codex_gpt-5.3-codex_run_002/M001/evaluation/evaluation_result_filtered.json,1.0,1.0,1.0,1.0
independent,zeromicro_go-zero_v1.6.0_v1.9.3,M003,_codex_gpt-5.3-codex_run_002,SWE-Milestone-log-results/zeromicro_go-zero_v1.6.0_v1.9.3/mstone_trial/_codex_gpt-5.3-codex_run_002/M003/evaluation/evaluation_result_filtered.json,0.0,0.0,0.0,0.0
independent,zeromicro_go-zero_v1.6.0_v1.9.3,M004,_codex_gpt-5.3-codex_run_002,SWE-Milestone-log-results/zeromicro_go-zero_v1.6.0_v1.9.3/mstone_trial/_codex_gpt-5.3-codex_run_002/M004/evaluation/evaluation_result_filtered.json,0.0,0.9838709677419355,0.8051948051948052,0.8856105842407213
independent,zeromicro_go-zero_v1.6.0_v1.9.3,M005,_codex_gpt-5.3-codex_run_002,SWE-Milestone-log-results/zeromicro_go-zero_v1.6.0_v1.9.3/mstone_trial/_codex_gpt-5.3-codex_run_002/M005/evaluation/evaluation_result_filtered.json,1.0,1.0,1.0,1.0
independent,zeromicro_go-zero_v1.6.0_v1.9.3,M007.1,_codex_gpt-5.3-codex_run_002,SWE-Milestone-log-results/zeromicro_go-zero_v1.6.0_v1.9.3/mstone_trial/_codex_gpt-5.3-codex_run_002/M007.1/evaluation/evaluation_result.json,0.0,0.3055555555555556,0.9230769230769231,0.45913043478260873
independent,zeromicro_go-zero_v1.6.0_v1.9.3,M007.2,_codex_gpt-5.3-codex_run_002,SWE-Milestone-log-results/zeromicro_go-zero_v1.6.0_v1.9.3/mstone_trial/_codex_gpt-5.3-codex_run_002/M007.2/evaluation/evaluation_result.json,0.0,0.5189873417721519,0.31343283582089554,0.3908306854289605
independent,zeromicro_go-zero_v1.6.0_v1.9.3,M008,_codex_gpt-5.3-codex_run_002,SWE-Milestone-log-results/zeromicro_go-zero_v1.6.0_v1.9.3/mstone_trial/_codex_gpt-5.3-codex_run_002/M008/evaluation/evaluation_result.json,1.0,1.0,1.0,1.0
independent,zeromicro_go-zero_v1.6.0_v1.9.3,M009,_codex_gpt-5.3-codex_run_002,SWE-Milestone-log-results/zeromicro_go-zero_v1.6.0_v1.9.3/mstone_trial/_codex_gpt-5.3-codex_run_002/M009/evaluation/evaluation_result.json,0.0,0.45098039215686275,0.5853658536585366,0.5094600830641439
independent,zeromicro_go-zero_v1.6.0_v1.9.3,M010,_codex_gpt-5.3-codex_run_002,SWE-Milestone-log-results/zeromicro_go-zero_v1.6.0_v1.9.3/mstone_trial/_codex_gpt-5.3-codex_run_002/M010/evaluation/evaluation_result.json,0.0,0.3107344632768362,0.6588235294117647,0.4222938232672928
independent,zeromicro_go-zero_v1.6.0_v1.9.3,M013,_codex_gpt-5.3-codex_run_002,SWE-Milestone-log-results/zeromicro_go-zero_v1.6.0_v1.9.3/mstone_trial/_codex_gpt-5.3-codex_run_002/M013/evaluation/evaluation_result.json,0.0,0.9629629629629629,1.0,0.9811320754716981
independent,zeromicro_go-zero_v1.6.0_v1.9.3,M014,_codex_gpt-5.3-codex_run_002,SWE-Milestone-log-results/zeromicro_go-zero_v1.6.0_v1.9.3/mstone_trial/_codex_gpt-5.3-codex_run_002/M014/evaluation/evaluation_result.json,0.0,0.9354838709677419,1.0,0.9666666666666666
independent,zeromicro_go-zero_v1.6.0_v1.9.3,M017,_codex_gpt-5.3-codex_run_002,SWE-Milestone-log-results/zeromicro_go-zero_v1.6.0_v1.9.3/mstone_trial/_codex_gpt-5.3-codex_run_002/M017/evaluation/evaluation_result.json,0.0,1.0,0.9375,0.967741935483871
independent,zeromicro_go-zero_v1.6.0_v1.9.3,M018,_codex_gpt-5.3-codex_run_002,SWE-Milestone-log-results/zeromicro_go-zero_v1.6.0_v1.9.3/mstone_trial/_codex_gpt-5.3-codex_run_002/M018/evaluation/evaluation_result.json,0.0,0.07432432432432433,1.0,0.13836477987421383
independent,zeromicro_go-zero_v1.6.0_v1.9.3,M019,_codex_gpt-5.3-codex_run_002,SWE-Milestone-log-results/zeromicro_go-zero_v1.6.0_v1.9.3/mstone_trial/_codex_gpt-5.3-codex_run_002/M019/evaluation/evaluation_result.json,0.0,0.45403899721448465,0.8236775818639799,0.5853907657162939
independent,zeromicro_go-zero_v1.6.0_v1.9.3,M020,_codex_gpt-5.3-codex_run_002,SWE-Milestone-log-results/zeromicro_go-zero_v1.6.0_v1.9.3/mstone_trial/_codex_gpt-5.3-codex_run_002/M020/evaluation/evaluation_result.json,1.0,1.0,1.0,1.0
independent,zeromicro_go-zero_v1.6.0_v1.9.3,M021,_codex_gpt-5.3-codex_run_002,SWE-Milestone-log-results/zeromicro_go-zero_v1.6.0_v1.9.3/mstone_trial/_codex_gpt-5.3-codex_run_002/M021/evaluation/evaluation_result.json,0.0,0.43333333333333335,0.9333333333333333,0.5918699186991869
independent,zeromicro_go-zero_v1.6.0_v1.9.3,M022,_codex_gpt-5.3-codex_run_002,SWE-Milestone-log-results/zeromicro_go-zero_v1.6.0_v1.9.3/mstone_trial/_codex_gpt-5.3-codex_run_002/M022/evaluation/evaluation_result.json,1.0,1.0,1.0,1.0
independent,zeromicro_go-zero_v1.6.0_v1.9.3,M023,_codex_gpt-5.3-codex_run_002,SWE-Milestone-log-results/zeromicro_go-zero_v1.6.0_v1.9.3/mstone_trial/_codex_gpt-5.3-codex_run_002/M023/evaluation/evaluation_result.json,0.0,0.8295454545454546,1.0,0.906832298136646
independent,zeromicro_go-zero_v1.6.0_v1.9.3,M024,_codex_gpt-5.3-codex_run_002,SWE-Milestone-log-results/zeromicro_go-zero_v1.6.0_v1.9.3/mstone_trial/_codex_gpt-5.3-codex_run_002/M024/evaluation/evaluation_result_filtered.json,0.0,1.0,0.9864864864864865,0.9931972789115647
independent,zeromicro_go-zero_v1.6.0_v1.9.3,M025,_codex_gpt-5.3-codex_run_002,SWE-Milestone-log-results/zeromicro_go-zero_v1.6.0_v1.9.3/mstone_trial/_codex_gpt-5.3-codex_run_002/M025/evaluation/evaluation_result.json,0.0,0.9523809523809523,0.9545454545454546,0.9534619750283768
independent,zeromicro_go-zero_v1.6.0_v1.9.3,M026,_codex_gpt-5.3-codex_run_002,SWE-Milestone-log-results/zeromicro_go-zero_v1.6.0_v1.9.3/mstone_trial/_codex_gpt-5.3-codex_run_002/M026/evaluation/evaluation_result.json,0.0,1.0,0.9523809523809523,0.975609756097561
independent,zeromicro_go-zero_v1.6.0_v1.9.3,M027,_codex_gpt-5.3-codex_run_002,SWE-Milestone-log-results/zeromicro_go-zero_v1.6.0_v1.9.3/mstone_trial/_codex_gpt-5.3-codex_run_002/M027/evaluation/evaluation_result.json,0.0,1.0,0.75,0.8571428571428571
independent,zeromicro_go-zero_v1.6.0_v1.9.3,M028,_codex_gpt-5.3-codex_run_002,SWE-Milestone-log-results/zeromicro_go-zero_v1.6.0_v1.9.3/mstone_trial/_codex_gpt-5.3-codex_run_002/M028/evaluation/evaluation_result.json,0.0,1.0,0.9904988123515439,0.9952267303102625
independent,zeromicro_go-zero_v1.6.0_v1.9.3,M001,_gemini-cli_gemini-3-flash_run_001,SWE-Milestone-log-results/zeromicro_go-zero_v1.6.0_v1.9.3/mstone_trial/_gemini-cli_gemini-3-flash_run_001/M001/evaluation/evaluation_result_filtered.json,1.0,1.0,1.0,1.0
independent,zeromicro_go-zero_v1.6.0_v1.9.3,M003,_gemini-cli_gemini-3-flash_run_001,SWE-Milestone-log-results/zeromicro_go-zero_v1.6.0_v1.9.3/mstone_trial/_gemini-cli_gemini-3-flash_run_001/M003/evaluation/evaluation_result_filtered.json,0.0,0.11728395061728394,1.0,0.20994475138121543
independent,zeromicro_go-zero_v1.6.0_v1.9.3,M004,_gemini-cli_gemini-3-flash_run_001,SWE-Milestone-log-results/zeromicro_go-zero_v1.6.0_v1.9.3/mstone_trial/_gemini-cli_gemini-3-flash_run_001/M004/evaluation/evaluation_result.json,0.0,1.0,0.9402985074626866,0.9692307692307692
independent,zeromicro_go-zero_v1.6.0_v1.9.3,M005,_gemini-cli_gemini-3-flash_run_001,SWE-Milestone-log-results/zeromicro_go-zero_v1.6.0_v1.9.3/mstone_trial/_gemini-cli_gemini-3-flash_run_001/M005/evaluation/evaluation_result.json,0.0,0.5909090909090909,0.0782122905027933,0.1381404174573055
independent,zeromicro_go-zero_v1.6.0_v1.9.3,M007.1,_gemini-cli_gemini-3-flash_run_001,SWE-Milestone-log-results/zeromicro_go-zero_v1.6.0_v1.9.3/mstone_trial/_gemini-cli_gemini-3-flash_run_001/M007.1/evaluation/evaluation_result.json,0.0,0.3055555555555556,0.9230769230769231,0.45913043478260873
independent,zeromicro_go-zero_v1.6.0_v1.9.3,M007.2,_gemini-cli_gemini-3-flash_run_001,SWE-Milestone-log-results/zeromicro_go-zero_v1.6.0_v1.9.3/mstone_trial/_gemini-cli_gemini-3-flash_run_001/M007.2/evaluation/evaluation_result.json,0.0,0.5189873417721519,0.31343283582089554,0.3908306854289605
independent,zeromicro_go-zero_v1.6.0_v1.9.3,M008,_gemini-cli_gemini-3-flash_run_001,SWE-Milestone-log-results/zeromicro_go-zero_v1.6.0_v1.9.3/mstone_trial/_gemini-cli_gemini-3-flash_run_001/M008/evaluation/evaluation_result.json,0.0,0.28,0.9375,0.43121149897330596
independent,zeromicro_go-zero_v1.6.0_v1.9.3,M009,_gemini-cli_gemini-3-flash_run_001,SWE-Milestone-log-results/zeromicro_go-zero_v1.6.0_v1.9.3/mstone_trial/_gemini-cli_gemini-3-flash_run_001/M009/evaluation/evaluation_result.json,0.0,0.9607843137254902,1.0,0.98
independent,zeromicro_go-zero_v1.6.0_v1.9.3,M010,_gemini-cli_gemini-3-flash_run_001,SWE-Milestone-log-results/zeromicro_go-zero_v1.6.0_v1.9.3/mstone_trial/_gemini-cli_gemini-3-flash_run_001/M010/evaluation/evaluation_result.json,0.0,0.20903954802259886,0.5671641791044776,0.30548614883215647
independent,zeromicro_go-zero_v1.6.0_v1.9.3,M013,_gemini-cli_gemini-3-flash_run_001,SWE-Milestone-log-results/zeromicro_go-zero_v1.6.0_v1.9.3/mstone_trial/_gemini-cli_gemini-3-flash_run_001/M013/evaluation/evaluation_result.json,1.0,1.0,1.0,1.0
independent,zeromicro_go-zero_v1.6.0_v1.9.3,M014,_gemini-cli_gemini-3-flash_run_001,SWE-Milestone-log-results/zeromicro_go-zero_v1.6.0_v1.9.3/mstone_trial/_gemini-cli_gemini-3-flash_run_001/M014/evaluation/evaluation_result.json,0.0,0.7741935483870968,0.625,0.69164265129683
independent,zeromicro_go-zero_v1.6.0_v1.9.3,M017,_gemini-cli_gemini-3-flash_run_001,SWE-Milestone-log-results/zeromicro_go-zero_v1.6.0_v1.9.3/mstone_trial/_gemini-cli_gemini-3-flash_run_001/M017/evaluation/evaluation_result.json,0.0,1.0,0.9375,0.967741935483871
independent,zeromicro_go-zero_v1.6.0_v1.9.3,M018,_gemini-cli_gemini-3-flash_run_001,SWE-Milestone-log-results/zeromicro_go-zero_v1.6.0_v1.9.3/mstone_trial/_gemini-cli_gemini-3-flash_run_001/M018/evaluation/evaluation_result.json,0.0,0.23648648648648649,0.375,0.2900552486187845
independent,zeromicro_go-zero_v1.6.0_v1.9.3,M019,_gemini-cli_gemini-3-flash_run_001,SWE-Milestone-log-results/zeromicro_go-zero_v1.6.0_v1.9.3/mstone_trial/_gemini-cli_gemini-3-flash_run_001/M019/evaluation/evaluation_result.json,0.0,0.31197771587743733,0.7627118644067796,0.4428238808592892
independent,zeromicro_go-zero_v1.6.0_v1.9.3,M020,_gemini-cli_gemini-3-flash_run_001,SWE-Milestone-log-results/zeromicro_go-zero_v1.6.0_v1.9.3/mstone_trial/_gemini-cli_gemini-3-flash_run_001/M020/evaluation/evaluation_result.json,0.0,0.9682539682539683,0.8611111111111112,0.9115449505905037
independent,zeromicro_go-zero_v1.6.0_v1.9.3,M021,_gemini-cli_gemini-3-flash_run_001,SWE-Milestone-log-results/zeromicro_go-zero_v1.6.0_v1.9.3/mstone_trial/_gemini-cli_gemini-3-flash_run_001/M021/evaluation/evaluation_result.json,0.0,0.43333333333333335,1.0,0.6046511627906976
independent,zeromicro_go-zero_v1.6.0_v1.9.3,M022,_gemini-cli_gemini-3-flash_run_001,SWE-Milestone-log-results/zeromicro_go-zero_v1.6.0_v1.9.3/mstone_trial/_gemini-cli_gemini-3-flash_run_001/M022/evaluation/evaluation_result.json,0.0,0.10697674418604651,1.0,0.19327731092436976
independent,zeromicro_go-zero_v1.6.0_v1.9.3,M023,_gemini-cli_gemini-3-flash_run_001,SWE-Milestone-log-results/zeromicro_go-zero_v1.6.0_v1.9.3/mstone_trial/_gemini-cli_gemini-3-flash_run_001/M023/evaluation/evaluation_result.json,0.0,0.2591093117408907,1.0,0.4115755627009646
independent,zeromicro_go-zero_v1.6.0_v1.9.3,M024,_gemini-cli_gemini-3-flash_run_001,SWE-Milestone-log-results/zeromicro_go-zero_v1.6.0_v1.9.3/mstone_trial/_gemini-cli_gemini-3-flash_run_001/M024/evaluation/evaluation_result.json,0.0,0.3031496062992126,0.9873417721518988,0.46387333462058317
independent,zeromicro_go-zero_v1.6.0_v1.9.3,M025,_gemini-cli_gemini-3-flash_run_001,SWE-Milestone-log-results/zeromicro_go-zero_v1.6.0_v1.9.3/mstone_trial/_gemini-cli_gemini-3-flash_run_001/M025/evaluation/evaluation_result.json,0.0,0.03932584269662921,1.0,0.07567567567567568
independent,zeromicro_go-zero_v1.6.0_v1.9.3,M026,_gemini-cli_gemini-3-flash_run_001,SWE-Milestone-log-results/zeromicro_go-zero_v1.6.0_v1.9.3/mstone_trial/_gemini-cli_gemini-3-flash_run_001/M026/evaluation/evaluation_result.json,0.0,0.08928571428571429,1.0,0.1639344262295082
independent,zeromicro_go-zero_v1.6.0_v1.9.3,M027,_gemini-cli_gemini-3-flash_run_001,SWE-Milestone-log-results/zeromicro_go-zero_v1.6.0_v1.9.3/mstone_trial/_gemini-cli_gemini-3-flash_run_001/M027/evaluation/evaluation_result.json,0.0,0.0,0.09090909090909091,0.0
independent,zeromicro_go-zero_v1.6.0_v1.9.3,M028,_gemini-cli_gemini-3-flash_run_001,SWE-Milestone-log-results/zeromicro_go-zero_v1.6.0_v1.9.3/mstone_trial/_gemini-cli_gemini-3-flash_run_001/M028/evaluation/evaluation_result.json,0.0,0.6459627329192547,0.9349775784753364,0.7640524660635477
independent,zeromicro_go-zero_v1.6.0_v1.9.3,M001,_gemini-cli_gemini-3-pro_run_001,SWE-Milestone-log-results/zeromicro_go-zero_v1.6.0_v1.9.3/mstone_trial/_gemini-cli_gemini-3-pro_run_001/M001/evaluation/evaluation_result_filtered.json,0.0,1.0,0.9642857142857143,0.9818181818181818
independent,zeromicro_go-zero_v1.6.0_v1.9.3,M003,_gemini-cli_gemini-3-pro_run_001,SWE-Milestone-log-results/zeromicro_go-zero_v1.6.0_v1.9.3/mstone_trial/_gemini-cli_gemini-3-pro_run_001/M003/evaluation/evaluation_result_filtered.json,0.0,0.11728395061728394,1.0,0.20994475138121543
independent,zeromicro_go-zero_v1.6.0_v1.9.3,M004,_gemini-cli_gemini-3-pro_run_001,SWE-Milestone-log-results/zeromicro_go-zero_v1.6.0_v1.9.3/mstone_trial/_gemini-cli_gemini-3-pro_run_001/M004/evaluation/evaluation_result_filtered.json,0.0,0.9838709677419355,0.8157894736842105,0.8919811320754716
independent,zeromicro_go-zero_v1.6.0_v1.9.3,M005,_gemini-cli_gemini-3-pro_run_001,SWE-Milestone-log-results/zeromicro_go-zero_v1.6.0_v1.9.3/mstone_trial/_gemini-cli_gemini-3-pro_run_001/M005/evaluation/evaluation_result_filtered.json,0.0,0.6363636363636364,0.0872093023255814,0.15339663988312638
independent,zeromicro_go-zero_v1.6.0_v1.9.3,M007.1,_gemini-cli_gemini-3-pro_run_001,SWE-Milestone-log-results/zeromicro_go-zero_v1.6.0_v1.9.3/mstone_trial/_gemini-cli_gemini-3-pro_run_001/M007.1/evaluation/evaluation_result.json,0.0,0.5833333333333334,0.7586206896551724,0.6595289079229123
independent,zeromicro_go-zero_v1.6.0_v1.9.3,M007.2,_gemini-cli_gemini-3-pro_run_001,SWE-Milestone-log-results/zeromicro_go-zero_v1.6.0_v1.9.3/mstone_trial/_gemini-cli_gemini-3-pro_run_001/M007.2/evaluation/evaluation_result.json,0.0,0.5189873417721519,0.31343283582089554,0.3908306854289605
independent,zeromicro_go-zero_v1.6.0_v1.9.3,M008,_gemini-cli_gemini-3-pro_run_001,SWE-Milestone-log-results/zeromicro_go-zero_v1.6.0_v1.9.3/mstone_trial/_gemini-cli_gemini-3-pro_run_001/M008/evaluation/evaluation_result.json,0.0,0.92,1.0,0.9583333333333334
independent,zeromicro_go-zero_v1.6.0_v1.9.3,M009,_gemini-cli_gemini-3-pro_run_001,SWE-Milestone-log-results/zeromicro_go-zero_v1.6.0_v1.9.3/mstone_trial/_gemini-cli_gemini-3-pro_run_001/M009/evaluation/evaluation_result.json,0.0,0.21568627450980393,0.41379310344827586,0.2835660580021482
independent,zeromicro_go-zero_v1.6.0_v1.9.3,M010,_gemini-cli_gemini-3-pro_run_001,SWE-Milestone-log-results/zeromicro_go-zero_v1.6.0_v1.9.3/mstone_trial/_gemini-cli_gemini-3-pro_run_001/M010/evaluation/evaluation_result.json,0.0,0.20903954802259886,0.5671641791044776,0.30548614883215647
independent,zeromicro_go-zero_v1.6.0_v1.9.3,M013,_gemini-cli_gemini-3-pro_run_001,SWE-Milestone-log-results/zeromicro_go-zero_v1.6.0_v1.9.3/mstone_trial/_gemini-cli_gemini-3-pro_run_001/M013/evaluation/evaluation_result.json,0.0,1.0,0.873015873015873,0.9322033898305084
independent,zeromicro_go-zero_v1.6.0_v1.9.3,M014,_gemini-cli_gemini-3-pro_run_001,SWE-Milestone-log-results/zeromicro_go-zero_v1.6.0_v1.9.3/mstone_trial/_gemini-cli_gemini-3-pro_run_001/M014/evaluation/evaluation_result.json,0.0,0.7741935483870968,0.6097560975609756,0.6822057987492894
independent,zeromicro_go-zero_v1.6.0_v1.9.3,M017,_gemini-cli_gemini-3-pro_run_001,SWE-Milestone-log-results/zeromicro_go-zero_v1.6.0_v1.9.3/mstone_trial/_gemini-cli_gemini-3-pro_run_001/M017/evaluation/evaluation_result.json,1.0,1.0,1.0,1.0
independent,zeromicro_go-zero_v1.6.0_v1.9.3,M018,_gemini-cli_gemini-3-pro_run_001,SWE-Milestone-log-results/zeromicro_go-zero_v1.6.0_v1.9.3/mstone_trial/_gemini-cli_gemini-3-pro_run_001/M018/evaluation/evaluation_result.json,0.0,0.07432432432432433,1.0,0.13836477987421383
independent,zeromicro_go-zero_v1.6.0_v1.9.3,M019,_gemini-cli_gemini-3-pro_run_001,SWE-Milestone-log-results/zeromicro_go-zero_v1.6.0_v1.9.3/mstone_trial/_gemini-cli_gemini-3-pro_run_001/M019/evaluation/evaluation_result.json,0.0,0.31197771587743733,0.7601351351351351,0.44238854705205966
independent,zeromicro_go-zero_v1.6.0_v1.9.3,M020,_gemini-cli_gemini-3-pro_run_001,SWE-Milestone-log-results/zeromicro_go-zero_v1.6.0_v1.9.3/mstone_trial/_gemini-cli_gemini-3-pro_run_001/M020/evaluation/evaluation_result.json,0.0,0.9682539682539683,0.8985507246376812,0.9321010474430067
independent,zeromicro_go-zero_v1.6.0_v1.9.3,M021,_gemini-cli_gemini-3-pro_run_001,SWE-Milestone-log-results/zeromicro_go-zero_v1.6.0_v1.9.3/mstone_trial/_gemini-cli_gemini-3-pro_run_001/M021/evaluation/evaluation_result.json,1.0,1.0,1.0,1.0
independent,zeromicro_go-zero_v1.6.0_v1.9.3,M022,_gemini-cli_gemini-3-pro_run_001,SWE-Milestone-log-results/zeromicro_go-zero_v1.6.0_v1.9.3/mstone_trial/_gemini-cli_gemini-3-pro_run_001/M022/evaluation/evaluation_result.json,1.0,1.0,1.0,1.0
independent,zeromicro_go-zero_v1.6.0_v1.9.3,M023,_gemini-cli_gemini-3-pro_run_001,SWE-Milestone-log-results/zeromicro_go-zero_v1.6.0_v1.9.3/mstone_trial/_gemini-cli_gemini-3-pro_run_001/M023/evaluation/evaluation_result.json,0.0,0.8295454545454546,1.0,0.906832298136646
independent,zeromicro_go-zero_v1.6.0_v1.9.3,M024,_gemini-cli_gemini-3-pro_run_001,SWE-Milestone-log-results/zeromicro_go-zero_v1.6.0_v1.9.3/mstone_trial/_gemini-cli_gemini-3-pro_run_001/M024/evaluation/evaluation_result_filtered.json,0.0,1.0,0.9864864864864865,0.9931972789115647
independent,zeromicro_go-zero_v1.6.0_v1.9.3,M025,_gemini-cli_gemini-3-pro_run_001,SWE-Milestone-log-results/zeromicro_go-zero_v1.6.0_v1.9.3/mstone_trial/_gemini-cli_gemini-3-pro_run_001/M025/evaluation/evaluation_result.json,0.0,0.9523809523809523,1.0,0.975609756097561
independent,zeromicro_go-zero_v1.6.0_v1.9.3,M026,_gemini-cli_gemini-3-pro_run_001,SWE-Milestone-log-results/zeromicro_go-zero_v1.6.0_v1.9.3/mstone_trial/_gemini-cli_gemini-3-pro_run_001/M026/evaluation/evaluation_result.json,0.0,1.0,0.9523809523809523,0.975609756097561
independent,zeromicro_go-zero_v1.6.0_v1.9.3,M027,_gemini-cli_gemini-3-pro_run_001,SWE-Milestone-log-results/zeromicro_go-zero_v1.6.0_v1.9.3/mstone_trial/_gemini-cli_gemini-3-pro_run_001/M027/evaluation/evaluation_result.json,1.0,1.0,1.0,1.0
independent,zeromicro_go-zero_v1.6.0_v1.9.3,M028,_gemini-cli_gemini-3-pro_run_001,SWE-Milestone-log-results/zeromicro_go-zero_v1.6.0_v1.9.3/mstone_trial/_gemini-cli_gemini-3-pro_run_001/M028/evaluation/evaluation_result.json,0.0,0.9807692307692307,0.964622641509434,0.9726289284715098
independent,zeromicro_go-zero_v1.6.0_v1.9.3,M001,_gemini-cli_gemini-3.1-pro_run_002,SWE-Milestone-log-results/zeromicro_go-zero_v1.6.0_v1.9.3/mstone_trial/_gemini-cli_gemini-3.1-pro_run_002/M001/evaluation/evaluation_result_filtered.json,0.0,1.0,0.9926470588235294,0.996309963099631
independent,zeromicro_go-zero_v1.6.0_v1.9.3,M003,_gemini-cli_gemini-3.1-pro_run_002,SWE-Milestone-log-results/zeromicro_go-zero_v1.6.0_v1.9.3/mstone_trial/_gemini-cli_gemini-3.1-pro_run_002/M003/evaluation/evaluation_result_filtered.json,0.0,0.11728395061728394,1.0,0.20994475138121543
independent,zeromicro_go-zero_v1.6.0_v1.9.3,M004,_gemini-cli_gemini-3.1-pro_run_002,SWE-Milestone-log-results/zeromicro_go-zero_v1.6.0_v1.9.3/mstone_trial/_gemini-cli_gemini-3.1-pro_run_002/M004/evaluation/evaluation_result_filtered.json,0.0,0.9838709677419355,0.8493150684931506,0.9116548149933712
independent,zeromicro_go-zero_v1.6.0_v1.9.3,M005,_gemini-cli_gemini-3.1-pro_run_002,SWE-Milestone-log-results/zeromicro_go-zero_v1.6.0_v1.9.3/mstone_trial/_gemini-cli_gemini-3.1-pro_run_002/M005/evaluation/evaluation_result_filtered.json,0.0,0.6363636363636364,0.08670520231213873,0.15261627906976744
independent,zeromicro_go-zero_v1.6.0_v1.9.3,M007.1,_gemini-cli_gemini-3.1-pro_run_002,SWE-Milestone-log-results/zeromicro_go-zero_v1.6.0_v1.9.3/mstone_trial/_gemini-cli_gemini-3.1-pro_run_002/M007.1/evaluation/evaluation_result.json,0.0,0.5833333333333334,0.7586206896551724,0.6595289079229123
independent,zeromicro_go-zero_v1.6.0_v1.9.3,M007.2,_gemini-cli_gemini-3.1-pro_run_002,SWE-Milestone-log-results/zeromicro_go-zero_v1.6.0_v1.9.3/mstone_trial/_gemini-cli_gemini-3.1-pro_run_002/M007.2/evaluation/evaluation_result.json,0.0,0.5189873417721519,0.31343283582089554,0.3908306854289605
independent,zeromicro_go-zero_v1.6.0_v1.9.3,M008,_gemini-cli_gemini-3.1-pro_run_002,SWE-Milestone-log-results/zeromicro_go-zero_v1.6.0_v1.9.3/mstone_trial/_gemini-cli_gemini-3.1-pro_run_002/M008/evaluation/evaluation_result.json,0.0,0.92,1.0,0.9583333333333334
independent,zeromicro_go-zero_v1.6.0_v1.9.3,M009,_gemini-cli_gemini-3.1-pro_run_002,SWE-Milestone-log-results/zeromicro_go-zero_v1.6.0_v1.9.3/mstone_trial/_gemini-cli_gemini-3.1-pro_run_002/M009/evaluation/evaluation_result.json,0.0,0.21568627450980393,0.41379310344827586,0.2835660580021482
independent,zeromicro_go-zero_v1.6.0_v1.9.3,M010,_gemini-cli_gemini-3.1-pro_run_002,SWE-Milestone-log-results/zeromicro_go-zero_v1.6.0_v1.9.3/mstone_trial/_gemini-cli_gemini-3.1-pro_run_002/M010/evaluation/evaluation_result.json,0.0,0.327683615819209,0.6704545454545454,0.4402135460217405
independent,zeromicro_go-zero_v1.6.0_v1.9.3,M013,_gemini-cli_gemini-3.1-pro_run_002,SWE-Milestone-log-results/zeromicro_go-zero_v1.6.0_v1.9.3/mstone_trial/_gemini-cli_gemini-3.1-pro_run_002/M013/evaluation/evaluation_result.json,1.0,1.0,1.0,1.0
independent,zeromicro_go-zero_v1.6.0_v1.9.3,M014,_gemini-cli_gemini-3.1-pro_run_002,SWE-Milestone-log-results/zeromicro_go-zero_v1.6.0_v1.9.3/mstone_trial/_gemini-cli_gemini-3.1-pro_run_002/M014/evaluation/evaluation_result.json,1.0,1.0,1.0,1.0
independent,zeromicro_go-zero_v1.6.0_v1.9.3,M017,_gemini-cli_gemini-3.1-pro_run_002,SWE-Milestone-log-results/zeromicro_go-zero_v1.6.0_v1.9.3/mstone_trial/_gemini-cli_gemini-3.1-pro_run_002/M017/evaluation/evaluation_result.json,1.0,1.0,1.0,1.0
independent,zeromicro_go-zero_v1.6.0_v1.9.3,M018,_gemini-cli_gemini-3.1-pro_run_002,SWE-Milestone-log-results/zeromicro_go-zero_v1.6.0_v1.9.3/mstone_trial/_gemini-cli_gemini-3.1-pro_run_002/M018/evaluation/evaluation_result.json,0.0,0.20945945945945946,0.34782608695652173,0.2614654717975751
independent,zeromicro_go-zero_v1.6.0_v1.9.3,M019,_gemini-cli_gemini-3.1-pro_run_002,SWE-Milestone-log-results/zeromicro_go-zero_v1.6.0_v1.9.3/mstone_trial/_gemini-cli_gemini-3.1-pro_run_002/M019/evaluation/evaluation_result.json,0.0,0.31058495821727017,0.7619047619047619,0.4412837796054665
independent,zeromicro_go-zero_v1.6.0_v1.9.3,M020,_gemini-cli_gemini-3.1-pro_run_002,SWE-Milestone-log-results/zeromicro_go-zero_v1.6.0_v1.9.3/mstone_trial/_gemini-cli_gemini-3.1-pro_run_002/M020/evaluation/evaluation_result.json,0.0,0.9841269841269841,1.0,0.9919999999999999
independent,zeromicro_go-zero_v1.6.0_v1.9.3,M021,_gemini-cli_gemini-3.1-pro_run_002,SWE-Milestone-log-results/zeromicro_go-zero_v1.6.0_v1.9.3/mstone_trial/_gemini-cli_gemini-3.1-pro_run_002/M021/evaluation/evaluation_result.json,1.0,1.0,1.0,1.0
independent,zeromicro_go-zero_v1.6.0_v1.9.3,M022,_gemini-cli_gemini-3.1-pro_run_002,SWE-Milestone-log-results/zeromicro_go-zero_v1.6.0_v1.9.3/mstone_trial/_gemini-cli_gemini-3.1-pro_run_002/M022/evaluation/evaluation_result.json,1.0,1.0,1.0,1.0
independent,zeromicro_go-zero_v1.6.0_v1.9.3,M023,_gemini-cli_gemini-3.1-pro_run_002,SWE-Milestone-log-results/zeromicro_go-zero_v1.6.0_v1.9.3/mstone_trial/_gemini-cli_gemini-3.1-pro_run_002/M023/evaluation/evaluation_result.json,0.0,0.8295454545454546,1.0,0.906832298136646
independent,zeromicro_go-zero_v1.6.0_v1.9.3,M024,_gemini-cli_gemini-3.1-pro_run_002,SWE-Milestone-log-results/zeromicro_go-zero_v1.6.0_v1.9.3/mstone_trial/_gemini-cli_gemini-3.1-pro_run_002/M024/evaluation/evaluation_result_filtered.json,0.0,0.9444444444444444,1.0,0.9714285714285714
independent,zeromicro_go-zero_v1.6.0_v1.9.3,M025,_gemini-cli_gemini-3.1-pro_run_002,SWE-Milestone-log-results/zeromicro_go-zero_v1.6.0_v1.9.3/mstone_trial/_gemini-cli_gemini-3.1-pro_run_002/M025/evaluation/evaluation_result.json,0.0,0.9523809523809523,1.0,0.975609756097561
independent,zeromicro_go-zero_v1.6.0_v1.9.3,M026,_gemini-cli_gemini-3.1-pro_run_002,SWE-Milestone-log-results/zeromicro_go-zero_v1.6.0_v1.9.3/mstone_trial/_gemini-cli_gemini-3.1-pro_run_002/M026/evaluation/evaluation_result.json,0.0,1.0,0.9523809523809523,0.975609756097561
independent,zeromicro_go-zero_v1.6.0_v1.9.3,M027,_gemini-cli_gemini-3.1-pro_run_002,SWE-Milestone-log-results/zeromicro_go-zero_v1.6.0_v1.9.3/mstone_trial/_gemini-cli_gemini-3.1-pro_run_002/M027/evaluation/evaluation_result.json,0.0,1.0,0.782608695652174,0.878048780487805
independent,zeromicro_go-zero_v1.6.0_v1.9.3,M028,_gemini-cli_gemini-3.1-pro_run_002,SWE-Milestone-log-results/zeromicro_go-zero_v1.6.0_v1.9.3/mstone_trial/_gemini-cli_gemini-3.1-pro_run_002/M028/evaluation/evaluation_result.json,0.0,0.9807692307692307,0.964622641509434,0.9726289284715098
e2e,zeromicro_go-zero_v1.6.0_v1.9.3,M001,_claude-code_glm-5.1_refine_run_002,SWE-Milestone-log-results/zeromicro_go-zero_v1.6.0_v1.9.3/e2e_trial/_claude-code_glm-5.1_refine_run_002/evaluation/M001/evaluation_result_filtered.json,0.0,0.9402985074626866,0.3670520231213873,0.5279968324149537
e2e,zeromicro_go-zero_v1.6.0_v1.9.3,M003,_claude-code_glm-5.1_refine_run_002,SWE-Milestone-log-results/zeromicro_go-zero_v1.6.0_v1.9.3/e2e_trial/_claude-code_glm-5.1_refine_run_002/evaluation/M003/evaluation_result_filtered.json,0.0,0.09259259259259259,0.0350109409190372,0.05080978088281994
e2e,zeromicro_go-zero_v1.6.0_v1.9.3,M004,_claude-code_glm-5.1_refine_run_002,SWE-Milestone-log-results/zeromicro_go-zero_v1.6.0_v1.9.3/e2e_trial/_claude-code_glm-5.1_refine_run_002/evaluation/M004/evaluation_result_filtered.json,0.0,0.8709677419354839,0.11,0.19533048339362052
e2e,zeromicro_go-zero_v1.6.0_v1.9.3,M005,_claude-code_glm-5.1_refine_run_002,SWE-Milestone-log-results/zeromicro_go-zero_v1.6.0_v1.9.3/e2e_trial/_claude-code_glm-5.1_refine_run_002/evaluation/M005/evaluation_result_filtered.json,1.0,1.0,1.0,1.0
e2e,zeromicro_go-zero_v1.6.0_v1.9.3,M007.1,_claude-code_glm-5.1_refine_run_002,SWE-Milestone-log-results/zeromicro_go-zero_v1.6.0_v1.9.3/e2e_trial/_claude-code_glm-5.1_refine_run_002/evaluation/M007.1/evaluation_result.json,0.0,0.3055555555555556,1.0,0.46808510638297873
e2e,zeromicro_go-zero_v1.6.0_v1.9.3,M007.2,_claude-code_glm-5.1_refine_run_002,SWE-Milestone-log-results/zeromicro_go-zero_v1.6.0_v1.9.3/e2e_trial/_claude-code_glm-5.1_refine_run_002/evaluation/M007.2/evaluation_result.json,0.0,0.26582278481012656,0.030513176144244106,0.05474257953670242
e2e,zeromicro_go-zero_v1.6.0_v1.9.3,M008,_claude-code_glm-5.1_refine_run_002,SWE-Milestone-log-results/zeromicro_go-zero_v1.6.0_v1.9.3/e2e_trial/_claude-code_glm-5.1_refine_run_002/evaluation/M008/evaluation_result.json,0.0,0.84,0.4174757281553398,0.5577516985793699
e2e,zeromicro_go-zero_v1.6.0_v1.9.3,M009,_claude-code_glm-5.1_refine_run_002,SWE-Milestone-log-results/zeromicro_go-zero_v1.6.0_v1.9.3/e2e_trial/_claude-code_glm-5.1_refine_run_002/evaluation/M009/evaluation_result.json,0.0,0.7254901960784313,1.0,0.8409090909090908
e2e,zeromicro_go-zero_v1.6.0_v1.9.3,M010,_claude-code_glm-5.1_refine_run_002,SWE-Milestone-log-results/zeromicro_go-zero_v1.6.0_v1.9.3/e2e_trial/_claude-code_glm-5.1_refine_run_002/evaluation/M010/evaluation_result.json,0.0,0.07909604519774012,0.020053475935828877,0.031995124552449156
e2e,zeromicro_go-zero_v1.6.0_v1.9.3,M013,_claude-code_glm-5.1_refine_run_002,SWE-Milestone-log-results/zeromicro_go-zero_v1.6.0_v1.9.3/e2e_trial/_claude-code_glm-5.1_refine_run_002/evaluation/M013/evaluation_result.json,0.0,0.37037037037037035,0.7777777777777778,0.5017921146953405
e2e,zeromicro_go-zero_v1.6.0_v1.9.3,M014,_claude-code_glm-5.1_refine_run_002,SWE-Milestone-log-results/zeromicro_go-zero_v1.6.0_v1.9.3/e2e_trial/_claude-code_glm-5.1_refine_run_002/evaluation/M014/evaluation_result.json,0.0,0.3225806451612903,0.012154696132596685,0.023426685124054946
e2e,zeromicro_go-zero_v1.6.0_v1.9.3,M017,_claude-code_glm-5.1_refine_run_002,SWE-Milestone-log-results/zeromicro_go-zero_v1.6.0_v1.9.3/e2e_trial/_claude-code_glm-5.1_refine_run_002/evaluation/M017/evaluation_result.json,0.0,1.0,0.20833333333333334,0.3448275862068966
e2e,zeromicro_go-zero_v1.6.0_v1.9.3,M018,_claude-code_glm-5.1_refine_run_002,SWE-Milestone-log-results/zeromicro_go-zero_v1.6.0_v1.9.3/e2e_trial/_claude-code_glm-5.1_refine_run_002/evaluation/M018/evaluation_result.json,0.0,0.23648648648648649,0.35294117647058826,0.28320971004720163
e2e,zeromicro_go-zero_v1.6.0_v1.9.3,M019,_claude-code_glm-5.1_refine_run_002,SWE-Milestone-log-results/zeromicro_go-zero_v1.6.0_v1.9.3/e2e_trial/_claude-code_glm-5.1_refine_run_002/evaluation/M019/evaluation_result.json,0.0,0.20334261838440112,0.459375,0.2819014093756978
e2e,zeromicro_go-zero_v1.6.0_v1.9.3,M020,_claude-code_glm-5.1_refine_run_002,SWE-Milestone-log-results/zeromicro_go-zero_v1.6.0_v1.9.3/e2e_trial/_claude-code_glm-5.1_refine_run_002/evaluation/M020/evaluation_result.json,0.0,1.0,0.3368421052631579,0.5039370078740157
e2e,zeromicro_go-zero_v1.6.0_v1.9.3,M021,_claude-code_glm-5.1_refine_run_002,SWE-Milestone-log-results/zeromicro_go-zero_v1.6.0_v1.9.3/e2e_trial/_claude-code_glm-5.1_refine_run_002/evaluation/M021/evaluation_result.json,0.0,0.8666666666666667,0.9310344827586207,0.8976982097186702
e2e,zeromicro_go-zero_v1.6.0_v1.9.3,M022,_claude-code_glm-5.1_refine_run_002,SWE-Milestone-log-results/zeromicro_go-zero_v1.6.0_v1.9.3/e2e_trial/_claude-code_glm-5.1_refine_run_002/evaluation/M022/evaluation_result.json,0.0,0.29411764705882354,0.011982570806100218,0.023027004396064473
e2e,zeromicro_go-zero_v1.6.0_v1.9.3,M023,_claude-code_glm-5.1_refine_run_002,SWE-Milestone-log-results/zeromicro_go-zero_v1.6.0_v1.9.3/e2e_trial/_claude-code_glm-5.1_refine_run_002/evaluation/M023/evaluation_result.json,0.0,0.3068181818181818,1.0,0.46956521739130436
e2e,zeromicro_go-zero_v1.6.0_v1.9.3,M024,_claude-code_glm-5.1_refine_run_002,SWE-Milestone-log-results/zeromicro_go-zero_v1.6.0_v1.9.3/e2e_trial/_claude-code_glm-5.1_refine_run_002/evaluation/M024/evaluation_result_filtered.json,0.0,0.7916666666666666,0.9206349206349206,0.8512939358825801
e2e,zeromicro_go-zero_v1.6.0_v1.9.3,M025,_claude-code_glm-5.1_refine_run_002,SWE-Milestone-log-results/zeromicro_go-zero_v1.6.0_v1.9.3/e2e_trial/_claude-code_glm-5.1_refine_run_002/evaluation/M025/evaluation_result.json,0.0,0.7619047619047619,0.38636363636363635,0.5127238454288408
e2e,zeromicro_go-zero_v1.6.0_v1.9.3,M026,_claude-code_glm-5.1_refine_run_002,SWE-Milestone-log-results/zeromicro_go-zero_v1.6.0_v1.9.3/e2e_trial/_claude-code_glm-5.1_refine_run_002/evaluation/M026/evaluation_result.json,0.0,1.0,0.425531914893617,0.5970149253731344
e2e,zeromicro_go-zero_v1.6.0_v1.9.3,M027,_claude-code_glm-5.1_refine_run_002,SWE-Milestone-log-results/zeromicro_go-zero_v1.6.0_v1.9.3/e2e_trial/_claude-code_glm-5.1_refine_run_002/evaluation/M027/evaluation_result.json,0.0,0.35294117647058826,0.011382113821138212,0.022053032291940142
e2e,zeromicro_go-zero_v1.6.0_v1.9.3,M028,_claude-code_glm-5.1_refine_run_002,SWE-Milestone-log-results/zeromicro_go-zero_v1.6.0_v1.9.3/e2e_trial/_claude-code_glm-5.1_refine_run_002/evaluation/M028/evaluation_result.json,0.0,0.07451923076923077,0.031777557100297914,0.04455523366794673
e2e,zeromicro_go-zero_v1.6.0_v1.9.3,M001,_claude-code_glm-5.1_run_002,SWE-Milestone-log-results/zeromicro_go-zero_v1.6.0_v1.9.3/e2e_trial/_claude-code_glm-5.1_run_002/evaluation/M001/evaluation_result_filtered.json,0.0,0.9402985074626866,0.4096774193548387,0.570705089339848
e2e,zeromicro_go-zero_v1.6.0_v1.9.3,M003,_claude-code_glm-5.1_run_002,SWE-Milestone-log-results/zeromicro_go-zero_v1.6.0_v1.9.3/e2e_trial/_claude-code_glm-5.1_run_002/evaluation/M003/evaluation_result_filtered.json,0.0,0.08024691358024691,0.029787234042553193,0.04344712341847696
e2e,zeromicro_go-zero_v1.6.0_v1.9.3,M004,_claude-code_glm-5.1_run_002,SWE-Milestone-log-results/zeromicro_go-zero_v1.6.0_v1.9.3/e2e_trial/_claude-code_glm-5.1_run_002/evaluation/M004/evaluation_result_filtered.json,0.0,0.8709677419354839,0.11853448275862069,0.20866999227148175
e2e,zeromicro_go-zero_v1.6.0_v1.9.3,M005,_claude-code_glm-5.1_run_002,SWE-Milestone-log-results/zeromicro_go-zero_v1.6.0_v1.9.3/e2e_trial/_claude-code_glm-5.1_run_002/evaluation/M005/evaluation_result_filtered.json,0.0,1.0,0.7931034482758621,0.8846153846153846
e2e,zeromicro_go-zero_v1.6.0_v1.9.3,M007.1,_claude-code_glm-5.1_run_002,SWE-Milestone-log-results/zeromicro_go-zero_v1.6.0_v1.9.3/e2e_trial/_claude-code_glm-5.1_run_002/evaluation/M007.1/evaluation_result.json,0.0,0.3055555555555556,0.9230769230769231,0.45913043478260873
e2e,zeromicro_go-zero_v1.6.0_v1.9.3,M007.2,_claude-code_glm-5.1_run_002,SWE-Milestone-log-results/zeromicro_go-zero_v1.6.0_v1.9.3/e2e_trial/_claude-code_glm-5.1_run_002/evaluation/M007.2/evaluation_result.json,0.0,0.16455696202531644,0.017948717948717947,0.03236706384492263
e2e,zeromicro_go-zero_v1.6.0_v1.9.3,M008,_claude-code_glm-5.1_run_002,SWE-Milestone-log-results/zeromicro_go-zero_v1.6.0_v1.9.3/e2e_trial/_claude-code_glm-5.1_run_002/evaluation/M008/evaluation_result.json,0.0,0.8,1.0,0.888888888888889
e2e,zeromicro_go-zero_v1.6.0_v1.9.3,M009,_claude-code_glm-5.1_run_002,SWE-Milestone-log-results/zeromicro_go-zero_v1.6.0_v1.9.3/e2e_trial/_claude-code_glm-5.1_run_002/evaluation/M009/evaluation_result.json,0.0,0.7254901960784313,1.0,0.8409090909090908
e2e,zeromicro_go-zero_v1.6.0_v1.9.3,M010,_claude-code_glm-5.1_run_002,SWE-Milestone-log-results/zeromicro_go-zero_v1.6.0_v1.9.3/e2e_trial/_claude-code_glm-5.1_run_002/evaluation/M010/evaluation_result.json,0.0,0.06779661016949153,0.014285714285714285,0.02359882005899705
e2e,zeromicro_go-zero_v1.6.0_v1.9.3,M013,_claude-code_glm-5.1_run_002,SWE-Milestone-log-results/zeromicro_go-zero_v1.6.0_v1.9.3/e2e_trial/_claude-code_glm-5.1_run_002/evaluation/M013/evaluation_result.json,0.0,0.2037037037037037,0.27906976744186046,0.23550401427297057
e2e,zeromicro_go-zero_v1.6.0_v1.9.3,M014,_claude-code_glm-5.1_run_002,SWE-Milestone-log-results/zeromicro_go-zero_v1.6.0_v1.9.3/e2e_trial/_claude-code_glm-5.1_run_002/evaluation/M014/evaluation_result.json,0.0,0.25806451612903225,0.008014247551202136,0.015545719529310158
e2e,zeromicro_go-zero_v1.6.0_v1.9.3,M017,_claude-code_glm-5.1_run_002,SWE-Milestone-log-results/zeromicro_go-zero_v1.6.0_v1.9.3/e2e_trial/_claude-code_glm-5.1_run_002/evaluation/M017/evaluation_result.json,0.0,1.0,0.1271186440677966,0.22556390977443605
e2e,zeromicro_go-zero_v1.6.0_v1.9.3,M018,_claude-code_glm-5.1_run_002,SWE-Milestone-log-results/zeromicro_go-zero_v1.6.0_v1.9.3/e2e_trial/_claude-code_glm-5.1_run_002/evaluation/M018/evaluation_result.json,0.0,0.22297297297297297,0.19428571428571428,0.20764319422596464
e2e,zeromicro_go-zero_v1.6.0_v1.9.3,M019,_claude-code_glm-5.1_run_002,SWE-Milestone-log-results/zeromicro_go-zero_v1.6.0_v1.9.3/e2e_trial/_claude-code_glm-5.1_run_002/evaluation/M019/evaluation_result.json,0.0,0.20334261838440112,0.3721518987341772,0.2629889226546417
e2e,zeromicro_go-zero_v1.6.0_v1.9.3,M020,_claude-code_glm-5.1_run_002,SWE-Milestone-log-results/zeromicro_go-zero_v1.6.0_v1.9.3/e2e_trial/_claude-code_glm-5.1_run_002/evaluation/M020/evaluation_result.json,0.0,0.3492063492063492,0.07210031347962383,0.11952285343096729
e2e,zeromicro_go-zero_v1.6.0_v1.9.3,M021,_claude-code_glm-5.1_run_002,SWE-Milestone-log-results/zeromicro_go-zero_v1.6.0_v1.9.3/e2e_trial/_claude-code_glm-5.1_run_002/evaluation/M021/evaluation_result.json,0.0,0.43333333333333335,0.30434782608695654,0.35756385068762286
e2e,zeromicro_go-zero_v1.6.0_v1.9.3,M022,_claude-code_glm-5.1_run_002,SWE-Milestone-log-results/zeromicro_go-zero_v1.6.0_v1.9.3/e2e_trial/_claude-code_glm-5.1_run_002/evaluation/M022/evaluation_result.json,0.0,0.23529411764705882,0.008130081300813009,0.015717092337917488
e2e,zeromicro_go-zero_v1.6.0_v1.9.3,M023,_claude-code_glm-5.1_run_002,SWE-Milestone-log-results/zeromicro_go-zero_v1.6.0_v1.9.3/e2e_trial/_claude-code_glm-5.1_run_002/evaluation/M023/evaluation_result.json,0.0,0.14772727272727273,0.2978723404255319,0.19750406945198049
e2e,zeromicro_go-zero_v1.6.0_v1.9.3,M024,_claude-code_glm-5.1_run_002,SWE-Milestone-log-results/zeromicro_go-zero_v1.6.0_v1.9.3/e2e_trial/_claude-code_glm-5.1_run_002/evaluation/M024/evaluation_result_filtered.json,0.0,0.1527777777777778,0.2222222222222222,0.1810699588477366
e2e,zeromicro_go-zero_v1.6.0_v1.9.3,M025,_claude-code_glm-5.1_run_002,SWE-Milestone-log-results/zeromicro_go-zero_v1.6.0_v1.9.3/e2e_trial/_claude-code_glm-5.1_run_002/evaluation/M025/evaluation_result.json,0.0,0.7619047619047619,0.24285714285714285,0.36831415030467163
e2e,zeromicro_go-zero_v1.6.0_v1.9.3,M026,_claude-code_glm-5.1_run_002,SWE-Milestone-log-results/zeromicro_go-zero_v1.6.0_v1.9.3/e2e_trial/_claude-code_glm-5.1_run_002/evaluation/M026/evaluation_result.json,0.0,1.0,0.12195121951219512,0.21739130434782605
e2e,zeromicro_go-zero_v1.6.0_v1.9.3,M027,_claude-code_glm-5.1_run_002,SWE-Milestone-log-results/zeromicro_go-zero_v1.6.0_v1.9.3/e2e_trial/_claude-code_glm-5.1_run_002/evaluation/M027/evaluation_result.json,0.0,0.23529411764705882,0.007974481658692184,0.015426147319706901
e2e,zeromicro_go-zero_v1.6.0_v1.9.3,M028,_claude-code_glm-5.1_run_002,SWE-Milestone-log-results/zeromicro_go-zero_v1.6.0_v1.9.3/e2e_trial/_claude-code_glm-5.1_run_002/evaluation/M028/evaluation_result.json,0.0,0.0625,0.02317596566523605,0.03381340012523481
e2e,zeromicro_go-zero_v1.6.0_v1.9.3,M001,_claude-code_glm-5_refine_run_002,SWE-Milestone-log-results/zeromicro_go-zero_v1.6.0_v1.9.3/e2e_trial/_claude-code_glm-5_refine_run_002/evaluation/M001/evaluation_result_filtered.json,0.0,0.9925373134328358,0.638095238095238,0.7767946650394456
e2e,zeromicro_go-zero_v1.6.0_v1.9.3,M003,_claude-code_glm-5_refine_run_002,SWE-Milestone-log-results/zeromicro_go-zero_v1.6.0_v1.9.3/e2e_trial/_claude-code_glm-5_refine_run_002/evaluation/M003/evaluation_result_filtered.json,0.0,0.05555555555555555,0.014044943820224719,0.02242152466367713
e2e,zeromicro_go-zero_v1.6.0_v1.9.3,M004,_claude-code_glm-5_refine_run_002,SWE-Milestone-log-results/zeromicro_go-zero_v1.6.0_v1.9.3/e2e_trial/_claude-code_glm-5_refine_run_002/evaluation/M004/evaluation_result_filtered.json,0.0,0.8709677419354839,0.0843558282208589,0.1538142834947434
e2e,zeromicro_go-zero_v1.6.0_v1.9.3,M005,_claude-code_glm-5_refine_run_002,SWE-Milestone-log-results/zeromicro_go-zero_v1.6.0_v1.9.3/e2e_trial/_claude-code_glm-5_refine_run_002/evaluation/M005/evaluation_result_filtered.json,0.0,1.0,0.8214285714285714,0.9019607843137255
e2e,zeromicro_go-zero_v1.6.0_v1.9.3,M007.1,_claude-code_glm-5_refine_run_002,SWE-Milestone-log-results/zeromicro_go-zero_v1.6.0_v1.9.3/e2e_trial/_claude-code_glm-5_refine_run_002/evaluation/M007.1/evaluation_result.json,0.0,0.3055555555555556,1.0,0.46808510638297873
e2e,zeromicro_go-zero_v1.6.0_v1.9.3,M007.2,_claude-code_glm-5_refine_run_002,SWE-Milestone-log-results/zeromicro_go-zero_v1.6.0_v1.9.3/e2e_trial/_claude-code_glm-5_refine_run_002/evaluation/M007.2/evaluation_result.json,0.0,0.13924050632911392,0.014475271411338963,0.026224297208701695
e2e,zeromicro_go-zero_v1.6.0_v1.9.3,M008,_claude-code_glm-5_refine_run_002,SWE-Milestone-log-results/zeromicro_go-zero_v1.6.0_v1.9.3/e2e_trial/_claude-code_glm-5_refine_run_002/evaluation/M008/evaluation_result.json,0.0,0.72,1.0,0.8372093023255813
e2e,zeromicro_go-zero_v1.6.0_v1.9.3,M009,_claude-code_glm-5_refine_run_002,SWE-Milestone-log-results/zeromicro_go-zero_v1.6.0_v1.9.3/e2e_trial/_claude-code_glm-5_refine_run_002/evaluation/M009/evaluation_result.json,0.0,0.7254901960784313,1.0,0.8409090909090908
e2e,zeromicro_go-zero_v1.6.0_v1.9.3,M010,_claude-code_glm-5_refine_run_002,SWE-Milestone-log-results/zeromicro_go-zero_v1.6.0_v1.9.3/e2e_trial/_claude-code_glm-5_refine_run_002/evaluation/M010/evaluation_result.json,0.0,0.062146892655367235,0.012448132780082987,0.0207416719044626
e2e,zeromicro_go-zero_v1.6.0_v1.9.3,M013,_claude-code_glm-5_refine_run_002,SWE-Milestone-log-results/zeromicro_go-zero_v1.6.0_v1.9.3/e2e_trial/_claude-code_glm-5_refine_run_002/evaluation/M013/evaluation_result.json,0.0,0.2037037037037037,0.6666666666666666,0.3120567375886525
e2e,zeromicro_go-zero_v1.6.0_v1.9.3,M014,_claude-code_glm-5_refine_run_002,SWE-Milestone-log-results/zeromicro_go-zero_v1.6.0_v1.9.3/e2e_trial/_claude-code_glm-5_refine_run_002/evaluation/M014/evaluation_result.json,0.0,0.41935483870967744,0.013245033112582781,0.02567901234567901
e2e,zeromicro_go-zero_v1.6.0_v1.9.3,M017,_claude-code_glm-5_refine_run_002,SWE-Milestone-log-results/zeromicro_go-zero_v1.6.0_v1.9.3/e2e_trial/_claude-code_glm-5_refine_run_002/evaluation/M017/evaluation_result.json,0.0,0.7857142857142857,0.10256410256410256,0.18144329896907216
e2e,zeromicro_go-zero_v1.6.0_v1.9.3,M018,_claude-code_glm-5_refine_run_002,SWE-Milestone-log-results/zeromicro_go-zero_v1.6.0_v1.9.3/e2e_trial/_claude-code_glm-5_refine_run_002/evaluation/M018/evaluation_result.json,0.0,0.07432432432432433,0.15584415584415584,0.10064811284788411
e2e,zeromicro_go-zero_v1.6.0_v1.9.3,M019,_claude-code_glm-5_refine_run_002,SWE-Milestone-log-results/zeromicro_go-zero_v1.6.0_v1.9.3/e2e_trial/_claude-code_glm-5_refine_run_002/evaluation/M019/evaluation_result.json,0.0,0.06406685236768803,0.19183673469387755,0.09605473609383332
e2e,zeromicro_go-zero_v1.6.0_v1.9.3,M020,_claude-code_glm-5_refine_run_002,SWE-Milestone-log-results/zeromicro_go-zero_v1.6.0_v1.9.3/e2e_trial/_claude-code_glm-5_refine_run_002/evaluation/M020/evaluation_result.json,0.0,0.09523809523809523,0.02527075812274368,0.039942938659058486
e2e,zeromicro_go-zero_v1.6.0_v1.9.3,M021,_claude-code_glm-5_refine_run_002,SWE-Milestone-log-results/zeromicro_go-zero_v1.6.0_v1.9.3/e2e_trial/_claude-code_glm-5_refine_run_002/evaluation/M021/evaluation_result.json,0.0,0.6,0.7037037037037037,0.6477272727272727
e2e,zeromicro_go-zero_v1.6.0_v1.9.3,M023,_claude-code_glm-5_refine_run_002,SWE-Milestone-log-results/zeromicro_go-zero_v1.6.0_v1.9.3/e2e_trial/_claude-code_glm-5_refine_run_002/evaluation/M023/evaluation_result.json,0.0,0.125,0.26666666666666666,0.1702127659574468
e2e,zeromicro_go-zero_v1.6.0_v1.9.3,M024,_claude-code_glm-5_refine_run_002,SWE-Milestone-log-results/zeromicro_go-zero_v1.6.0_v1.9.3/e2e_trial/_claude-code_glm-5_refine_run_002/evaluation/M024/evaluation_result_filtered.json,0.0,0.16666666666666666,0.5909090909090909,0.26
e2e,zeromicro_go-zero_v1.6.0_v1.9.3,M025,_claude-code_glm-5_refine_run_002,SWE-Milestone-log-results/zeromicro_go-zero_v1.6.0_v1.9.3/e2e_trial/_claude-code_glm-5_refine_run_002/evaluation/M025/evaluation_result.json,0.0,0.6666666666666666,0.3,0.41379310344827586
e2e,zeromicro_go-zero_v1.6.0_v1.9.3,M026,_claude-code_glm-5_refine_run_002,SWE-Milestone-log-results/zeromicro_go-zero_v1.6.0_v1.9.3/e2e_trial/_claude-code_glm-5_refine_run_002/evaluation/M026/evaluation_result.json,0.0,0.8947368421052632,0.391304347826087,0.5444839857651246
e2e,zeromicro_go-zero_v1.6.0_v1.9.3,M027,_claude-code_glm-5_refine_run_002,SWE-Milestone-log-results/zeromicro_go-zero_v1.6.0_v1.9.3/e2e_trial/_claude-code_glm-5_refine_run_002/evaluation/M027/evaluation_result.json,0.0,0.7647058823529411,0.02092675635276532,0.04073866815892557
e2e,zeromicro_go-zero_v1.6.0_v1.9.3,M028,_claude-code_glm-5_refine_run_002,SWE-Milestone-log-results/zeromicro_go-zero_v1.6.0_v1.9.3/e2e_trial/_claude-code_glm-5_refine_run_002/evaluation/M028/evaluation_result.json,0.0,0.009615384615384616,0.003861003861003861,0.005509641873278238
e2e,zeromicro_go-zero_v1.6.0_v1.9.3,M001,_claude-code_glm-5_run_002,SWE-Milestone-log-results/zeromicro_go-zero_v1.6.0_v1.9.3/e2e_trial/_claude-code_glm-5_run_002/evaluation/M001/evaluation_result_filtered.json,0.0,1.0,0.627906976744186,0.7714285714285715
e2e,zeromicro_go-zero_v1.6.0_v1.9.3,M003,_claude-code_glm-5_run_002,SWE-Milestone-log-results/zeromicro_go-zero_v1.6.0_v1.9.3/e2e_trial/_claude-code_glm-5_run_002/evaluation/M003/evaluation_result.json,0.0,0.06172839506172839,0.023554603854389723,0.03409795412275264
e2e,zeromicro_go-zero_v1.6.0_v1.9.3,M004,_claude-code_glm-5_run_002,SWE-Milestone-log-results/zeromicro_go-zero_v1.6.0_v1.9.3/e2e_trial/_claude-code_glm-5_run_002/evaluation/M004/evaluation_result_filtered.json,0.0,0.8870967741935484,0.12043010752688173,0.21207009329707027
e2e,zeromicro_go-zero_v1.6.0_v1.9.3,M005,_claude-code_glm-5_run_002,SWE-Milestone-log-results/zeromicro_go-zero_v1.6.0_v1.9.3/e2e_trial/_claude-code_glm-5_run_002/evaluation/M005/evaluation_result_filtered.json,0.0,1.0,0.8214285714285714,0.9019607843137255
e2e,zeromicro_go-zero_v1.6.0_v1.9.3,M007.1,_claude-code_glm-5_run_002,SWE-Milestone-log-results/zeromicro_go-zero_v1.6.0_v1.9.3/e2e_trial/_claude-code_glm-5_run_002/evaluation/M007.1/evaluation_result.json,0.0,0.3055555555555556,0.3076923076923077,0.3066202090592335
e2e,zeromicro_go-zero_v1.6.0_v1.9.3,M007.2,_claude-code_glm-5_run_002,SWE-Milestone-log-results/zeromicro_go-zero_v1.6.0_v1.9.3/e2e_trial/_claude-code_glm-5_run_002/evaluation/M007.2/evaluation_result.json,0.0,0.13924050632911392,0.014457831325301205,0.02619567374479063
e2e,zeromicro_go-zero_v1.6.0_v1.9.3,M008,_claude-code_glm-5_run_002,SWE-Milestone-log-results/zeromicro_go-zero_v1.6.0_v1.9.3/e2e_trial/_claude-code_glm-5_run_002/evaluation/M008/evaluation_result.json,0.0,0.84,0.41346153846153844,0.5541577170911322
e2e,zeromicro_go-zero_v1.6.0_v1.9.3,M009,_claude-code_glm-5_run_002,SWE-Milestone-log-results/zeromicro_go-zero_v1.6.0_v1.9.3/e2e_trial/_claude-code_glm-5_run_002/evaluation/M009/evaluation_result.json,0.0,0.7254901960784313,0.9743589743589743,0.8317065956817509
e2e,zeromicro_go-zero_v1.6.0_v1.9.3,M010,_claude-code_glm-5_run_002,SWE-Milestone-log-results/zeromicro_go-zero_v1.6.0_v1.9.3/e2e_trial/_claude-code_glm-5_run_002/evaluation/M010/evaluation_result.json,0.0,0.062146892655367235,0.013745704467353952,0.02251215144538245
e2e,zeromicro_go-zero_v1.6.0_v1.9.3,M013,_claude-code_glm-5_run_002,SWE-Milestone-log-results/zeromicro_go-zero_v1.6.0_v1.9.3/e2e_trial/_claude-code_glm-5_run_002/evaluation/M013/evaluation_result.json,0.0,0.37037037037037035,0.7777777777777778,0.5017921146953405
e2e,zeromicro_go-zero_v1.6.0_v1.9.3,M014,_claude-code_glm-5_run_002,SWE-Milestone-log-results/zeromicro_go-zero_v1.6.0_v1.9.3/e2e_trial/_claude-code_glm-5_run_002/evaluation/M014/evaluation_result.json,0.0,0.41935483870967744,0.013270142180094787,0.025726199731429783
e2e,zeromicro_go-zero_v1.6.0_v1.9.3,M017,_claude-code_glm-5_run_002,SWE-Milestone-log-results/zeromicro_go-zero_v1.6.0_v1.9.3/e2e_trial/_claude-code_glm-5_run_002/evaluation/M017/evaluation_result.json,0.0,0.7857142857142857,0.17647058823529413,0.28820960698689957
e2e,zeromicro_go-zero_v1.6.0_v1.9.3,M018,_claude-code_glm-5_run_002,SWE-Milestone-log-results/zeromicro_go-zero_v1.6.0_v1.9.3/e2e_trial/_claude-code_glm-5_run_002/evaluation/M018/evaluation_result.json,0.0,0.07432432432432433,0.14814814814814814,0.09898762654668165
e2e,zeromicro_go-zero_v1.6.0_v1.9.3,M019,_claude-code_glm-5_run_002,SWE-Milestone-log-results/zeromicro_go-zero_v1.6.0_v1.9.3/e2e_trial/_claude-code_glm-5_run_002/evaluation/M019/evaluation_result.json,0.0,0.016713091922005572,0.06190476190476191,0.026320229458410664
e2e,zeromicro_go-zero_v1.6.0_v1.9.3,M020,_claude-code_glm-5_run_002,SWE-Milestone-log-results/zeromicro_go-zero_v1.6.0_v1.9.3/e2e_trial/_claude-code_glm-5_run_002/evaluation/M020/evaluation_result.json,0.0,0.09523809523809523,0.029045643153526972,0.044515103338632754
e2e,zeromicro_go-zero_v1.6.0_v1.9.3,M021,_claude-code_glm-5_run_002,SWE-Milestone-log-results/zeromicro_go-zero_v1.6.0_v1.9.3/e2e_trial/_claude-code_glm-5_run_002/evaluation/M021/evaluation_result.json,0.0,0.6,0.7307692307692307,0.6589595375722542
e2e,zeromicro_go-zero_v1.6.0_v1.9.3,M023,_claude-code_glm-5_run_002,SWE-Milestone-log-results/zeromicro_go-zero_v1.6.0_v1.9.3/e2e_trial/_claude-code_glm-5_run_002/evaluation/M023/evaluation_result.json,0.0,0.3068181818181818,1.0,0.46956521739130436
e2e,zeromicro_go-zero_v1.6.0_v1.9.3,M024,_claude-code_glm-5_run_002,SWE-Milestone-log-results/zeromicro_go-zero_v1.6.0_v1.9.3/e2e_trial/_claude-code_glm-5_run_002/evaluation/M024/evaluation_result_filtered.json,0.0,0.7916666666666666,0.90625,0.8450920245398773
e2e,zeromicro_go-zero_v1.6.0_v1.9.3,M025,_claude-code_glm-5_run_002,SWE-Milestone-log-results/zeromicro_go-zero_v1.6.0_v1.9.3/e2e_trial/_claude-code_glm-5_run_002/evaluation/M025/evaluation_result.json,0.0,0.6666666666666666,0.30612244897959184,0.4195804195804196
e2e,zeromicro_go-zero_v1.6.0_v1.9.3,M026,_claude-code_glm-5_run_002,SWE-Milestone-log-results/zeromicro_go-zero_v1.6.0_v1.9.3/e2e_trial/_claude-code_glm-5_run_002/evaluation/M026/evaluation_result.json,0.0,1.0,0.425531914893617,0.5970149253731344
e2e,zeromicro_go-zero_v1.6.0_v1.9.3,M027,_claude-code_glm-5_run_002,SWE-Milestone-log-results/zeromicro_go-zero_v1.6.0_v1.9.3/e2e_trial/_claude-code_glm-5_run_002/evaluation/M027/evaluation_result.json,0.0,0.8235294117647058,0.030927835051546393,0.0596167494677076
e2e,zeromicro_go-zero_v1.6.0_v1.9.3,M028,_claude-code_glm-5_run_002,SWE-Milestone-log-results/zeromicro_go-zero_v1.6.0_v1.9.3/e2e_trial/_claude-code_glm-5_run_002/evaluation/M028/evaluation_result.json,0.0,0.055288461538461536,0.018140589569160998,0.027317942246306882
e2e,zeromicro_go-zero_v1.6.0_v1.9.3,M001,_claude-code_kimi-k2.6_run_002,SWE-Milestone-log-results/zeromicro_go-zero_v1.6.0_v1.9.3/e2e_trial/_claude-code_kimi-k2.6_run_002/evaluation/M001/evaluation_result_filtered.json,0.0,0.9402985074626866,0.4096774193548387,0.570705089339848
e2e,zeromicro_go-zero_v1.6.0_v1.9.3,M003,_claude-code_kimi-k2.6_run_002,SWE-Milestone-log-results/zeromicro_go-zero_v1.6.0_v1.9.3/e2e_trial/_claude-code_kimi-k2.6_run_002/evaluation/M003/evaluation_result_filtered.json,0.0,0.09876543209876543,0.1619047619047619,0.12268831754623365
e2e,zeromicro_go-zero_v1.6.0_v1.9.3,M004,_claude-code_kimi-k2.6_run_002,SWE-Milestone-log-results/zeromicro_go-zero_v1.6.0_v1.9.3/e2e_trial/_claude-code_kimi-k2.6_run_002/evaluation/M004/evaluation_result_filtered.json,0.0,0.25806451612903225,0.1504424778761062,0.19007686932215234
e2e,zeromicro_go-zero_v1.6.0_v1.9.3,M005,_claude-code_kimi-k2.6_run_002,SWE-Milestone-log-results/zeromicro_go-zero_v1.6.0_v1.9.3/e2e_trial/_claude-code_kimi-k2.6_run_002/evaluation/M005/evaluation_result_filtered.json,0.0,0.6363636363636364,0.08670520231213873,0.15261627906976744
e2e,zeromicro_go-zero_v1.6.0_v1.9.3,M007.1,_claude-code_kimi-k2.6_run_002,SWE-Milestone-log-results/zeromicro_go-zero_v1.6.0_v1.9.3/e2e_trial/_claude-code_kimi-k2.6_run_002/evaluation/M007.1/evaluation_result.json,0.0,0.3055555555555556,1.0,0.46808510638297873
e2e,zeromicro_go-zero_v1.6.0_v1.9.3,M007.2,_claude-code_kimi-k2.6_run_002,SWE-Milestone-log-results/zeromicro_go-zero_v1.6.0_v1.9.3/e2e_trial/_claude-code_kimi-k2.6_run_002/evaluation/M007.2/evaluation_result.json,0.0,0.13924050632911392,0.01486988847583643,0.026870229007633584
e2e,zeromicro_go-zero_v1.6.0_v1.9.3,M008,_claude-code_kimi-k2.6_run_002,SWE-Milestone-log-results/zeromicro_go-zero_v1.6.0_v1.9.3/e2e_trial/_claude-code_kimi-k2.6_run_002/evaluation/M008/evaluation_result.json,0.0,0.84,1.0,0.9130434782608696
e2e,zeromicro_go-zero_v1.6.0_v1.9.3,M009,_claude-code_kimi-k2.6_run_002,SWE-Milestone-log-results/zeromicro_go-zero_v1.6.0_v1.9.3/e2e_trial/_claude-code_kimi-k2.6_run_002/evaluation/M009/evaluation_result.json,0.0,0.21568627450980393,0.41379310344827586,0.2835660580021482
e2e,zeromicro_go-zero_v1.6.0_v1.9.3,M010,_claude-code_kimi-k2.6_run_002,SWE-Milestone-log-results/zeromicro_go-zero_v1.6.0_v1.9.3/e2e_trial/_claude-code_kimi-k2.6_run_002/evaluation/M010/evaluation_result.json,0.0,0.06779661016949153,0.016331658291457288,0.026322450012655024
e2e,zeromicro_go-zero_v1.6.0_v1.9.3,M013,_claude-code_kimi-k2.6_run_002,SWE-Milestone-log-results/zeromicro_go-zero_v1.6.0_v1.9.3/e2e_trial/_claude-code_kimi-k2.6_run_002/evaluation/M013/evaluation_result.json,0.0,0.2777777777777778,0.7272727272727273,0.40201005025125625
e2e,zeromicro_go-zero_v1.6.0_v1.9.3,M014,_claude-code_kimi-k2.6_run_002,SWE-Milestone-log-results/zeromicro_go-zero_v1.6.0_v1.9.3/e2e_trial/_claude-code_kimi-k2.6_run_002/evaluation/M014/evaluation_result.json,0.0,0.25806451612903225,0.00949367088607595,0.018313620755436858
e2e,zeromicro_go-zero_v1.6.0_v1.9.3,M017,_claude-code_kimi-k2.6_run_002,SWE-Milestone-log-results/zeromicro_go-zero_v1.6.0_v1.9.3/e2e_trial/_claude-code_kimi-k2.6_run_002/evaluation/M017/evaluation_result.json,0.0,1.0,0.20833333333333334,0.3448275862068966
e2e,zeromicro_go-zero_v1.6.0_v1.9.3,M018,_claude-code_kimi-k2.6_run_002,SWE-Milestone-log-results/zeromicro_go-zero_v1.6.0_v1.9.3/e2e_trial/_claude-code_kimi-k2.6_run_002/evaluation/M018/evaluation_result.json,0.0,0.22297297297297297,0.22666666666666666,0.2248046483670607
e2e,zeromicro_go-zero_v1.6.0_v1.9.3,M019,_claude-code_kimi-k2.6_run_002,SWE-Milestone-log-results/zeromicro_go-zero_v1.6.0_v1.9.3/e2e_trial/_claude-code_kimi-k2.6_run_002/evaluation/M019/evaluation_result.json,0.0,0.32590529247910865,0.5131004366812227,0.39861979978398127
e2e,zeromicro_go-zero_v1.6.0_v1.9.3,M020,_claude-code_kimi-k2.6_run_002,SWE-Milestone-log-results/zeromicro_go-zero_v1.6.0_v1.9.3/e2e_trial/_claude-code_kimi-k2.6_run_002/evaluation/M020/evaluation_result.json,0.0,0.2222222222222222,0.028517110266159697,0.050547598989048016
e2e,zeromicro_go-zero_v1.6.0_v1.9.3,M021,_claude-code_kimi-k2.6_run_002,SWE-Milestone-log-results/zeromicro_go-zero_v1.6.0_v1.9.3/e2e_trial/_claude-code_kimi-k2.6_run_002/evaluation/M021/evaluation_result.json,0.0,0.6666666666666666,0.75,0.7058823529411765
e2e,zeromicro_go-zero_v1.6.0_v1.9.3,M022,_claude-code_kimi-k2.6_run_002,SWE-Milestone-log-results/zeromicro_go-zero_v1.6.0_v1.9.3/e2e_trial/_claude-code_kimi-k2.6_run_002/evaluation/M022/evaluation_result.json,0.0,0.058823529411764705,0.002702702702702703,0.00516795865633075
e2e,zeromicro_go-zero_v1.6.0_v1.9.3,M023,_claude-code_kimi-k2.6_run_002,SWE-Milestone-log-results/zeromicro_go-zero_v1.6.0_v1.9.3/e2e_trial/_claude-code_kimi-k2.6_run_002/evaluation/M023/evaluation_result.json,0.0,0.3068181818181818,1.0,0.46956521739130436
e2e,zeromicro_go-zero_v1.6.0_v1.9.3,M024,_claude-code_kimi-k2.6_run_002,SWE-Milestone-log-results/zeromicro_go-zero_v1.6.0_v1.9.3/e2e_trial/_claude-code_kimi-k2.6_run_002/evaluation/M024/evaluation_result_filtered.json,0.0,0.7916666666666666,0.9206349206349206,0.8512939358825801
e2e,zeromicro_go-zero_v1.6.0_v1.9.3,M025,_claude-code_kimi-k2.6_run_002,SWE-Milestone-log-results/zeromicro_go-zero_v1.6.0_v1.9.3/e2e_trial/_claude-code_kimi-k2.6_run_002/evaluation/M025/evaluation_result.json,0.0,0.9523809523809523,0.4375,0.5995717344753747
e2e,zeromicro_go-zero_v1.6.0_v1.9.3,M026,_claude-code_kimi-k2.6_run_002,SWE-Milestone-log-results/zeromicro_go-zero_v1.6.0_v1.9.3/e2e_trial/_claude-code_kimi-k2.6_run_002/evaluation/M026/evaluation_result.json,0.0,1.0,0.425531914893617,0.5970149253731344
e2e,zeromicro_go-zero_v1.6.0_v1.9.3,M027,_claude-code_kimi-k2.6_run_002,SWE-Milestone-log-results/zeromicro_go-zero_v1.6.0_v1.9.3/e2e_trial/_claude-code_kimi-k2.6_run_002/evaluation/M027/evaluation_result.json,0.0,0.4117647058823529,0.02973977695167286,0.0554730064388311
e2e,zeromicro_go-zero_v1.6.0_v1.9.3,M028,_claude-code_kimi-k2.6_run_002,SWE-Milestone-log-results/zeromicro_go-zero_v1.6.0_v1.9.3/e2e_trial/_claude-code_kimi-k2.6_run_002/evaluation/M028/evaluation_result.json,0.0,0.05048076923076923,0.017741935483870968,0.026255967265287564
e2e,zeromicro_go-zero_v1.6.0_v1.9.3,M001,_claude-code_opus-4.5_run_002,SWE-Milestone-log-results/zeromicro_go-zero_v1.6.0_v1.9.3/e2e_trial/_claude-code_opus-4.5_run_002/evaluation/M001/evaluation_result_filtered.json,1.0,1.0,1.0,1.0
e2e,zeromicro_go-zero_v1.6.0_v1.9.3,M004,_claude-code_opus-4.5_run_002,SWE-Milestone-log-results/zeromicro_go-zero_v1.6.0_v1.9.3/e2e_trial/_claude-code_opus-4.5_run_002/evaluation/M004/evaluation_result.json,0.0,0.9032258064516129,0.07840440165061899,0.14428422908285493
e2e,zeromicro_go-zero_v1.6.0_v1.9.3,M007.1,_claude-code_opus-4.5_run_002,SWE-Milestone-log-results/zeromicro_go-zero_v1.6.0_v1.9.3/e2e_trial/_claude-code_opus-4.5_run_002/evaluation/M007.1/evaluation_result.json,0.0,0.3055555555555556,1.0,0.46808510638297873
e2e,zeromicro_go-zero_v1.6.0_v1.9.3,M008,_claude-code_opus-4.5_run_002,SWE-Milestone-log-results/zeromicro_go-zero_v1.6.0_v1.9.3/e2e_trial/_claude-code_opus-4.5_run_002/evaluation/M008/evaluation_result.json,0.0,0.28,1.0,0.43750000000000006
e2e,zeromicro_go-zero_v1.6.0_v1.9.3,M009,_claude-code_opus-4.5_run_002,SWE-Milestone-log-results/zeromicro_go-zero_v1.6.0_v1.9.3/e2e_trial/_claude-code_opus-4.5_run_002/evaluation/M009/evaluation_result.json,0.0,0.21568627450980393,0.41379310344827586,0.2835660580021482
e2e,zeromicro_go-zero_v1.6.0_v1.9.3,M010,_claude-code_opus-4.5_run_002,SWE-Milestone-log-results/zeromicro_go-zero_v1.6.0_v1.9.3/e2e_trial/_claude-code_opus-4.5_run_002/evaluation/M010/evaluation_result.json,0.0,0.022598870056497175,0.0030175015087507543,0.005324104884866231
e2e,zeromicro_go-zero_v1.6.0_v1.9.3,M013,_claude-code_opus-4.5_run_002,SWE-Milestone-log-results/zeromicro_go-zero_v1.6.0_v1.9.3/e2e_trial/_claude-code_opus-4.5_run_002/evaluation/M013/evaluation_result.json,0.0,0.2037037037037037,0.631578947368421,0.308051341890315
e2e,zeromicro_go-zero_v1.6.0_v1.9.3,M017,_claude-code_opus-4.5_run_002,SWE-Milestone-log-results/zeromicro_go-zero_v1.6.0_v1.9.3/e2e_trial/_claude-code_opus-4.5_run_002/evaluation/M017/evaluation_result.json,0.0,1.0,0.8823529411764706,0.9375
e2e,zeromicro_go-zero_v1.6.0_v1.9.3,M018,_claude-code_opus-4.5_run_002,SWE-Milestone-log-results/zeromicro_go-zero_v1.6.0_v1.9.3/e2e_trial/_claude-code_opus-4.5_run_002/evaluation/M018/evaluation_result.json,0.0,0.07432432432432433,0.4,0.12535612535612536
e2e,zeromicro_go-zero_v1.6.0_v1.9.3,M019,_claude-code_opus-4.5_run_002,SWE-Milestone-log-results/zeromicro_go-zero_v1.6.0_v1.9.3/e2e_trial/_claude-code_opus-4.5_run_002/evaluation/M019/evaluation_result.json,0.0,0.005571030640668524,0.005122950819672131,0.005337603416066186
e2e,zeromicro_go-zero_v1.6.0_v1.9.3,M020,_claude-code_opus-4.5_run_002,SWE-Milestone-log-results/zeromicro_go-zero_v1.6.0_v1.9.3/e2e_trial/_claude-code_opus-4.5_run_002/evaluation/M020/evaluation_result.json,0.0,0.3492063492063492,0.0688622754491018,0.11503921791519836
e2e,zeromicro_go-zero_v1.6.0_v1.9.3,M021,_claude-code_opus-4.5_run_002,SWE-Milestone-log-results/zeromicro_go-zero_v1.6.0_v1.9.3/e2e_trial/_claude-code_opus-4.5_run_002/evaluation/M021/evaluation_result.json,0.0,0.36666666666666664,0.12903225806451613,0.19088937093275488
e2e,zeromicro_go-zero_v1.6.0_v1.9.3,M023,_claude-code_opus-4.5_run_002,SWE-Milestone-log-results/zeromicro_go-zero_v1.6.0_v1.9.3/e2e_trial/_claude-code_opus-4.5_run_002/evaluation/M023/evaluation_result.json,0.0,0.8295454545454546,1.0,0.906832298136646
e2e,zeromicro_go-zero_v1.6.0_v1.9.3,M024,_claude-code_opus-4.5_run_002,SWE-Milestone-log-results/zeromicro_go-zero_v1.6.0_v1.9.3/e2e_trial/_claude-code_opus-4.5_run_002/evaluation/M024/evaluation_result.json,0.0,0.6627906976744186,0.7341772151898734,0.6966599936782215
e2e,zeromicro_go-zero_v1.6.0_v1.9.3,M025,_claude-code_opus-4.5_run_002,SWE-Milestone-log-results/zeromicro_go-zero_v1.6.0_v1.9.3/e2e_trial/_claude-code_opus-4.5_run_002/evaluation/M025/evaluation_result.json,0.0,0.6666666666666666,0.5357142857142857,0.594059405940594
e2e,zeromicro_go-zero_v1.6.0_v1.9.3,M026,_claude-code_opus-4.5_run_002,SWE-Milestone-log-results/zeromicro_go-zero_v1.6.0_v1.9.3/e2e_trial/_claude-code_opus-4.5_run_002/evaluation/M026/evaluation_result.json,0.0,1.0,0.9523809523809523,0.975609756097561
e2e,zeromicro_go-zero_v1.6.0_v1.9.3,M027,_claude-code_opus-4.5_run_002,SWE-Milestone-log-results/zeromicro_go-zero_v1.6.0_v1.9.3/e2e_trial/_claude-code_opus-4.5_run_002/evaluation/M027/evaluation_result.json,0.0,0.7058823529411765,0.019817073170731708,0.038551834919065865
e2e,zeromicro_go-zero_v1.6.0_v1.9.3,M001,_claude-code_opus-4.6_run_002,SWE-Milestone-log-results/zeromicro_go-zero_v1.6.0_v1.9.3/e2e_trial/_claude-code_opus-4.6_run_002/evaluation/M001/evaluation_result_filtered.json,0.0,0.9328358208955224,0.36416184971098264,0.5238301127481956
e2e,zeromicro_go-zero_v1.6.0_v1.9.3,M003,_claude-code_opus-4.6_run_002,SWE-Milestone-log-results/zeromicro_go-zero_v1.6.0_v1.9.3/e2e_trial/_claude-code_opus-4.6_run_002/evaluation/M003/evaluation_result_filtered.json,0.0,0.08641975308641975,0.023696682464454975,0.03719447396386822
e2e,zeromicro_go-zero_v1.6.0_v1.9.3,M004,_claude-code_opus-4.6_run_002,SWE-Milestone-log-results/zeromicro_go-zero_v1.6.0_v1.9.3/e2e_trial/_claude-code_opus-4.6_run_002/evaluation/M004/evaluation_result_filtered.json,0.0,0.9193548387096774,0.08708708708708708,0.15910294046874246
e2e,zeromicro_go-zero_v1.6.0_v1.9.3,M005,_claude-code_opus-4.6_run_002,SWE-Milestone-log-results/zeromicro_go-zero_v1.6.0_v1.9.3/e2e_trial/_claude-code_opus-4.6_run_002/evaluation/M005/evaluation_result_filtered.json,0.0,0.9545454545454546,0.2894736842105263,0.44423076923076926
e2e,zeromicro_go-zero_v1.6.0_v1.9.3,M007.1,_claude-code_opus-4.6_run_002,SWE-Milestone-log-results/zeromicro_go-zero_v1.6.0_v1.9.3/e2e_trial/_claude-code_opus-4.6_run_002/evaluation/M007.1/evaluation_result.json,0.0,0.3055555555555556,0.9230769230769231,0.45913043478260873
e2e,zeromicro_go-zero_v1.6.0_v1.9.3,M007.2,_claude-code_opus-4.6_run_002,SWE-Milestone-log-results/zeromicro_go-zero_v1.6.0_v1.9.3/e2e_trial/_claude-code_opus-4.6_run_002/evaluation/M007.2/evaluation_result.json,0.0,0.10126582278481013,0.005817711700064641,0.011003285703369758
e2e,zeromicro_go-zero_v1.6.0_v1.9.3,M008,_claude-code_opus-4.6_run_002,SWE-Milestone-log-results/zeromicro_go-zero_v1.6.0_v1.9.3/e2e_trial/_claude-code_opus-4.6_run_002/evaluation/M008/evaluation_result.json,0.0,0.28,0.9375,0.43121149897330596
e2e,zeromicro_go-zero_v1.6.0_v1.9.3,M009,_claude-code_opus-4.6_run_002,SWE-Milestone-log-results/zeromicro_go-zero_v1.6.0_v1.9.3/e2e_trial/_claude-code_opus-4.6_run_002/evaluation/M009/evaluation_result.json,0.0,0.21568627450980393,0.41379310344827586,0.2835660580021482
e2e,zeromicro_go-zero_v1.6.0_v1.9.3,M010,_claude-code_opus-4.6_run_002,SWE-Milestone-log-results/zeromicro_go-zero_v1.6.0_v1.9.3/e2e_trial/_claude-code_opus-4.6_run_002/evaluation/M010/evaluation_result.json,0.0,0.022598870056497175,0.0030175015087507543,0.005324104884866231
e2e,zeromicro_go-zero_v1.6.0_v1.9.3,M013,_claude-code_opus-4.6_run_002,SWE-Milestone-log-results/zeromicro_go-zero_v1.6.0_v1.9.3/e2e_trial/_claude-code_opus-4.6_run_002/evaluation/M013/evaluation_result.json,0.0,0.2037037037037037,0.6666666666666666,0.3120567375886525
e2e,zeromicro_go-zero_v1.6.0_v1.9.3,M014,_claude-code_opus-4.6_run_002,SWE-Milestone-log-results/zeromicro_go-zero_v1.6.0_v1.9.3/e2e_trial/_claude-code_opus-4.6_run_002/evaluation/M014/evaluation_result.json,0.0,0.0967741935483871,0.0023094688221709007,0.004511278195488722
e2e,zeromicro_go-zero_v1.6.0_v1.9.3,M017,_claude-code_opus-4.6_run_002,SWE-Milestone-log-results/zeromicro_go-zero_v1.6.0_v1.9.3/e2e_trial/_claude-code_opus-4.6_run_002/evaluation/M017/evaluation_result.json,0.0,1.0,0.75,0.8571428571428571
e2e,zeromicro_go-zero_v1.6.0_v1.9.3,M018,_claude-code_opus-4.6_run_002,SWE-Milestone-log-results/zeromicro_go-zero_v1.6.0_v1.9.3/e2e_trial/_claude-code_opus-4.6_run_002/evaluation/M018/evaluation_result.json,0.0,0.07432432432432433,0.8571428571428571,0.13678756476683937
e2e,zeromicro_go-zero_v1.6.0_v1.9.3,M019,_claude-code_opus-4.6_run_002,SWE-Milestone-log-results/zeromicro_go-zero_v1.6.0_v1.9.3/e2e_trial/_claude-code_opus-4.6_run_002/evaluation/M019/evaluation_result.json,0.0,0.005571030640668524,0.005159958720330237,0.005357621216180016
e2e,zeromicro_go-zero_v1.6.0_v1.9.3,M020,_claude-code_opus-4.6_run_002,SWE-Milestone-log-results/zeromicro_go-zero_v1.6.0_v1.9.3/e2e_trial/_claude-code_opus-4.6_run_002/evaluation/M020/evaluation_result.json,0.0,0.3492063492063492,0.06906906906906907,0.11532763532763533
e2e,zeromicro_go-zero_v1.6.0_v1.9.3,M021,_claude-code_opus-4.6_run_002,SWE-Milestone-log-results/zeromicro_go-zero_v1.6.0_v1.9.3/e2e_trial/_claude-code_opus-4.6_run_002/evaluation/M021/evaluation_result.json,0.0,0.43333333333333335,0.14736842105263157,0.2199395770392749
e2e,zeromicro_go-zero_v1.6.0_v1.9.3,M022,_claude-code_opus-4.6_run_002,SWE-Milestone-log-results/zeromicro_go-zero_v1.6.0_v1.9.3/e2e_trial/_claude-code_opus-4.6_run_002/evaluation/M022/evaluation_result.json,0.0,0.08823529411764706,0.0022740193291642978,0.004433770552373915
e2e,zeromicro_go-zero_v1.6.0_v1.9.3,M023,_claude-code_opus-4.6_run_002,SWE-Milestone-log-results/zeromicro_go-zero_v1.6.0_v1.9.3/e2e_trial/_claude-code_opus-4.6_run_002/evaluation/M023/evaluation_result.json,0.0,0.8295454545454546,1.0,0.906832298136646
e2e,zeromicro_go-zero_v1.6.0_v1.9.3,M024,_claude-code_opus-4.6_run_002,SWE-Milestone-log-results/zeromicro_go-zero_v1.6.0_v1.9.3/e2e_trial/_claude-code_opus-4.6_run_002/evaluation/M024/evaluation_result_filtered.json,0.0,0.9722222222222222,0.9342105263157895,0.9528374233128835
e2e,zeromicro_go-zero_v1.6.0_v1.9.3,M025,_claude-code_opus-4.6_run_002,SWE-Milestone-log-results/zeromicro_go-zero_v1.6.0_v1.9.3/e2e_trial/_claude-code_opus-4.6_run_002/evaluation/M025/evaluation_result.json,0.0,0.6666666666666666,0.5555555555555556,0.606060606060606
e2e,zeromicro_go-zero_v1.6.0_v1.9.3,M026,_claude-code_opus-4.6_run_002,SWE-Milestone-log-results/zeromicro_go-zero_v1.6.0_v1.9.3/e2e_trial/_claude-code_opus-4.6_run_002/evaluation/M026/evaluation_result.json,1.0,1.0,1.0,1.0
e2e,zeromicro_go-zero_v1.6.0_v1.9.3,M027,_claude-code_opus-4.6_run_002,SWE-Milestone-log-results/zeromicro_go-zero_v1.6.0_v1.9.3/e2e_trial/_claude-code_opus-4.6_run_002/evaluation/M027/evaluation_result.json,0.0,0.29411764705882354,0.007585335018963337,0.01478925314271629
e2e,zeromicro_go-zero_v1.6.0_v1.9.3,M028,_claude-code_opus-4.6_run_002,SWE-Milestone-log-results/zeromicro_go-zero_v1.6.0_v1.9.3/e2e_trial/_claude-code_opus-4.6_run_002/evaluation/M028/evaluation_result.json,0.0,0.052884615384615384,0.012784880489160644,0.020591706344361697
e2e,zeromicro_go-zero_v1.6.0_v1.9.3,M001,_claude-code_opus-4.7-xhigh-1m_run_002,SWE-Milestone-log-results/zeromicro_go-zero_v1.6.0_v1.9.3/e2e_trial/_claude-code_opus-4.7-xhigh-1m_run_002/evaluation/M001/evaluation_result_filtered.json,0.0,0.9477611940298507,0.4383561643835616,0.5994542370381296
e2e,zeromicro_go-zero_v1.6.0_v1.9.3,M004,_claude-code_opus-4.7-xhigh-1m_run_002,SWE-Milestone-log-results/zeromicro_go-zero_v1.6.0_v1.9.3/e2e_trial/_claude-code_opus-4.7-xhigh-1m_run_002/evaluation/M004/evaluation_result_filtered.json,0.0,0.3064516129032258,0.37735849056603776,0.3382287494437027
e2e,zeromicro_go-zero_v1.6.0_v1.9.3,M005,_claude-code_opus-4.7-xhigh-1m_run_002,SWE-Milestone-log-results/zeromicro_go-zero_v1.6.0_v1.9.3/e2e_trial/_claude-code_opus-4.7-xhigh-1m_run_002/evaluation/M005/evaluation_result_filtered.json,1.0,1.0,1.0,1.0
e2e,zeromicro_go-zero_v1.6.0_v1.9.3,M007.1,_claude-code_opus-4.7-xhigh-1m_run_002,SWE-Milestone-log-results/zeromicro_go-zero_v1.6.0_v1.9.3/e2e_trial/_claude-code_opus-4.7-xhigh-1m_run_002/evaluation/M007.1/evaluation_result.json,0.0,0.6388888888888888,0.7058823529411765,0.6707168894289185
e2e,zeromicro_go-zero_v1.6.0_v1.9.3,M007.2,_claude-code_opus-4.7-xhigh-1m_run_002,SWE-Milestone-log-results/zeromicro_go-zero_v1.6.0_v1.9.3/e2e_trial/_claude-code_opus-4.7-xhigh-1m_run_002/evaluation/M007.2/evaluation_result.json,0.0,0.1518987341772152,0.01146384479717813,0.021318756405876323
e2e,zeromicro_go-zero_v1.6.0_v1.9.3,M008,_claude-code_opus-4.7-xhigh-1m_run_002,SWE-Milestone-log-results/zeromicro_go-zero_v1.6.0_v1.9.3/e2e_trial/_claude-code_opus-4.7-xhigh-1m_run_002/evaluation/M008/evaluation_result.json,1.0,1.0,1.0,1.0
e2e,zeromicro_go-zero_v1.6.0_v1.9.3,M009,_claude-code_opus-4.7-xhigh-1m_run_002,SWE-Milestone-log-results/zeromicro_go-zero_v1.6.0_v1.9.3/e2e_trial/_claude-code_opus-4.7-xhigh-1m_run_002/evaluation/M009/evaluation_result.json,0.0,0.21568627450980393,0.41379310344827586,0.2835660580021482
e2e,zeromicro_go-zero_v1.6.0_v1.9.3,M010,_claude-code_opus-4.7-xhigh-1m_run_002,SWE-Milestone-log-results/zeromicro_go-zero_v1.6.0_v1.9.3/e2e_trial/_claude-code_opus-4.7-xhigh-1m_run_002/evaluation/M010/evaluation_result.json,0.0,0.011299435028248588,0.0022813688212927757,0.003796267004112623
e2e,zeromicro_go-zero_v1.6.0_v1.9.3,M013,_claude-code_opus-4.7-xhigh-1m_run_002,SWE-Milestone-log-results/zeromicro_go-zero_v1.6.0_v1.9.3/e2e_trial/_claude-code_opus-4.7-xhigh-1m_run_002/evaluation/M013/evaluation_result.json,0.0,0.9074074074074074,0.9803921568627451,0.9424889401808039
e2e,zeromicro_go-zero_v1.6.0_v1.9.3,M014,_claude-code_opus-4.7-xhigh-1m_run_002,SWE-Milestone-log-results/zeromicro_go-zero_v1.6.0_v1.9.3/e2e_trial/_claude-code_opus-4.7-xhigh-1m_run_002/evaluation/M014/evaluation_result.json,0.0,0.03225806451612903,0.0014144271570014145,0.0027100271002710027
e2e,zeromicro_go-zero_v1.6.0_v1.9.3,M017,_claude-code_opus-4.7-xhigh-1m_run_002,SWE-Milestone-log-results/zeromicro_go-zero_v1.6.0_v1.9.3/e2e_trial/_claude-code_opus-4.7-xhigh-1m_run_002/evaluation/M017/evaluation_result.json,0.0,1.0,0.6,0.7499999999999999
e2e,zeromicro_go-zero_v1.6.0_v1.9.3,M018,_claude-code_opus-4.7-xhigh-1m_run_002,SWE-Milestone-log-results/zeromicro_go-zero_v1.6.0_v1.9.3/e2e_trial/_claude-code_opus-4.7-xhigh-1m_run_002/evaluation/M018/evaluation_result.json,0.0,0.013513513513513514,0.006,0.008310249307479227
e2e,zeromicro_go-zero_v1.6.0_v1.9.3,M019,_claude-code_opus-4.7-xhigh-1m_run_002,SWE-Milestone-log-results/zeromicro_go-zero_v1.6.0_v1.9.3/e2e_trial/_claude-code_opus-4.7-xhigh-1m_run_002/evaluation/M019/evaluation_result.json,0.0,0.08635097493036212,0.1008,0.09301771766050676
e2e,zeromicro_go-zero_v1.6.0_v1.9.3,M020,_claude-code_opus-4.7-xhigh-1m_run_002,SWE-Milestone-log-results/zeromicro_go-zero_v1.6.0_v1.9.3/e2e_trial/_claude-code_opus-4.7-xhigh-1m_run_002/evaluation/M020/evaluation_result.json,0.0,0.3492063492063492,0.07540983606557378,0.12403480818727787
e2e,zeromicro_go-zero_v1.6.0_v1.9.3,M021,_claude-code_opus-4.7-xhigh-1m_run_002,SWE-Milestone-log-results/zeromicro_go-zero_v1.6.0_v1.9.3/e2e_trial/_claude-code_opus-4.7-xhigh-1m_run_002/evaluation/M021/evaluation_result.json,0.0,0.43333333333333335,0.4375,0.4354066985645933
e2e,zeromicro_go-zero_v1.6.0_v1.9.3,M022,_claude-code_opus-4.7-xhigh-1m_run_002,SWE-Milestone-log-results/zeromicro_go-zero_v1.6.0_v1.9.3/e2e_trial/_claude-code_opus-4.7-xhigh-1m_run_002/evaluation/M022/evaluation_result.json,0.0,0.029411764705882353,0.0013351134846461949,0.002554278416347382
e2e,zeromicro_go-zero_v1.6.0_v1.9.3,M023,_claude-code_opus-4.7-xhigh-1m_run_002,SWE-Milestone-log-results/zeromicro_go-zero_v1.6.0_v1.9.3/e2e_trial/_claude-code_opus-4.7-xhigh-1m_run_002/evaluation/M023/evaluation_result.json,0.0,0.8295454545454546,0.925,0.8746761658031089
e2e,zeromicro_go-zero_v1.6.0_v1.9.3,M024,_claude-code_opus-4.7-xhigh-1m_run_002,SWE-Milestone-log-results/zeromicro_go-zero_v1.6.0_v1.9.3/e2e_trial/_claude-code_opus-4.7-xhigh-1m_run_002/evaluation/M024/evaluation_result_filtered.json,0.0,0.9722222222222222,0.7888888888888889,0.8710129688047669
e2e,zeromicro_go-zero_v1.6.0_v1.9.3,M025,_claude-code_opus-4.7-xhigh-1m_run_002,SWE-Milestone-log-results/zeromicro_go-zero_v1.6.0_v1.9.3/e2e_trial/_claude-code_opus-4.7-xhigh-1m_run_002/evaluation/M025/evaluation_result.json,0.0,0.9523809523809523,0.31343283582089554,0.4716451431779899
e2e,zeromicro_go-zero_v1.6.0_v1.9.3,M026,_claude-code_opus-4.7-xhigh-1m_run_002,SWE-Milestone-log-results/zeromicro_go-zero_v1.6.0_v1.9.3/e2e_trial/_claude-code_opus-4.7-xhigh-1m_run_002/evaluation/M026/evaluation_result.json,0.0,1.0,0.30303030303030304,0.4651162790697675
e2e,zeromicro_go-zero_v1.6.0_v1.9.3,M027,_claude-code_opus-4.7-xhigh-1m_run_002,SWE-Milestone-log-results/zeromicro_go-zero_v1.6.0_v1.9.3/e2e_trial/_claude-code_opus-4.7-xhigh-1m_run_002/evaluation/M027/evaluation_result.json,0.0,0.29411764705882354,0.004518072289156626,0.008899436369029961
e2e,zeromicro_go-zero_v1.6.0_v1.9.3,M028,_claude-code_opus-4.7-xhigh-1m_run_002,SWE-Milestone-log-results/zeromicro_go-zero_v1.6.0_v1.9.3/e2e_trial/_claude-code_opus-4.7-xhigh-1m_run_002/evaluation/M028/evaluation_result.json,0.0,0.002403846153846154,0.0013166556945358788,0.0017014036580178646
e2e,zeromicro_go-zero_v1.6.0_v1.9.3,M001,_claude-code_opus-4.7-xhigh_run_002,SWE-Milestone-log-results/zeromicro_go-zero_v1.6.0_v1.9.3/e2e_trial/_claude-code_opus-4.7-xhigh_run_002/evaluation/M001/evaluation_result_filtered.json,0.0,0.9402985074626866,0.38368580060422963,0.5449901232886043
e2e,zeromicro_go-zero_v1.6.0_v1.9.3,M004,_claude-code_opus-4.7-xhigh_run_002,SWE-Milestone-log-results/zeromicro_go-zero_v1.6.0_v1.9.3/e2e_trial/_claude-code_opus-4.7-xhigh_run_002/evaluation/M004/evaluation_result_filtered.json,0.0,0.24193548387096775,0.03855421686746988,0.0665096300401829
e2e,zeromicro_go-zero_v1.6.0_v1.9.3,M005,_claude-code_opus-4.7-xhigh_run_002,SWE-Milestone-log-results/zeromicro_go-zero_v1.6.0_v1.9.3/e2e_trial/_claude-code_opus-4.7-xhigh_run_002/evaluation/M005/evaluation_result_filtered.json,0.0,1.0,0.9583333333333334,0.9787234042553191
e2e,zeromicro_go-zero_v1.6.0_v1.9.3,M007.1,_claude-code_opus-4.7-xhigh_run_002,SWE-Milestone-log-results/zeromicro_go-zero_v1.6.0_v1.9.3/e2e_trial/_claude-code_opus-4.7-xhigh_run_002/evaluation/M007.1/evaluation_result.json,0.0,0.6111111111111112,0.8214285714285714,0.7008310249307479
e2e,zeromicro_go-zero_v1.6.0_v1.9.3,M007.2,_claude-code_opus-4.7-xhigh_run_002,SWE-Milestone-log-results/zeromicro_go-zero_v1.6.0_v1.9.3/e2e_trial/_claude-code_opus-4.7-xhigh_run_002/evaluation/M007.2/evaluation_result.json,0.0,0.1518987341772152,0.013756613756613757,0.025228430500525596
e2e,zeromicro_go-zero_v1.6.0_v1.9.3,M008,_claude-code_opus-4.7-xhigh_run_002,SWE-Milestone-log-results/zeromicro_go-zero_v1.6.0_v1.9.3/e2e_trial/_claude-code_opus-4.7-xhigh_run_002/evaluation/M008/evaluation_result.json,0.0,0.92,0.9791666666666666,0.9486616937253182
e2e,zeromicro_go-zero_v1.6.0_v1.9.3,M009,_claude-code_opus-4.7-xhigh_run_002,SWE-Milestone-log-results/zeromicro_go-zero_v1.6.0_v1.9.3/e2e_trial/_claude-code_opus-4.7-xhigh_run_002/evaluation/M009/evaluation_result.json,0.0,0.21568627450980393,0.41379310344827586,0.2835660580021482
e2e,zeromicro_go-zero_v1.6.0_v1.9.3,M010,_claude-code_opus-4.7-xhigh_run_002,SWE-Milestone-log-results/zeromicro_go-zero_v1.6.0_v1.9.3/e2e_trial/_claude-code_opus-4.7-xhigh_run_002/evaluation/M010/evaluation_result.json,0.0,0.011299435028248588,0.0026666666666666666,0.004314994606256743
e2e,zeromicro_go-zero_v1.6.0_v1.9.3,M013,_claude-code_opus-4.7-xhigh_run_002,SWE-Milestone-log-results/zeromicro_go-zero_v1.6.0_v1.9.3/e2e_trial/_claude-code_opus-4.7-xhigh_run_002/evaluation/M013/evaluation_result.json,0.0,0.2037037037037037,0.6666666666666666,0.3120567375886525
e2e,zeromicro_go-zero_v1.6.0_v1.9.3,M014,_claude-code_opus-4.7-xhigh_run_002,SWE-Milestone-log-results/zeromicro_go-zero_v1.6.0_v1.9.3/e2e_trial/_claude-code_opus-4.7-xhigh_run_002/evaluation/M014/evaluation_result.json,0.0,0.03225806451612903,0.001670843776106934,0.003177124702144559
e2e,zeromicro_go-zero_v1.6.0_v1.9.3,M017,_claude-code_opus-4.7-xhigh_run_002,SWE-Milestone-log-results/zeromicro_go-zero_v1.6.0_v1.9.3/e2e_trial/_claude-code_opus-4.7-xhigh_run_002/evaluation/M017/evaluation_result.json,0.0,1.0,0.75,0.8571428571428571
e2e,zeromicro_go-zero_v1.6.0_v1.9.3,M018,_claude-code_opus-4.7-xhigh_run_002,SWE-Milestone-log-results/zeromicro_go-zero_v1.6.0_v1.9.3/e2e_trial/_claude-code_opus-4.7-xhigh_run_002/evaluation/M018/evaluation_result.json,0.0,0.013513513513513514,0.005952380952380952,0.008264462809917356
e2e,zeromicro_go-zero_v1.6.0_v1.9.3,M019,_claude-code_opus-4.7-xhigh_run_002,SWE-Milestone-log-results/zeromicro_go-zero_v1.6.0_v1.9.3/e2e_trial/_claude-code_opus-4.7-xhigh_run_002/evaluation/M019/evaluation_result.json,0.0,0.08635097493036212,0.10015898251192369,0.09274385031816886
e2e,zeromicro_go-zero_v1.6.0_v1.9.3,M020,_claude-code_opus-4.7-xhigh_run_002,SWE-Milestone-log-results/zeromicro_go-zero_v1.6.0_v1.9.3/e2e_trial/_claude-code_opus-4.7-xhigh_run_002/evaluation/M020/evaluation_result.json,0.0,0.3333333333333333,0.032210834553440704,0.05874499332443258
e2e,zeromicro_go-zero_v1.6.0_v1.9.3,M021,_claude-code_opus-4.7-xhigh_run_002,SWE-Milestone-log-results/zeromicro_go-zero_v1.6.0_v1.9.3/e2e_trial/_claude-code_opus-4.7-xhigh_run_002/evaluation/M021/evaluation_result.json,0.0,0.43333333333333335,0.875,0.5796178343949044
e2e,zeromicro_go-zero_v1.6.0_v1.9.3,M022,_claude-code_opus-4.7-xhigh_run_002,SWE-Milestone-log-results/zeromicro_go-zero_v1.6.0_v1.9.3/e2e_trial/_claude-code_opus-4.7-xhigh_run_002/evaluation/M022/evaluation_result.json,0.0,0.029411764705882353,0.001557632398753894,0.0029585798816568042
e2e,zeromicro_go-zero_v1.6.0_v1.9.3,M023,_claude-code_opus-4.7-xhigh_run_002,SWE-Milestone-log-results/zeromicro_go-zero_v1.6.0_v1.9.3/e2e_trial/_claude-code_opus-4.7-xhigh_run_002/evaluation/M023/evaluation_result.json,0.0,0.8295454545454546,1.0,0.906832298136646
e2e,zeromicro_go-zero_v1.6.0_v1.9.3,M024,_claude-code_opus-4.7-xhigh_run_002,SWE-Milestone-log-results/zeromicro_go-zero_v1.6.0_v1.9.3/e2e_trial/_claude-code_opus-4.7-xhigh_run_002/evaluation/M024/evaluation_result_filtered.json,0.0,0.9444444444444444,1.0,0.9714285714285714
e2e,zeromicro_go-zero_v1.6.0_v1.9.3,M025,_claude-code_opus-4.7-xhigh_run_002,SWE-Milestone-log-results/zeromicro_go-zero_v1.6.0_v1.9.3/e2e_trial/_claude-code_opus-4.7-xhigh_run_002/evaluation/M025/evaluation_result.json,0.0,0.9523809523809523,0.4375,0.5995717344753747
e2e,zeromicro_go-zero_v1.6.0_v1.9.3,M026,_claude-code_opus-4.7-xhigh_run_002,SWE-Milestone-log-results/zeromicro_go-zero_v1.6.0_v1.9.3/e2e_trial/_claude-code_opus-4.7-xhigh_run_002/evaluation/M026/evaluation_result.json,0.0,1.0,0.425531914893617,0.5970149253731344
e2e,zeromicro_go-zero_v1.6.0_v1.9.3,M027,_claude-code_opus-4.7-xhigh_run_002,SWE-Milestone-log-results/zeromicro_go-zero_v1.6.0_v1.9.3/e2e_trial/_claude-code_opus-4.7-xhigh_run_002/evaluation/M027/evaluation_result.json,0.0,0.058823529411764705,0.0011668611435239206,0.0022883295194508005
e2e,zeromicro_go-zero_v1.6.0_v1.9.3,M028,_claude-code_opus-4.7-xhigh_run_002,SWE-Milestone-log-results/zeromicro_go-zero_v1.6.0_v1.9.3/e2e_trial/_claude-code_opus-4.7-xhigh_run_002/evaluation/M028/evaluation_result.json,0.0,0.07211538461538461,0.023255813953488372,0.035169988276670575
e2e,zeromicro_go-zero_v1.6.0_v1.9.3,M001,_claude-code_sonnet-4.5_run_002,SWE-Milestone-log-results/zeromicro_go-zero_v1.6.0_v1.9.3/e2e_trial/_claude-code_sonnet-4.5_run_002/evaluation/M001/evaluation_result_filtered.json,1.0,1.0,1.0,1.0
e2e,zeromicro_go-zero_v1.6.0_v1.9.3,M004,_claude-code_sonnet-4.5_run_002,SWE-Milestone-log-results/zeromicro_go-zero_v1.6.0_v1.9.3/e2e_trial/_claude-code_sonnet-4.5_run_002/evaluation/M004/evaluation_result.json,0.0,0.22580645161290322,0.02,0.03674540682414698
e2e,zeromicro_go-zero_v1.6.0_v1.9.3,M007.1,_claude-code_sonnet-4.5_run_002,SWE-Milestone-log-results/zeromicro_go-zero_v1.6.0_v1.9.3/e2e_trial/_claude-code_sonnet-4.5_run_002/evaluation/M007.1/evaluation_result.json,0.0,0.3055555555555556,1.0,0.46808510638297873
e2e,zeromicro_go-zero_v1.6.0_v1.9.3,M008,_claude-code_sonnet-4.5_run_002,SWE-Milestone-log-results/zeromicro_go-zero_v1.6.0_v1.9.3/e2e_trial/_claude-code_sonnet-4.5_run_002/evaluation/M008/evaluation_result.json,0.0,0.28,1.0,0.43750000000000006
e2e,zeromicro_go-zero_v1.6.0_v1.9.3,M009,_claude-code_sonnet-4.5_run_002,SWE-Milestone-log-results/zeromicro_go-zero_v1.6.0_v1.9.3/e2e_trial/_claude-code_sonnet-4.5_run_002/evaluation/M009/evaluation_result.json,0.0,0.21568627450980393,0.41379310344827586,0.2835660580021482
e2e,zeromicro_go-zero_v1.6.0_v1.9.3,M010,_claude-code_sonnet-4.5_run_002,SWE-Milestone-log-results/zeromicro_go-zero_v1.6.0_v1.9.3/e2e_trial/_claude-code_sonnet-4.5_run_002/evaluation/M010/evaluation_result.json,0.0,0.011299435028248588,0.0017595307917888563,0.003044912458766811
e2e,zeromicro_go-zero_v1.6.0_v1.9.3,M013,_claude-code_sonnet-4.5_run_002,SWE-Milestone-log-results/zeromicro_go-zero_v1.6.0_v1.9.3/e2e_trial/_claude-code_sonnet-4.5_run_002/evaluation/M013/evaluation_result.json,0.0,0.2037037037037037,0.6666666666666666,0.3120567375886525
e2e,zeromicro_go-zero_v1.6.0_v1.9.3,M017,_claude-code_sonnet-4.5_run_002,SWE-Milestone-log-results/zeromicro_go-zero_v1.6.0_v1.9.3/e2e_trial/_claude-code_sonnet-4.5_run_002/evaluation/M017/evaluation_result.json,0.0,1.0,0.1724137931034483,0.29411764705882354
e2e,zeromicro_go-zero_v1.6.0_v1.9.3,M018,_claude-code_sonnet-4.5_run_002,SWE-Milestone-log-results/zeromicro_go-zero_v1.6.0_v1.9.3/e2e_trial/_claude-code_sonnet-4.5_run_002/evaluation/M018/evaluation_result.json,0.0,0.060810810810810814,0.08,0.0690978886756238
e2e,zeromicro_go-zero_v1.6.0_v1.9.3,M019,_claude-code_sonnet-4.5_run_002,SWE-Milestone-log-results/zeromicro_go-zero_v1.6.0_v1.9.3/e2e_trial/_claude-code_sonnet-4.5_run_002/evaluation/M019/evaluation_result.json,0.0,0.002785515320334262,0.0029498525073746312,0.002865329512893983
e2e,zeromicro_go-zero_v1.6.0_v1.9.3,M020,_claude-code_sonnet-4.5_run_002,SWE-Milestone-log-results/zeromicro_go-zero_v1.6.0_v1.9.3/e2e_trial/_claude-code_sonnet-4.5_run_002/evaluation/M020/evaluation_result.json,0.0,0.3492063492063492,0.06784660766961652,0.11361850230156056
e2e,zeromicro_go-zero_v1.6.0_v1.9.3,M021,_claude-code_sonnet-4.5_run_002,SWE-Milestone-log-results/zeromicro_go-zero_v1.6.0_v1.9.3/e2e_trial/_claude-code_sonnet-4.5_run_002/evaluation/M021/evaluation_result.json,0.0,0.43333333333333335,0.14736842105263157,0.2199395770392749
e2e,zeromicro_go-zero_v1.6.0_v1.9.3,M023,_claude-code_sonnet-4.5_run_002,SWE-Milestone-log-results/zeromicro_go-zero_v1.6.0_v1.9.3/e2e_trial/_claude-code_sonnet-4.5_run_002/evaluation/M023/evaluation_result.json,0.0,0.3068181818181818,1.0,0.46956521739130436
e2e,zeromicro_go-zero_v1.6.0_v1.9.3,M024,_claude-code_sonnet-4.5_run_002,SWE-Milestone-log-results/zeromicro_go-zero_v1.6.0_v1.9.3/e2e_trial/_claude-code_sonnet-4.5_run_002/evaluation/M024/evaluation_result.json,0.0,0.13953488372093023,0.38235294117647056,0.20445609436435122
e2e,zeromicro_go-zero_v1.6.0_v1.9.3,M025,_claude-code_sonnet-4.5_run_002,SWE-Milestone-log-results/zeromicro_go-zero_v1.6.0_v1.9.3/e2e_trial/_claude-code_sonnet-4.5_run_002/evaluation/M025/evaluation_result.json,0.0,0.6666666666666666,0.2,0.30769230769230765
e2e,zeromicro_go-zero_v1.6.0_v1.9.3,M026,_claude-code_sonnet-4.5_run_002,SWE-Milestone-log-results/zeromicro_go-zero_v1.6.0_v1.9.3/e2e_trial/_claude-code_sonnet-4.5_run_002/evaluation/M026/evaluation_result.json,0.0,1.0,0.2564102564102564,0.4081632653061224
e2e,zeromicro_go-zero_v1.6.0_v1.9.3,M027,_claude-code_sonnet-4.5_run_002,SWE-Milestone-log-results/zeromicro_go-zero_v1.6.0_v1.9.3/e2e_trial/_claude-code_sonnet-4.5_run_002/evaluation/M027/evaluation_result.json,0.0,0.17647058823529413,0.004545454545454545,0.008862629246676513
e2e,zeromicro_go-zero_v1.6.0_v1.9.3,M001,_claude-code_sonnet-4.6_run_002,SWE-Milestone-log-results/zeromicro_go-zero_v1.6.0_v1.9.3/e2e_trial/_claude-code_sonnet-4.6_run_002/evaluation/M001/evaluation_result_filtered.json,0.0,0.09701492537313433,0.0707070707070707,0.08179775280898875
e2e,zeromicro_go-zero_v1.6.0_v1.9.3,M004,_claude-code_sonnet-4.6_run_002,SWE-Milestone-log-results/zeromicro_go-zero_v1.6.0_v1.9.3/e2e_trial/_claude-code_sonnet-4.6_run_002/evaluation/M004/evaluation_result_filtered.json,0.0,0.1774193548387097,0.009382329945269743,0.017822183217444137
e2e,zeromicro_go-zero_v1.6.0_v1.9.3,M005,_claude-code_sonnet-4.6_run_002,SWE-Milestone-log-results/zeromicro_go-zero_v1.6.0_v1.9.3/e2e_trial/_claude-code_sonnet-4.6_run_002/evaluation/M005/evaluation_result_filtered.json,0.0,0.6818181818181818,0.9411764705882353,0.7907742998352552
e2e,zeromicro_go-zero_v1.6.0_v1.9.3,M007.1,_claude-code_sonnet-4.6_run_002,SWE-Milestone-log-results/zeromicro_go-zero_v1.6.0_v1.9.3/e2e_trial/_claude-code_sonnet-4.6_run_002/evaluation/M007.1/evaluation_result.json,0.0,0.3055555555555556,1.0,0.46808510638297873
e2e,zeromicro_go-zero_v1.6.0_v1.9.3,M007.2,_claude-code_sonnet-4.6_run_002,SWE-Milestone-log-results/zeromicro_go-zero_v1.6.0_v1.9.3/e2e_trial/_claude-code_sonnet-4.6_run_002/evaluation/M007.2/evaluation_result.json,0.0,0.0759493670886076,0.004291845493562232,0.008124576844955992
e2e,zeromicro_go-zero_v1.6.0_v1.9.3,M008,_claude-code_sonnet-4.6_run_002,SWE-Milestone-log-results/zeromicro_go-zero_v1.6.0_v1.9.3/e2e_trial/_claude-code_sonnet-4.6_run_002/evaluation/M008/evaluation_result.json,0.0,0.92,1.0,0.9583333333333334
e2e,zeromicro_go-zero_v1.6.0_v1.9.3,M009,_claude-code_sonnet-4.6_run_002,SWE-Milestone-log-results/zeromicro_go-zero_v1.6.0_v1.9.3/e2e_trial/_claude-code_sonnet-4.6_run_002/evaluation/M009/evaluation_result.json,0.0,0.21568627450980393,0.41379310344827586,0.2835660580021482
e2e,zeromicro_go-zero_v1.6.0_v1.9.3,M010,_claude-code_sonnet-4.6_run_002,SWE-Milestone-log-results/zeromicro_go-zero_v1.6.0_v1.9.3/e2e_trial/_claude-code_sonnet-4.6_run_002/evaluation/M010/evaluation_result.json,0.0,0.011299435028248588,0.0017231476163124641,0.0029902815848492402
e2e,zeromicro_go-zero_v1.6.0_v1.9.3,M013,_claude-code_sonnet-4.6_run_002,SWE-Milestone-log-results/zeromicro_go-zero_v1.6.0_v1.9.3/e2e_trial/_claude-code_sonnet-4.6_run_002/evaluation/M013/evaluation_result.json,0.0,0.2777777777777778,0.7272727272727273,0.40201005025125625
e2e,zeromicro_go-zero_v1.6.0_v1.9.3,M014,_claude-code_sonnet-4.6_run_002,SWE-Milestone-log-results/zeromicro_go-zero_v1.6.0_v1.9.3/e2e_trial/_claude-code_sonnet-4.6_run_002/evaluation/M014/evaluation_result.json,0.0,0.03225806451612903,0.0011160714285714285,0.002157497303128371
e2e,zeromicro_go-zero_v1.6.0_v1.9.3,M017,_claude-code_sonnet-4.6_run_002,SWE-Milestone-log-results/zeromicro_go-zero_v1.6.0_v1.9.3/e2e_trial/_claude-code_sonnet-4.6_run_002/evaluation/M017/evaluation_result.json,0.0,1.0,0.08426966292134831,0.155440414507772
e2e,zeromicro_go-zero_v1.6.0_v1.9.3,M018,_claude-code_sonnet-4.6_run_002,SWE-Milestone-log-results/zeromicro_go-zero_v1.6.0_v1.9.3/e2e_trial/_claude-code_sonnet-4.6_run_002/evaluation/M018/evaluation_result.json,0.0,0.013513513513513514,0.005952380952380952,0.008264462809917356
e2e,zeromicro_go-zero_v1.6.0_v1.9.3,M019,_claude-code_sonnet-4.6_run_002,SWE-Milestone-log-results/zeromicro_go-zero_v1.6.0_v1.9.3/e2e_trial/_claude-code_sonnet-4.6_run_002/evaluation/M019/evaluation_result.json,0.0,0.002785515320334262,0.002849002849002849,0.002816901408450704
e2e,zeromicro_go-zero_v1.6.0_v1.9.3,M020,_claude-code_sonnet-4.6_run_002,SWE-Milestone-log-results/zeromicro_go-zero_v1.6.0_v1.9.3/e2e_trial/_claude-code_sonnet-4.6_run_002/evaluation/M020/evaluation_result.json,0.0,0.9523809523809523,0.30808080808080807,0.46556000763213123
e2e,zeromicro_go-zero_v1.6.0_v1.9.3,M021,_claude-code_sonnet-4.6_run_002,SWE-Milestone-log-results/zeromicro_go-zero_v1.6.0_v1.9.3/e2e_trial/_claude-code_sonnet-4.6_run_002/evaluation/M021/evaluation_result.json,0.0,0.43333333333333335,0.34146341463414637,0.3819517313746065
e2e,zeromicro_go-zero_v1.6.0_v1.9.3,M022,_claude-code_sonnet-4.6_run_002,SWE-Milestone-log-results/zeromicro_go-zero_v1.6.0_v1.9.3/e2e_trial/_claude-code_sonnet-4.6_run_002/evaluation/M022/evaluation_result.json,0.0,0.029411764705882353,0.0010995052226498076,0.0021197668256491783
e2e,zeromicro_go-zero_v1.6.0_v1.9.3,M023,_claude-code_sonnet-4.6_run_002,SWE-Milestone-log-results/zeromicro_go-zero_v1.6.0_v1.9.3/e2e_trial/_claude-code_sonnet-4.6_run_002/evaluation/M023/evaluation_result.json,0.0,0.8068181818181818,1.0,0.8930817610062893
e2e,zeromicro_go-zero_v1.6.0_v1.9.3,M024,_claude-code_sonnet-4.6_run_002,SWE-Milestone-log-results/zeromicro_go-zero_v1.6.0_v1.9.3/e2e_trial/_claude-code_sonnet-4.6_run_002/evaluation/M024/evaluation_result_filtered.json,0.0,0.16666666666666666,1.0,0.2857142857142857
e2e,zeromicro_go-zero_v1.6.0_v1.9.3,M025,_claude-code_sonnet-4.6_run_002,SWE-Milestone-log-results/zeromicro_go-zero_v1.6.0_v1.9.3/e2e_trial/_claude-code_sonnet-4.6_run_002/evaluation/M025/evaluation_result.json,0.0,0.6666666666666666,0.30612244897959184,0.4195804195804196
e2e,zeromicro_go-zero_v1.6.0_v1.9.3,M026,_claude-code_sonnet-4.6_run_002,SWE-Milestone-log-results/zeromicro_go-zero_v1.6.0_v1.9.3/e2e_trial/_claude-code_sonnet-4.6_run_002/evaluation/M026/evaluation_result.json,0.0,1.0,0.425531914893617,0.5970149253731344
e2e,zeromicro_go-zero_v1.6.0_v1.9.3,M027,_claude-code_sonnet-4.6_run_002,SWE-Milestone-log-results/zeromicro_go-zero_v1.6.0_v1.9.3/e2e_trial/_claude-code_sonnet-4.6_run_002/evaluation/M027/evaluation_result.json,0.0,0.058823529411764705,0.0011668611435239206,0.0022883295194508005
e2e,zeromicro_go-zero_v1.6.0_v1.9.3,M028,_claude-code_sonnet-4.6_run_002,SWE-Milestone-log-results/zeromicro_go-zero_v1.6.0_v1.9.3/e2e_trial/_claude-code_sonnet-4.6_run_002/evaluation/M028/evaluation_result.json,0.0,0.04807692307692308,0.011296395911780527,0.01829427650492203
e2e,zeromicro_go-zero_v1.6.0_v1.9.3,M001,_codex_gpt-5.2-codex_run_002,SWE-Milestone-log-results/zeromicro_go-zero_v1.6.0_v1.9.3/e2e_trial/_codex_gpt-5.2-codex_run_002/evaluation/M001/evaluation_result_filtered.json,0.0,0.9850746268656716,0.5215686274509804,0.6820247853618739
e2e,zeromicro_go-zero_v1.6.0_v1.9.3,M004,_codex_gpt-5.2-codex_run_002,SWE-Milestone-log-results/zeromicro_go-zero_v1.6.0_v1.9.3/e2e_trial/_codex_gpt-5.2-codex_run_002/evaluation/M004/evaluation_result.json,0.0,0.22580645161290322,0.022026431718061675,0.040137614678899085
e2e,zeromicro_go-zero_v1.6.0_v1.9.3,M007.1,_codex_gpt-5.2-codex_run_002,SWE-Milestone-log-results/zeromicro_go-zero_v1.6.0_v1.9.3/e2e_trial/_codex_gpt-5.2-codex_run_002/evaluation/M007.1/evaluation_result.json,0.0,0.3055555555555556,0.5714285714285714,0.3981900452488688
e2e,zeromicro_go-zero_v1.6.0_v1.9.3,M008,_codex_gpt-5.2-codex_run_002,SWE-Milestone-log-results/zeromicro_go-zero_v1.6.0_v1.9.3/e2e_trial/_codex_gpt-5.2-codex_run_002/evaluation/M008/evaluation_result.json,0.0,0.28,0.8823529411764706,0.4251012145748988
e2e,zeromicro_go-zero_v1.6.0_v1.9.3,M009,_codex_gpt-5.2-codex_run_002,SWE-Milestone-log-results/zeromicro_go-zero_v1.6.0_v1.9.3/e2e_trial/_codex_gpt-5.2-codex_run_002/evaluation/M009/evaluation_result.json,0.0,0.21568627450980393,0.41379310344827586,0.2835660580021482
e2e,zeromicro_go-zero_v1.6.0_v1.9.3,M010,_codex_gpt-5.2-codex_run_002,SWE-Milestone-log-results/zeromicro_go-zero_v1.6.0_v1.9.3/e2e_trial/_codex_gpt-5.2-codex_run_002/evaluation/M010/evaluation_result.json,0.0,0.005649717514124294,0.001098297638660077,0.0018390804597701149
e2e,zeromicro_go-zero_v1.6.0_v1.9.3,M013,_codex_gpt-5.2-codex_run_002,SWE-Milestone-log-results/zeromicro_go-zero_v1.6.0_v1.9.3/e2e_trial/_codex_gpt-5.2-codex_run_002/evaluation/M013/evaluation_result.json,0.0,0.2037037037037037,0.6666666666666666,0.3120567375886525
e2e,zeromicro_go-zero_v1.6.0_v1.9.3,M017,_codex_gpt-5.2-codex_run_002,SWE-Milestone-log-results/zeromicro_go-zero_v1.6.0_v1.9.3/e2e_trial/_codex_gpt-5.2-codex_run_002/evaluation/M017/evaluation_result.json,0.0,1.0,0.75,0.8571428571428571
e2e,zeromicro_go-zero_v1.6.0_v1.9.3,M018,_codex_gpt-5.2-codex_run_002,SWE-Milestone-log-results/zeromicro_go-zero_v1.6.0_v1.9.3/e2e_trial/_codex_gpt-5.2-codex_run_002/evaluation/M018/evaluation_result.json,0.0,0.013513513513513514,0.005952380952380952,0.008264462809917356
e2e,zeromicro_go-zero_v1.6.0_v1.9.3,M019,_codex_gpt-5.2-codex_run_002,SWE-Milestone-log-results/zeromicro_go-zero_v1.6.0_v1.9.3/e2e_trial/_codex_gpt-5.2-codex_run_002/evaluation/M019/evaluation_result.json,0.0,0.001392757660167131,0.0017543859649122807,0.0015527950310559005
e2e,zeromicro_go-zero_v1.6.0_v1.9.3,M020,_codex_gpt-5.2-codex_run_002,SWE-Milestone-log-results/zeromicro_go-zero_v1.6.0_v1.9.3/e2e_trial/_codex_gpt-5.2-codex_run_002/evaluation/M020/evaluation_result.json,0.0,0.3492063492063492,0.10043668122270742,0.15600431632495762
e2e,zeromicro_go-zero_v1.6.0_v1.9.3,M021,_codex_gpt-5.2-codex_run_002,SWE-Milestone-log-results/zeromicro_go-zero_v1.6.0_v1.9.3/e2e_trial/_codex_gpt-5.2-codex_run_002/evaluation/M021/evaluation_result.json,0.0,0.43333333333333335,0.14736842105263157,0.2199395770392749
e2e,zeromicro_go-zero_v1.6.0_v1.9.3,M023,_codex_gpt-5.2-codex_run_002,SWE-Milestone-log-results/zeromicro_go-zero_v1.6.0_v1.9.3/e2e_trial/_codex_gpt-5.2-codex_run_002/evaluation/M023/evaluation_result.json,0.0,0.8295454545454546,1.0,0.906832298136646
e2e,zeromicro_go-zero_v1.6.0_v1.9.3,M024,_codex_gpt-5.2-codex_run_002,SWE-Milestone-log-results/zeromicro_go-zero_v1.6.0_v1.9.3/e2e_trial/_codex_gpt-5.2-codex_run_002/evaluation/M024/evaluation_result.json,0.0,0.9767441860465116,1.0,0.988235294117647
e2e,zeromicro_go-zero_v1.6.0_v1.9.3,M025,_codex_gpt-5.2-codex_run_002,SWE-Milestone-log-results/zeromicro_go-zero_v1.6.0_v1.9.3/e2e_trial/_codex_gpt-5.2-codex_run_002/evaluation/M025/evaluation_result.json,0.0,0.6666666666666666,0.5357142857142857,0.594059405940594
e2e,zeromicro_go-zero_v1.6.0_v1.9.3,M026,_codex_gpt-5.2-codex_run_002,SWE-Milestone-log-results/zeromicro_go-zero_v1.6.0_v1.9.3/e2e_trial/_codex_gpt-5.2-codex_run_002/evaluation/M026/evaluation_result.json,0.0,1.0,0.6666666666666666,0.8
e2e,zeromicro_go-zero_v1.6.0_v1.9.3,M004,_codex_gpt-5.2_run_002,SWE-Milestone-log-results/zeromicro_go-zero_v1.6.0_v1.9.3/e2e_trial/_codex_gpt-5.2_run_002/evaluation/M004/evaluation_result_filtered.json,0.0,0.11290322580645161,0.003982080637132902,0.007692836046431761
e2e,zeromicro_go-zero_v1.6.0_v1.9.3,M005,_codex_gpt-5.2_run_002,SWE-Milestone-log-results/zeromicro_go-zero_v1.6.0_v1.9.3/e2e_trial/_codex_gpt-5.2_run_002/evaluation/M005/evaluation_result_filtered.json,0.0,0.6363636363636364,0.0872093023255814,0.15339663988312638
e2e,zeromicro_go-zero_v1.6.0_v1.9.3,M007.1,_codex_gpt-5.2_run_002,SWE-Milestone-log-results/zeromicro_go-zero_v1.6.0_v1.9.3/e2e_trial/_codex_gpt-5.2_run_002/evaluation/M007.1/evaluation_result.json,0.0,0.3055555555555556,0.08888888888888889,0.13771517996870108
e2e,zeromicro_go-zero_v1.6.0_v1.9.3,M007.2,_codex_gpt-5.2_run_002,SWE-Milestone-log-results/zeromicro_go-zero_v1.6.0_v1.9.3/e2e_trial/_codex_gpt-5.2_run_002/evaluation/M007.2/evaluation_result.json,0.0,0.0759493670886076,0.00438871473354232,0.008297935394645855
e2e,zeromicro_go-zero_v1.6.0_v1.9.3,M008,_codex_gpt-5.2_run_002,SWE-Milestone-log-results/zeromicro_go-zero_v1.6.0_v1.9.3/e2e_trial/_codex_gpt-5.2_run_002/evaluation/M008/evaluation_result.json,0.0,0.28,0.12605042016806722,0.173841059602649
e2e,zeromicro_go-zero_v1.6.0_v1.9.3,M009,_codex_gpt-5.2_run_002,SWE-Milestone-log-results/zeromicro_go-zero_v1.6.0_v1.9.3/e2e_trial/_codex_gpt-5.2_run_002/evaluation/M009/evaluation_result.json,0.0,0.21568627450980393,0.41379310344827586,0.2835660580021482
e2e,zeromicro_go-zero_v1.6.0_v1.9.3,M010,_codex_gpt-5.2_run_002,SWE-Milestone-log-results/zeromicro_go-zero_v1.6.0_v1.9.3/e2e_trial/_codex_gpt-5.2_run_002/evaluation/M010/evaluation_result.json,0.0,0.011299435028248588,0.0017595307917888563,0.003044912458766811
e2e,zeromicro_go-zero_v1.6.0_v1.9.3,M013,_codex_gpt-5.2_run_002,SWE-Milestone-log-results/zeromicro_go-zero_v1.6.0_v1.9.3/e2e_trial/_codex_gpt-5.2_run_002/evaluation/M013/evaluation_result.json,0.0,0.2037037037037037,0.27906976744186046,0.23550401427297057
e2e,zeromicro_go-zero_v1.6.0_v1.9.3,M014,_codex_gpt-5.2_run_002,SWE-Milestone-log-results/zeromicro_go-zero_v1.6.0_v1.9.3/e2e_trial/_codex_gpt-5.2_run_002/evaluation/M014/evaluation_result.json,0.0,0.03225806451612903,0.0011198208286674132,0.0021645021645021645
e2e,zeromicro_go-zero_v1.6.0_v1.9.3,M017,_codex_gpt-5.2_run_002,SWE-Milestone-log-results/zeromicro_go-zero_v1.6.0_v1.9.3/e2e_trial/_codex_gpt-5.2_run_002/evaluation/M017/evaluation_result.json,0.0,1.0,0.75,0.8571428571428571
e2e,zeromicro_go-zero_v1.6.0_v1.9.3,M018,_codex_gpt-5.2_run_002,SWE-Milestone-log-results/zeromicro_go-zero_v1.6.0_v1.9.3/e2e_trial/_codex_gpt-5.2_run_002/evaluation/M018/evaluation_result.json,0.0,0.060810810810810814,0.10869565217391304,0.0779896013864818
e2e,zeromicro_go-zero_v1.6.0_v1.9.3,M019,_codex_gpt-5.2_run_002,SWE-Milestone-log-results/zeromicro_go-zero_v1.6.0_v1.9.3/e2e_trial/_codex_gpt-5.2_run_002/evaluation/M019/evaluation_result.json,0.0,0.002785515320334262,0.0029498525073746312,0.002865329512893983
e2e,zeromicro_go-zero_v1.6.0_v1.9.3,M020,_codex_gpt-5.2_run_002,SWE-Milestone-log-results/zeromicro_go-zero_v1.6.0_v1.9.3/e2e_trial/_codex_gpt-5.2_run_002/evaluation/M020/evaluation_result.json,0.0,1.0,0.2882882882882883,0.44755244755244755
e2e,zeromicro_go-zero_v1.6.0_v1.9.3,M021,_codex_gpt-5.2_run_002,SWE-Milestone-log-results/zeromicro_go-zero_v1.6.0_v1.9.3/e2e_trial/_codex_gpt-5.2_run_002/evaluation/M021/evaluation_result.json,0.0,0.6666666666666666,0.39622641509433965,0.4970414201183432
e2e,zeromicro_go-zero_v1.6.0_v1.9.3,M022,_codex_gpt-5.2_run_002,SWE-Milestone-log-results/zeromicro_go-zero_v1.6.0_v1.9.3/e2e_trial/_codex_gpt-5.2_run_002/evaluation/M022/evaluation_result.json,0.0,0.029411764705882353,0.0011031439602868175,0.002126528442317916
e2e,zeromicro_go-zero_v1.6.0_v1.9.3,M023,_codex_gpt-5.2_run_002,SWE-Milestone-log-results/zeromicro_go-zero_v1.6.0_v1.9.3/e2e_trial/_codex_gpt-5.2_run_002/evaluation/M023/evaluation_result.json,0.0,0.8295454545454546,0.9736842105263158,0.8958540630182421
e2e,zeromicro_go-zero_v1.6.0_v1.9.3,M024,_codex_gpt-5.2_run_002,SWE-Milestone-log-results/zeromicro_go-zero_v1.6.0_v1.9.3/e2e_trial/_codex_gpt-5.2_run_002/evaluation/M024/evaluation_result_filtered.json,0.0,0.9722222222222222,0.9102564102564102,0.9402194475974271
e2e,zeromicro_go-zero_v1.6.0_v1.9.3,M025,_codex_gpt-5.2_run_002,SWE-Milestone-log-results/zeromicro_go-zero_v1.6.0_v1.9.3/e2e_trial/_codex_gpt-5.2_run_002/evaluation/M025/evaluation_result.json,0.0,0.6666666666666666,0.2,0.30769230769230765
e2e,zeromicro_go-zero_v1.6.0_v1.9.3,M026,_codex_gpt-5.2_run_002,SWE-Milestone-log-results/zeromicro_go-zero_v1.6.0_v1.9.3/e2e_trial/_codex_gpt-5.2_run_002/evaluation/M026/evaluation_result.json,0.0,1.0,0.2564102564102564,0.4081632653061224
e2e,zeromicro_go-zero_v1.6.0_v1.9.3,M027,_codex_gpt-5.2_run_002,SWE-Milestone-log-results/zeromicro_go-zero_v1.6.0_v1.9.3/e2e_trial/_codex_gpt-5.2_run_002/evaluation/M027/evaluation_result.json,0.0,0.0,0.00042283298097251583,0.0
e2e,zeromicro_go-zero_v1.6.0_v1.9.3,M028,_codex_gpt-5.2_run_002,SWE-Milestone-log-results/zeromicro_go-zero_v1.6.0_v1.9.3/e2e_trial/_codex_gpt-5.2_run_002/evaluation/M028/evaluation_result.json,0.0,0.04567307692307692,0.01079913606911447,0.017468051852532866
e2e,zeromicro_go-zero_v1.6.0_v1.9.3,M001,_codex_gpt-5.3-codex_run_002,SWE-Milestone-log-results/zeromicro_go-zero_v1.6.0_v1.9.3/e2e_trial/_codex_gpt-5.3-codex_run_002/evaluation/M001/evaluation_result_filtered.json,0.0,0.9402985074626866,0.4096774193548387,0.570705089339848
e2e,zeromicro_go-zero_v1.6.0_v1.9.3,M003,_codex_gpt-5.3-codex_run_002,SWE-Milestone-log-results/zeromicro_go-zero_v1.6.0_v1.9.3/e2e_trial/_codex_gpt-5.3-codex_run_002/evaluation/M003/evaluation_result_filtered.json,0.0,0.1111111111111111,0.3333333333333333,0.16666666666666666
e2e,zeromicro_go-zero_v1.6.0_v1.9.3,M004,_codex_gpt-5.3-codex_run_002,SWE-Milestone-log-results/zeromicro_go-zero_v1.6.0_v1.9.3/e2e_trial/_codex_gpt-5.3-codex_run_002/evaluation/M004/evaluation_result_filtered.json,0.0,0.9193548387096774,0.4027777777777778,0.5601491019993223
e2e,zeromicro_go-zero_v1.6.0_v1.9.3,M005,_codex_gpt-5.3-codex_run_002,SWE-Milestone-log-results/zeromicro_go-zero_v1.6.0_v1.9.3/e2e_trial/_codex_gpt-5.3-codex_run_002/evaluation/M005/evaluation_result_filtered.json,0.0,0.6363636363636364,0.08379888268156424,0.14809590973201692
e2e,zeromicro_go-zero_v1.6.0_v1.9.3,M007.1,_codex_gpt-5.3-codex_run_002,SWE-Milestone-log-results/zeromicro_go-zero_v1.6.0_v1.9.3/e2e_trial/_codex_gpt-5.3-codex_run_002/evaluation/M007.1/evaluation_result.json,0.0,0.3055555555555556,1.0,0.46808510638297873
e2e,zeromicro_go-zero_v1.6.0_v1.9.3,M007.2,_codex_gpt-5.3-codex_run_002,SWE-Milestone-log-results/zeromicro_go-zero_v1.6.0_v1.9.3/e2e_trial/_codex_gpt-5.3-codex_run_002/evaluation/M007.2/evaluation_result.json,0.0,0.10126582278481013,0.006228373702422145,0.011734984923804093
e2e,zeromicro_go-zero_v1.6.0_v1.9.3,M008,_codex_gpt-5.3-codex_run_002,SWE-Milestone-log-results/zeromicro_go-zero_v1.6.0_v1.9.3/e2e_trial/_codex_gpt-5.3-codex_run_002/evaluation/M008/evaluation_result.json,0.0,1.0,0.9807692307692307,0.9902912621359222
e2e,zeromicro_go-zero_v1.6.0_v1.9.3,M009,_codex_gpt-5.3-codex_run_002,SWE-Milestone-log-results/zeromicro_go-zero_v1.6.0_v1.9.3/e2e_trial/_codex_gpt-5.3-codex_run_002/evaluation/M009/evaluation_result.json,0.0,0.21568627450980393,0.41379310344827586,0.2835660580021482
e2e,zeromicro_go-zero_v1.6.0_v1.9.3,M010,_codex_gpt-5.3-codex_run_002,SWE-Milestone-log-results/zeromicro_go-zero_v1.6.0_v1.9.3/e2e_trial/_codex_gpt-5.3-codex_run_002/evaluation/M010/evaluation_result.json,0.0,0.022598870056497175,0.003215434083601286,0.005629838142153413
e2e,zeromicro_go-zero_v1.6.0_v1.9.3,M013,_codex_gpt-5.3-codex_run_002,SWE-Milestone-log-results/zeromicro_go-zero_v1.6.0_v1.9.3/e2e_trial/_codex_gpt-5.3-codex_run_002/evaluation/M013/evaluation_result.json,0.0,0.2037037037037037,0.6666666666666666,0.3120567375886525
e2e,zeromicro_go-zero_v1.6.0_v1.9.3,M014,_codex_gpt-5.3-codex_run_002,SWE-Milestone-log-results/zeromicro_go-zero_v1.6.0_v1.9.3/e2e_trial/_codex_gpt-5.3-codex_run_002/evaluation/M014/evaluation_result.json,0.0,0.0967741935483871,0.00245398773006135,0.004786597526924611
e2e,zeromicro_go-zero_v1.6.0_v1.9.3,M017,_codex_gpt-5.3-codex_run_002,SWE-Milestone-log-results/zeromicro_go-zero_v1.6.0_v1.9.3/e2e_trial/_codex_gpt-5.3-codex_run_002/evaluation/M017/evaluation_result.json,1.0,1.0,1.0,1.0
e2e,zeromicro_go-zero_v1.6.0_v1.9.3,M018,_codex_gpt-5.3-codex_run_002,SWE-Milestone-log-results/zeromicro_go-zero_v1.6.0_v1.9.3/e2e_trial/_codex_gpt-5.3-codex_run_002/evaluation/M018/evaluation_result.json,0.0,0.07432432432432433,0.5217391304347826,0.13011335633316906
e2e,zeromicro_go-zero_v1.6.0_v1.9.3,M019,_codex_gpt-5.3-codex_run_002,SWE-Milestone-log-results/zeromicro_go-zero_v1.6.0_v1.9.3/e2e_trial/_codex_gpt-5.3-codex_run_002/evaluation/M019/evaluation_result.json,0.0,0.005571030640668524,0.005159958720330237,0.005357621216180016
e2e,zeromicro_go-zero_v1.6.0_v1.9.3,M020,_codex_gpt-5.3-codex_run_002,SWE-Milestone-log-results/zeromicro_go-zero_v1.6.0_v1.9.3/e2e_trial/_codex_gpt-5.3-codex_run_002/evaluation/M020/evaluation_result.json,0.0,1.0,0.3368421052631579,0.5039370078740157
e2e,zeromicro_go-zero_v1.6.0_v1.9.3,M021,_codex_gpt-5.3-codex_run_002,SWE-Milestone-log-results/zeromicro_go-zero_v1.6.0_v1.9.3/e2e_trial/_codex_gpt-5.3-codex_run_002/evaluation/M021/evaluation_result.json,0.0,0.8666666666666667,0.9310344827586207,0.8976982097186702
e2e,zeromicro_go-zero_v1.6.0_v1.9.3,M022,_codex_gpt-5.3-codex_run_002,SWE-Milestone-log-results/zeromicro_go-zero_v1.6.0_v1.9.3/e2e_trial/_codex_gpt-5.3-codex_run_002/evaluation/M022/evaluation_result.json,0.0,0.08823529411764706,0.0024140012070006035,0.004699432151948306
e2e,zeromicro_go-zero_v1.6.0_v1.9.3,M023,_codex_gpt-5.3-codex_run_002,SWE-Milestone-log-results/zeromicro_go-zero_v1.6.0_v1.9.3/e2e_trial/_codex_gpt-5.3-codex_run_002/evaluation/M023/evaluation_result.json,0.0,0.8295454545454546,1.0,0.906832298136646
e2e,zeromicro_go-zero_v1.6.0_v1.9.3,M024,_codex_gpt-5.3-codex_run_002,SWE-Milestone-log-results/zeromicro_go-zero_v1.6.0_v1.9.3/e2e_trial/_codex_gpt-5.3-codex_run_002/evaluation/M024/evaluation_result_filtered.json,1.0,1.0,1.0,1.0
e2e,zeromicro_go-zero_v1.6.0_v1.9.3,M025,_codex_gpt-5.3-codex_run_002,SWE-Milestone-log-results/zeromicro_go-zero_v1.6.0_v1.9.3/e2e_trial/_codex_gpt-5.3-codex_run_002/evaluation/M025/evaluation_result.json,0.0,0.6666666666666666,0.3,0.41379310344827586
e2e,zeromicro_go-zero_v1.6.0_v1.9.3,M026,_codex_gpt-5.3-codex_run_002,SWE-Milestone-log-results/zeromicro_go-zero_v1.6.0_v1.9.3/e2e_trial/_codex_gpt-5.3-codex_run_002/evaluation/M026/evaluation_result.json,0.0,1.0,0.4,0.5714285714285715
e2e,zeromicro_go-zero_v1.6.0_v1.9.3,M027,_codex_gpt-5.3-codex_run_002,SWE-Milestone-log-results/zeromicro_go-zero_v1.6.0_v1.9.3/e2e_trial/_codex_gpt-5.3-codex_run_002/evaluation/M027/evaluation_result.json,0.0,0.5294117647058824,0.03861003861003861,0.07197121151539385
e2e,zeromicro_go-zero_v1.6.0_v1.9.3,M028,_codex_gpt-5.3-codex_run_002,SWE-Milestone-log-results/zeromicro_go-zero_v1.6.0_v1.9.3/e2e_trial/_codex_gpt-5.3-codex_run_002/evaluation/M028/evaluation_result.json,0.0,0.052884615384615384,0.013553329404832056,0.02157690503603258
e2e,zeromicro_go-zero_v1.6.0_v1.9.3,M001,_codex_gpt-5.4_run_002,SWE-Milestone-log-results/zeromicro_go-zero_v1.6.0_v1.9.3/e2e_trial/_codex_gpt-5.4_run_002/evaluation/M001/evaluation_result_filtered.json,0.0,0.9402985074626866,0.4096774193548387,0.570705089339848
e2e,zeromicro_go-zero_v1.6.0_v1.9.3,M003,_codex_gpt-5.4_run_002,SWE-Milestone-log-results/zeromicro_go-zero_v1.6.0_v1.9.3/e2e_trial/_codex_gpt-5.4_run_002/evaluation/M003/evaluation_result_filtered.json,0.0,0.09259259259259259,0.03773584905660377,0.05361930294906166
e2e,zeromicro_go-zero_v1.6.0_v1.9.3,M004,_codex_gpt-5.4_run_002,SWE-Milestone-log-results/zeromicro_go-zero_v1.6.0_v1.9.3/e2e_trial/_codex_gpt-5.4_run_002/evaluation/M004/evaluation_result_filtered.json,0.0,0.8709677419354839,0.10934393638170974,0.19429543373021066
e2e,zeromicro_go-zero_v1.6.0_v1.9.3,M005,_codex_gpt-5.4_run_002,SWE-Milestone-log-results/zeromicro_go-zero_v1.6.0_v1.9.3/e2e_trial/_codex_gpt-5.4_run_002/evaluation/M005/evaluation_result_filtered.json,0.0,0.6363636363636364,0.08379888268156424,0.14809590973201692
e2e,zeromicro_go-zero_v1.6.0_v1.9.3,M007.1,_codex_gpt-5.4_run_002,SWE-Milestone-log-results/zeromicro_go-zero_v1.6.0_v1.9.3/e2e_trial/_codex_gpt-5.4_run_002/evaluation/M007.1/evaluation_result.json,0.0,0.3055555555555556,0.9230769230769231,0.45913043478260873
e2e,zeromicro_go-zero_v1.6.0_v1.9.3,M007.2,_codex_gpt-5.4_run_002,SWE-Milestone-log-results/zeromicro_go-zero_v1.6.0_v1.9.3/e2e_trial/_codex_gpt-5.4_run_002/evaluation/M007.2/evaluation_result.json,0.0,0.189873417721519,0.02275960170697013,0.04064696417986281
e2e,zeromicro_go-zero_v1.6.0_v1.9.3,M008,_codex_gpt-5.4_run_002,SWE-Milestone-log-results/zeromicro_go-zero_v1.6.0_v1.9.3/e2e_trial/_codex_gpt-5.4_run_002/evaluation/M008/evaluation_result.json,0.0,1.0,0.9807692307692307,0.9902912621359222
e2e,zeromicro_go-zero_v1.6.0_v1.9.3,M009,_codex_gpt-5.4_run_002,SWE-Milestone-log-results/zeromicro_go-zero_v1.6.0_v1.9.3/e2e_trial/_codex_gpt-5.4_run_002/evaluation/M009/evaluation_result.json,0.0,0.21568627450980393,0.41379310344827586,0.2835660580021482
e2e,zeromicro_go-zero_v1.6.0_v1.9.3,M010,_codex_gpt-5.4_run_002,SWE-Milestone-log-results/zeromicro_go-zero_v1.6.0_v1.9.3/e2e_trial/_codex_gpt-5.4_run_002/evaluation/M010/evaluation_result.json,0.0,0.07909604519774012,0.019404915912031046,0.031164205683757513
e2e,zeromicro_go-zero_v1.6.0_v1.9.3,M013,_codex_gpt-5.4_run_002,SWE-Milestone-log-results/zeromicro_go-zero_v1.6.0_v1.9.3/e2e_trial/_codex_gpt-5.4_run_002/evaluation/M013/evaluation_result.json,0.0,0.2037037037037037,0.27906976744186046,0.23550401427297057
e2e,zeromicro_go-zero_v1.6.0_v1.9.3,M014,_codex_gpt-5.4_run_002,SWE-Milestone-log-results/zeromicro_go-zero_v1.6.0_v1.9.3/e2e_trial/_codex_gpt-5.4_run_002/evaluation/M014/evaluation_result.json,0.0,0.3225806451612903,0.010516252390057362,0.02036848439959263
e2e,zeromicro_go-zero_v1.6.0_v1.9.3,M017,_codex_gpt-5.4_run_002,SWE-Milestone-log-results/zeromicro_go-zero_v1.6.0_v1.9.3/e2e_trial/_codex_gpt-5.4_run_002/evaluation/M017/evaluation_result.json,0.0,1.0,0.75,0.8571428571428571
e2e,zeromicro_go-zero_v1.6.0_v1.9.3,M018,_codex_gpt-5.4_run_002,SWE-Milestone-log-results/zeromicro_go-zero_v1.6.0_v1.9.3/e2e_trial/_codex_gpt-5.4_run_002/evaluation/M018/evaluation_result.json,0.0,0.23648648648648649,0.28346456692913385,0.2578532692110918
e2e,zeromicro_go-zero_v1.6.0_v1.9.3,M019,_codex_gpt-5.4_run_002,SWE-Milestone-log-results/zeromicro_go-zero_v1.6.0_v1.9.3/e2e_trial/_codex_gpt-5.4_run_002/evaluation/M019/evaluation_result.json,0.0,0.3370473537604457,0.5497737556561086,0.41789665929973924
e2e,zeromicro_go-zero_v1.6.0_v1.9.3,M020,_codex_gpt-5.4_run_002,SWE-Milestone-log-results/zeromicro_go-zero_v1.6.0_v1.9.3/e2e_trial/_codex_gpt-5.4_run_002/evaluation/M020/evaluation_result.json,0.0,0.3492063492063492,0.07210031347962383,0.11952285343096729
e2e,zeromicro_go-zero_v1.6.0_v1.9.3,M021,_codex_gpt-5.4_run_002,SWE-Milestone-log-results/zeromicro_go-zero_v1.6.0_v1.9.3/e2e_trial/_codex_gpt-5.4_run_002/evaluation/M021/evaluation_result.json,0.0,0.43333333333333335,0.30434782608695654,0.35756385068762286
e2e,zeromicro_go-zero_v1.6.0_v1.9.3,M022,_codex_gpt-5.4_run_002,SWE-Milestone-log-results/zeromicro_go-zero_v1.6.0_v1.9.3/e2e_trial/_codex_gpt-5.4_run_002/evaluation/M022/evaluation_result.json,0.0,0.29411764705882354,0.010679611650485437,0.020610830054337642
e2e,zeromicro_go-zero_v1.6.0_v1.9.3,M023,_codex_gpt-5.4_run_002,SWE-Milestone-log-results/zeromicro_go-zero_v1.6.0_v1.9.3/e2e_trial/_codex_gpt-5.4_run_002/evaluation/M023/evaluation_result.json,0.0,0.8295454545454546,0.9866666666666667,0.9013097522315843
e2e,zeromicro_go-zero_v1.6.0_v1.9.3,M024,_codex_gpt-5.4_run_002,SWE-Milestone-log-results/zeromicro_go-zero_v1.6.0_v1.9.3/e2e_trial/_codex_gpt-5.4_run_002/evaluation/M024/evaluation_result_filtered.json,0.0,0.9722222222222222,0.9342105263157895,0.9528374233128835
e2e,zeromicro_go-zero_v1.6.0_v1.9.3,M025,_codex_gpt-5.4_run_002,SWE-Milestone-log-results/zeromicro_go-zero_v1.6.0_v1.9.3/e2e_trial/_codex_gpt-5.4_run_002/evaluation/M025/evaluation_result.json,0.0,0.9523809523809523,0.28378378378378377,0.43727225403435704
e2e,zeromicro_go-zero_v1.6.0_v1.9.3,M026,_codex_gpt-5.4_run_002,SWE-Milestone-log-results/zeromicro_go-zero_v1.6.0_v1.9.3/e2e_trial/_codex_gpt-5.4_run_002/evaluation/M026/evaluation_result.json,0.0,1.0,0.2631578947368421,0.4166666666666667
e2e,zeromicro_go-zero_v1.6.0_v1.9.3,M027,_codex_gpt-5.4_run_002,SWE-Milestone-log-results/zeromicro_go-zero_v1.6.0_v1.9.3/e2e_trial/_codex_gpt-5.4_run_002/evaluation/M027/evaluation_result.json,0.0,0.35294117647058826,0.011686143572621035,0.022623215728521412
e2e,zeromicro_go-zero_v1.6.0_v1.9.3,M028,_codex_gpt-5.4_run_002,SWE-Milestone-log-results/zeromicro_go-zero_v1.6.0_v1.9.3/e2e_trial/_codex_gpt-5.4_run_002/evaluation/M028/evaluation_result.json,0.0,0.09134615384615384,0.03460514640638864,0.05019475021168501
e2e,zeromicro_go-zero_v1.6.0_v1.9.3,M001,_codex_gpt-5.5_run_002,SWE-Milestone-log-results/zeromicro_go-zero_v1.6.0_v1.9.3/e2e_trial/_codex_gpt-5.5_run_002/evaluation/M001/evaluation_result_filtered.json,0.0,0.9477611940298507,0.46545454545454545,0.6243063156479828
e2e,zeromicro_go-zero_v1.6.0_v1.9.3,M003,_codex_gpt-5.5_run_002,SWE-Milestone-log-results/zeromicro_go-zero_v1.6.0_v1.9.3/e2e_trial/_codex_gpt-5.5_run_002/evaluation/M003/evaluation_result_filtered.json,0.0,0.10493827160493827,0.21176470588235294,0.1403347855996331
e2e,zeromicro_go-zero_v1.6.0_v1.9.3,M004,_codex_gpt-5.5_run_002,SWE-Milestone-log-results/zeromicro_go-zero_v1.6.0_v1.9.3/e2e_trial/_codex_gpt-5.5_run_002/evaluation/M004/evaluation_result_filtered.json,0.0,0.27419354838709675,0.1935483870967742,0.22691879866518352
e2e,zeromicro_go-zero_v1.6.0_v1.9.3,M005,_codex_gpt-5.5_run_002,SWE-Milestone-log-results/zeromicro_go-zero_v1.6.0_v1.9.3/e2e_trial/_codex_gpt-5.5_run_002/evaluation/M005/evaluation_result_filtered.json,0.0,0.6363636363636364,0.08333333333333333,0.14736842105263157
e2e,zeromicro_go-zero_v1.6.0_v1.9.3,M007.1,_codex_gpt-5.5_run_002,SWE-Milestone-log-results/zeromicro_go-zero_v1.6.0_v1.9.3/e2e_trial/_codex_gpt-5.5_run_002/evaluation/M007.1/evaluation_result.json,0.0,0.3055555555555556,1.0,0.46808510638297873
e2e,zeromicro_go-zero_v1.6.0_v1.9.3,M007.2,_codex_gpt-5.5_run_002,SWE-Milestone-log-results/zeromicro_go-zero_v1.6.0_v1.9.3/e2e_trial/_codex_gpt-5.5_run_002/evaluation/M007.2/evaluation_result.json,0.0,0.20253164556962025,0.023351648351648352,0.04187514433069048
e2e,zeromicro_go-zero_v1.6.0_v1.9.3,M008,_codex_gpt-5.5_run_002,SWE-Milestone-log-results/zeromicro_go-zero_v1.6.0_v1.9.3/e2e_trial/_codex_gpt-5.5_run_002/evaluation/M008/evaluation_result.json,0.0,0.94,1.0,0.9690721649484536
e2e,zeromicro_go-zero_v1.6.0_v1.9.3,M009,_codex_gpt-5.5_run_002,SWE-Milestone-log-results/zeromicro_go-zero_v1.6.0_v1.9.3/e2e_trial/_codex_gpt-5.5_run_002/evaluation/M009/evaluation_result.json,0.0,0.7254901960784313,1.0,0.8409090909090908
e2e,zeromicro_go-zero_v1.6.0_v1.9.3,M010,_codex_gpt-5.5_run_002,SWE-Milestone-log-results/zeromicro_go-zero_v1.6.0_v1.9.3/e2e_trial/_codex_gpt-5.5_run_002/evaluation/M010/evaluation_result.json,0.0,0.06779661016949153,0.015931372549019607,0.02580004961548003
e2e,zeromicro_go-zero_v1.6.0_v1.9.3,M013,_codex_gpt-5.5_run_002,SWE-Milestone-log-results/zeromicro_go-zero_v1.6.0_v1.9.3/e2e_trial/_codex_gpt-5.5_run_002/evaluation/M013/evaluation_result.json,0.0,0.9074074074074074,0.9615384615384616,0.9336890243902439
e2e,zeromicro_go-zero_v1.6.0_v1.9.3,M014,_codex_gpt-5.5_run_002,SWE-Milestone-log-results/zeromicro_go-zero_v1.6.0_v1.9.3/e2e_trial/_codex_gpt-5.5_run_002/evaluation/M014/evaluation_result.json,0.0,0.25806451612903225,0.00847457627118644,0.01641025641025641
e2e,zeromicro_go-zero_v1.6.0_v1.9.3,M017,_codex_gpt-5.5_run_002,SWE-Milestone-log-results/zeromicro_go-zero_v1.6.0_v1.9.3/e2e_trial/_codex_gpt-5.5_run_002/evaluation/M017/evaluation_result.json,0.0,1.0,0.75,0.8571428571428571
e2e,zeromicro_go-zero_v1.6.0_v1.9.3,M018,_codex_gpt-5.5_run_002,SWE-Milestone-log-results/zeromicro_go-zero_v1.6.0_v1.9.3/e2e_trial/_codex_gpt-5.5_run_002/evaluation/M018/evaluation_result.json,0.0,0.22297297297297297,0.20359281437125748,0.21284264440861234
e2e,zeromicro_go-zero_v1.6.0_v1.9.3,M019,_codex_gpt-5.5_run_002,SWE-Milestone-log-results/zeromicro_go-zero_v1.6.0_v1.9.3/e2e_trial/_codex_gpt-5.5_run_002/evaluation/M019/evaluation_result.json,0.0,0.32172701949860727,0.5144124168514412,0.39586788153214875
e2e,zeromicro_go-zero_v1.6.0_v1.9.3,M020,_codex_gpt-5.5_run_002,SWE-Milestone-log-results/zeromicro_go-zero_v1.6.0_v1.9.3/e2e_trial/_codex_gpt-5.5_run_002/evaluation/M020/evaluation_result.json,0.0,0.3492063492063492,0.07516339869281045,0.12370125901479036
e2e,zeromicro_go-zero_v1.6.0_v1.9.3,M021,_codex_gpt-5.5_run_002,SWE-Milestone-log-results/zeromicro_go-zero_v1.6.0_v1.9.3/e2e_trial/_codex_gpt-5.5_run_002/evaluation/M021/evaluation_result.json,0.0,0.43333333333333335,0.42424242424242425,0.4287396937573616
e2e,zeromicro_go-zero_v1.6.0_v1.9.3,M022,_codex_gpt-5.5_run_002,SWE-Milestone-log-results/zeromicro_go-zero_v1.6.0_v1.9.3/e2e_trial/_codex_gpt-5.5_run_002/evaluation/M022/evaluation_result.json,0.0,0.23529411764705882,0.008434864104967198,0.0162859081655734
e2e,zeromicro_go-zero_v1.6.0_v1.9.3,M023,_codex_gpt-5.5_run_002,SWE-Milestone-log-results/zeromicro_go-zero_v1.6.0_v1.9.3/e2e_trial/_codex_gpt-5.5_run_002/evaluation/M023/evaluation_result.json,0.0,0.8295454545454546,0.9866666666666667,0.9013097522315843
e2e,zeromicro_go-zero_v1.6.0_v1.9.3,M024,_codex_gpt-5.5_run_002,SWE-Milestone-log-results/zeromicro_go-zero_v1.6.0_v1.9.3/e2e_trial/_codex_gpt-5.5_run_002/evaluation/M024/evaluation_result_filtered.json,0.0,0.7916666666666666,0.9206349206349206,0.8512939358825801
e2e,zeromicro_go-zero_v1.6.0_v1.9.3,M025,_codex_gpt-5.5_run_002,SWE-Milestone-log-results/zeromicro_go-zero_v1.6.0_v1.9.3/e2e_trial/_codex_gpt-5.5_run_002/evaluation/M025/evaluation_result.json,0.0,0.9523809523809523,0.525,0.676873489121676
e2e,zeromicro_go-zero_v1.6.0_v1.9.3,M026,_codex_gpt-5.5_run_002,SWE-Milestone-log-results/zeromicro_go-zero_v1.6.0_v1.9.3/e2e_trial/_codex_gpt-5.5_run_002/evaluation/M026/evaluation_result.json,0.0,1.0,0.47619047619047616,0.6451612903225806
e2e,zeromicro_go-zero_v1.6.0_v1.9.3,M027,_codex_gpt-5.5_run_002,SWE-Milestone-log-results/zeromicro_go-zero_v1.6.0_v1.9.3/e2e_trial/_codex_gpt-5.5_run_002/evaluation/M027/evaluation_result.json,0.0,0.47058823529411764,0.038461538461538464,0.07111111111111112
e2e,zeromicro_go-zero_v1.6.0_v1.9.3,M028,_codex_gpt-5.5_run_002,SWE-Milestone-log-results/zeromicro_go-zero_v1.6.0_v1.9.3/e2e_trial/_codex_gpt-5.5_run_002/evaluation/M028/evaluation_result.json,0.0,0.08653846153846154,0.03148936170212766,0.046176246273313466
e2e,zeromicro_go-zero_v1.6.0_v1.9.3,M001,_gemini-cli_gemini-3-flash_run_002,SWE-Milestone-log-results/zeromicro_go-zero_v1.6.0_v1.9.3/e2e_trial/_gemini-cli_gemini-3-flash_run_002/evaluation/M001/evaluation_result_filtered.json,0.0,0.9402985074626866,0.42905405405405406,0.5892403431896012
e2e,zeromicro_go-zero_v1.6.0_v1.9.3,M003,_gemini-cli_gemini-3-flash_run_002,SWE-Milestone-log-results/zeromicro_go-zero_v1.6.0_v1.9.3/e2e_trial/_gemini-cli_gemini-3-flash_run_002/evaluation/M003/evaluation_result_filtered.json,0.0,0.09259259259259259,0.03755868544600939,0.05344021376085504
e2e,zeromicro_go-zero_v1.6.0_v1.9.3,M004,_gemini-cli_gemini-3-flash_run_002,SWE-Milestone-log-results/zeromicro_go-zero_v1.6.0_v1.9.3/e2e_trial/_gemini-cli_gemini-3-flash_run_002/evaluation/M004/evaluation_result_filtered.json,0.0,0.9354838709677419,0.1279826464208243,0.22516120542176601
e2e,zeromicro_go-zero_v1.6.0_v1.9.3,M005,_gemini-cli_gemini-3-flash_run_002,SWE-Milestone-log-results/zeromicro_go-zero_v1.6.0_v1.9.3/e2e_trial/_gemini-cli_gemini-3-flash_run_002/evaluation/M005/evaluation_result_filtered.json,0.0,1.0,0.8214285714285714,0.9019607843137255
e2e,zeromicro_go-zero_v1.6.0_v1.9.3,M007.1,_gemini-cli_gemini-3-flash_run_002,SWE-Milestone-log-results/zeromicro_go-zero_v1.6.0_v1.9.3/e2e_trial/_gemini-cli_gemini-3-flash_run_002/evaluation/M007.1/evaluation_result.json,0.0,0.3055555555555556,1.0,0.46808510638297873
e2e,zeromicro_go-zero_v1.6.0_v1.9.3,M007.2,_gemini-cli_gemini-3-flash_run_002,SWE-Milestone-log-results/zeromicro_go-zero_v1.6.0_v1.9.3/e2e_trial/_gemini-cli_gemini-3-flash_run_002/evaluation/M007.2/evaluation_result.json,0.0,0.10126582278481013,0.005817711700064641,0.011003285703369758
e2e,zeromicro_go-zero_v1.6.0_v1.9.3,M008,_gemini-cli_gemini-3-flash_run_002,SWE-Milestone-log-results/zeromicro_go-zero_v1.6.0_v1.9.3/e2e_trial/_gemini-cli_gemini-3-flash_run_002/evaluation/M008/evaluation_result.json,0.0,0.22,0.24,0.22956521739130437
e2e,zeromicro_go-zero_v1.6.0_v1.9.3,M009,_gemini-cli_gemini-3-flash_run_002,SWE-Milestone-log-results/zeromicro_go-zero_v1.6.0_v1.9.3/e2e_trial/_gemini-cli_gemini-3-flash_run_002/evaluation/M009/evaluation_result.json,0.0,0.21568627450980393,0.41379310344827586,0.2835660580021482
e2e,zeromicro_go-zero_v1.6.0_v1.9.3,M010,_gemini-cli_gemini-3-flash_run_002,SWE-Milestone-log-results/zeromicro_go-zero_v1.6.0_v1.9.3/e2e_trial/_gemini-cli_gemini-3-flash_run_002/evaluation/M010/evaluation_result.json,0.0,0.022598870056497175,0.0030175015087507543,0.005324104884866231
e2e,zeromicro_go-zero_v1.6.0_v1.9.3,M013,_gemini-cli_gemini-3-flash_run_002,SWE-Milestone-log-results/zeromicro_go-zero_v1.6.0_v1.9.3/e2e_trial/_gemini-cli_gemini-3-flash_run_002/evaluation/M013/evaluation_result.json,0.0,0.2037037037037037,0.27906976744186046,0.23550401427297057
e2e,zeromicro_go-zero_v1.6.0_v1.9.3,M017,_gemini-cli_gemini-3-flash_run_002,SWE-Milestone-log-results/zeromicro_go-zero_v1.6.0_v1.9.3/e2e_trial/_gemini-cli_gemini-3-flash_run_002/evaluation/M017/evaluation_result.json,0.0,0.9285714285714286,0.7,0.7982456140350878
e2e,zeromicro_go-zero_v1.6.0_v1.9.3,M018,_gemini-cli_gemini-3-flash_run_002,SWE-Milestone-log-results/zeromicro_go-zero_v1.6.0_v1.9.3/e2e_trial/_gemini-cli_gemini-3-flash_run_002/evaluation/M018/evaluation_result.json,0.0,0.07432432432432433,0.25,0.11458333333333333
e2e,zeromicro_go-zero_v1.6.0_v1.9.3,M019,_gemini-cli_gemini-3-flash_run_002,SWE-Milestone-log-results/zeromicro_go-zero_v1.6.0_v1.9.3/e2e_trial/_gemini-cli_gemini-3-flash_run_002/evaluation/M019/evaluation_result.json,0.0,0.005571030640668524,0.005159958720330237,0.005357621216180016
e2e,zeromicro_go-zero_v1.6.0_v1.9.3,M020,_gemini-cli_gemini-3-flash_run_002,SWE-Milestone-log-results/zeromicro_go-zero_v1.6.0_v1.9.3/e2e_trial/_gemini-cli_gemini-3-flash_run_002/evaluation/M020/evaluation_result.json,0.0,0.9682539682539683,0.27555555555555555,0.4290170722023708
e2e,zeromicro_go-zero_v1.6.0_v1.9.3,M021,_gemini-cli_gemini-3-flash_run_002,SWE-Milestone-log-results/zeromicro_go-zero_v1.6.0_v1.9.3/e2e_trial/_gemini-cli_gemini-3-flash_run_002/evaluation/M021/evaluation_result.json,0.0,0.6666666666666666,0.39622641509433965,0.4970414201183432
e2e,zeromicro_go-zero_v1.6.0_v1.9.3,M023,_gemini-cli_gemini-3-flash_run_002,SWE-Milestone-log-results/zeromicro_go-zero_v1.6.0_v1.9.3/e2e_trial/_gemini-cli_gemini-3-flash_run_002/evaluation/M023/evaluation_result.json,0.0,1.0,0.9888888888888889,0.9944134078212291
e2e,zeromicro_go-zero_v1.6.0_v1.9.3,M024,_gemini-cli_gemini-3-flash_run_002,SWE-Milestone-log-results/zeromicro_go-zero_v1.6.0_v1.9.3/e2e_trial/_gemini-cli_gemini-3-flash_run_002/evaluation/M024/evaluation_result_filtered.json,0.0,0.7916666666666666,0.9206349206349206,0.8512939358825801
e2e,zeromicro_go-zero_v1.6.0_v1.9.3,M025,_gemini-cli_gemini-3-flash_run_002,SWE-Milestone-log-results/zeromicro_go-zero_v1.6.0_v1.9.3/e2e_trial/_gemini-cli_gemini-3-flash_run_002/evaluation/M025/evaluation_result.json,0.0,0.6666666666666666,0.2,0.30769230769230765
e2e,zeromicro_go-zero_v1.6.0_v1.9.3,M026,_gemini-cli_gemini-3-flash_run_002,SWE-Milestone-log-results/zeromicro_go-zero_v1.6.0_v1.9.3/e2e_trial/_gemini-cli_gemini-3-flash_run_002/evaluation/M026/evaluation_result.json,0.0,1.0,0.26666666666666666,0.4210526315789474
e2e,zeromicro_go-zero_v1.6.0_v1.9.3,M027,_gemini-cli_gemini-3-flash_run_002,SWE-Milestone-log-results/zeromicro_go-zero_v1.6.0_v1.9.3/e2e_trial/_gemini-cli_gemini-3-flash_run_002/evaluation/M027/evaluation_result.json,0.0,0.35294117647058826,0.012367491166077738,0.023897581792318632
e2e,zeromicro_go-zero_v1.6.0_v1.9.3,M001,_gemini-cli_gemini-3-pro_run_002,SWE-Milestone-log-results/zeromicro_go-zero_v1.6.0_v1.9.3/e2e_trial/_gemini-cli_gemini-3-pro_run_002/evaluation/M001/evaluation_result_filtered.json,1.0,1.0,1.0,1.0
e2e,zeromicro_go-zero_v1.6.0_v1.9.3,M004,_gemini-cli_gemini-3-pro_run_002,SWE-Milestone-log-results/zeromicro_go-zero_v1.6.0_v1.9.3/e2e_trial/_gemini-cli_gemini-3-pro_run_002/evaluation/M004/evaluation_result.json,0.0,0.11290322580645161,0.0038816108685104317,0.007505193325738792
e2e,zeromicro_go-zero_v1.6.0_v1.9.3,M007.1,_gemini-cli_gemini-3-pro_run_002,SWE-Milestone-log-results/zeromicro_go-zero_v1.6.0_v1.9.3/e2e_trial/_gemini-cli_gemini-3-pro_run_002/evaluation/M007.1/evaluation_result.json,0.0,0.3055555555555556,0.6666666666666666,0.4190476190476191
e2e,zeromicro_go-zero_v1.6.0_v1.9.3,M008,_gemini-cli_gemini-3-pro_run_002,SWE-Milestone-log-results/zeromicro_go-zero_v1.6.0_v1.9.3/e2e_trial/_gemini-cli_gemini-3-pro_run_002/evaluation/M008/evaluation_result.json,0.0,0.28,0.75,0.4077669902912622
e2e,zeromicro_go-zero_v1.6.0_v1.9.3,M009,_gemini-cli_gemini-3-pro_run_002,SWE-Milestone-log-results/zeromicro_go-zero_v1.6.0_v1.9.3/e2e_trial/_gemini-cli_gemini-3-pro_run_002/evaluation/M009/evaluation_result.json,0.0,0.39215686274509803,1.0,0.5633802816901409
e2e,zeromicro_go-zero_v1.6.0_v1.9.3,M010,_gemini-cli_gemini-3-pro_run_002,SWE-Milestone-log-results/zeromicro_go-zero_v1.6.0_v1.9.3/e2e_trial/_gemini-cli_gemini-3-pro_run_002/evaluation/M010/evaluation_result.json,0.0,0.011299435028248588,0.0017595307917888563,0.003044912458766811
e2e,zeromicro_go-zero_v1.6.0_v1.9.3,M013,_gemini-cli_gemini-3-pro_run_002,SWE-Milestone-log-results/zeromicro_go-zero_v1.6.0_v1.9.3/e2e_trial/_gemini-cli_gemini-3-pro_run_002/evaluation/M013/evaluation_result.json,0.0,0.2037037037037037,0.6666666666666666,0.3120567375886525
e2e,zeromicro_go-zero_v1.6.0_v1.9.3,M017,_gemini-cli_gemini-3-pro_run_002,SWE-Milestone-log-results/zeromicro_go-zero_v1.6.0_v1.9.3/e2e_trial/_gemini-cli_gemini-3-pro_run_002/evaluation/M017/evaluation_result.json,0.0,1.0,0.75,0.8571428571428571
e2e,zeromicro_go-zero_v1.6.0_v1.9.3,M018,_gemini-cli_gemini-3-pro_run_002,SWE-Milestone-log-results/zeromicro_go-zero_v1.6.0_v1.9.3/e2e_trial/_gemini-cli_gemini-3-pro_run_002/evaluation/M018/evaluation_result.json,0.0,0.060810810810810814,0.14925373134328357,0.08641382621219396
e2e,zeromicro_go-zero_v1.6.0_v1.9.3,M019,_gemini-cli_gemini-3-pro_run_002,SWE-Milestone-log-results/zeromicro_go-zero_v1.6.0_v1.9.3/e2e_trial/_gemini-cli_gemini-3-pro_run_002/evaluation/M019/evaluation_result.json,0.0,0.002785515320334262,0.0029498525073746312,0.002865329512893983
e2e,zeromicro_go-zero_v1.6.0_v1.9.3,M020,_gemini-cli_gemini-3-pro_run_002,SWE-Milestone-log-results/zeromicro_go-zero_v1.6.0_v1.9.3/e2e_trial/_gemini-cli_gemini-3-pro_run_002/evaluation/M020/evaluation_result.json,0.0,0.2698412698412698,0.125,0.1708542713567839
e2e,zeromicro_go-zero_v1.6.0_v1.9.3,M021,_gemini-cli_gemini-3-pro_run_002,SWE-Milestone-log-results/zeromicro_go-zero_v1.6.0_v1.9.3/e2e_trial/_gemini-cli_gemini-3-pro_run_002/evaluation/M021/evaluation_result.json,0.0,0.43333333333333335,0.6666666666666666,0.5252525252525252
e2e,zeromicro_go-zero_v1.6.0_v1.9.3,M023,_gemini-cli_gemini-3-pro_run_002,SWE-Milestone-log-results/zeromicro_go-zero_v1.6.0_v1.9.3/e2e_trial/_gemini-cli_gemini-3-pro_run_002/evaluation/M023/evaluation_result.json,0.0,0.8068181818181818,1.0,0.8930817610062893
e2e,zeromicro_go-zero_v1.6.0_v1.9.3,M024,_gemini-cli_gemini-3-pro_run_002,SWE-Milestone-log-results/zeromicro_go-zero_v1.6.0_v1.9.3/e2e_trial/_gemini-cli_gemini-3-pro_run_002/evaluation/M024/evaluation_result.json,0.0,0.13953488372093023,0.7222222222222222,0.2338830584707646
e2e,zeromicro_go-zero_v1.6.0_v1.9.3,M025,_gemini-cli_gemini-3-pro_run_002,SWE-Milestone-log-results/zeromicro_go-zero_v1.6.0_v1.9.3/e2e_trial/_gemini-cli_gemini-3-pro_run_002/evaluation/M025/evaluation_result.json,0.0,0.6666666666666666,0.6521739130434783,0.6593406593406593
e2e,zeromicro_go-zero_v1.6.0_v1.9.3,M026,_gemini-cli_gemini-3-pro_run_002,SWE-Milestone-log-results/zeromicro_go-zero_v1.6.0_v1.9.3/e2e_trial/_gemini-cli_gemini-3-pro_run_002/evaluation/M026/evaluation_result.json,0.0,1.0,0.6666666666666666,0.8
e2e,zeromicro_go-zero_v1.6.0_v1.9.3,M001,_gemini-cli_gemini-3.1-pro_run_002,SWE-Milestone-log-results/zeromicro_go-zero_v1.6.0_v1.9.3/e2e_trial/_gemini-cli_gemini-3.1-pro_run_002/evaluation/M001/evaluation_result_filtered.json,0.0,0.9402985074626866,0.4031746031746032,0.5643648162516752
e2e,zeromicro_go-zero_v1.6.0_v1.9.3,M004,_gemini-cli_gemini-3.1-pro_run_002,SWE-Milestone-log-results/zeromicro_go-zero_v1.6.0_v1.9.3/e2e_trial/_gemini-cli_gemini-3.1-pro_run_002/evaluation/M004/evaluation_result_filtered.json,0.0,0.1935483870967742,0.01566265060240964,0.028980122608211034
e2e,zeromicro_go-zero_v1.6.0_v1.9.3,M005,_gemini-cli_gemini-3.1-pro_run_002,SWE-Milestone-log-results/zeromicro_go-zero_v1.6.0_v1.9.3/e2e_trial/_gemini-cli_gemini-3.1-pro_run_002/evaluation/M005/evaluation_result_filtered.json,0.0,0.6363636363636364,0.08333333333333333,0.14736842105263157
e2e,zeromicro_go-zero_v1.6.0_v1.9.3,M007.1,_gemini-cli_gemini-3.1-pro_run_002,SWE-Milestone-log-results/zeromicro_go-zero_v1.6.0_v1.9.3/e2e_trial/_gemini-cli_gemini-3.1-pro_run_002/evaluation/M007.1/evaluation_result.json,0.0,0.5833333333333334,0.7857142857142857,0.6695652173913044
e2e,zeromicro_go-zero_v1.6.0_v1.9.3,M007.2,_gemini-cli_gemini-3.1-pro_run_002,SWE-Milestone-log-results/zeromicro_go-zero_v1.6.0_v1.9.3/e2e_trial/_gemini-cli_gemini-3.1-pro_run_002/evaluation/M007.2/evaluation_result.json,0.0,0.02531645569620253,0.0018796992481203006,0.0034995625546806646
e2e,zeromicro_go-zero_v1.6.0_v1.9.3,M008,_gemini-cli_gemini-3.1-pro_run_002,SWE-Milestone-log-results/zeromicro_go-zero_v1.6.0_v1.9.3/e2e_trial/_gemini-cli_gemini-3.1-pro_run_002/evaluation/M008/evaluation_result.json,0.0,0.92,0.9591836734693877,0.9391833188531713
e2e,zeromicro_go-zero_v1.6.0_v1.9.3,M009,_gemini-cli_gemini-3.1-pro_run_002,SWE-Milestone-log-results/zeromicro_go-zero_v1.6.0_v1.9.3/e2e_trial/_gemini-cli_gemini-3.1-pro_run_002/evaluation/M009/evaluation_result.json,0.0,0.21568627450980393,0.41379310344827586,0.2835660580021482
e2e,zeromicro_go-zero_v1.6.0_v1.9.3,M010,_gemini-cli_gemini-3.1-pro_run_002,SWE-Milestone-log-results/zeromicro_go-zero_v1.6.0_v1.9.3/e2e_trial/_gemini-cli_gemini-3.1-pro_run_002/evaluation/M010/evaluation_result.json,0.0,0.011299435028248588,0.0017595307917888563,0.003044912458766811
e2e,zeromicro_go-zero_v1.6.0_v1.9.3,M013,_gemini-cli_gemini-3.1-pro_run_002,SWE-Milestone-log-results/zeromicro_go-zero_v1.6.0_v1.9.3/e2e_trial/_gemini-cli_gemini-3.1-pro_run_002/evaluation/M013/evaluation_result.json,0.0,0.25925925925925924,0.32608695652173914,0.28885832187070154
e2e,zeromicro_go-zero_v1.6.0_v1.9.3,M014,_gemini-cli_gemini-3.1-pro_run_002,SWE-Milestone-log-results/zeromicro_go-zero_v1.6.0_v1.9.3/e2e_trial/_gemini-cli_gemini-3.1-pro_run_002/evaluation/M014/evaluation_result.json,0.0,0.03225806451612903,0.0011198208286674132,0.0021645021645021645
e2e,zeromicro_go-zero_v1.6.0_v1.9.3,M017,_gemini-cli_gemini-3.1-pro_run_002,SWE-Milestone-log-results/zeromicro_go-zero_v1.6.0_v1.9.3/e2e_trial/_gemini-cli_gemini-3.1-pro_run_002/evaluation/M017/evaluation_result.json,0.0,0.7857142857142857,0.1276595744680851,0.2196339434276206
e2e,zeromicro_go-zero_v1.6.0_v1.9.3,M018,_gemini-cli_gemini-3.1-pro_run_002,SWE-Milestone-log-results/zeromicro_go-zero_v1.6.0_v1.9.3/e2e_trial/_gemini-cli_gemini-3.1-pro_run_002/evaluation/M018/evaluation_result.json,0.0,0.013513513513513514,0.0031746031746031746,0.005141388174807198
e2e,zeromicro_go-zero_v1.6.0_v1.9.3,M019,_gemini-cli_gemini-3.1-pro_run_002,SWE-Milestone-log-results/zeromicro_go-zero_v1.6.0_v1.9.3/e2e_trial/_gemini-cli_gemini-3.1-pro_run_002/evaluation/M019/evaluation_result.json,0.0,0.002785515320334262,0.0029498525073746312,0.002865329512893983
e2e,zeromicro_go-zero_v1.6.0_v1.9.3,M020,_gemini-cli_gemini-3.1-pro_run_002,SWE-Milestone-log-results/zeromicro_go-zero_v1.6.0_v1.9.3/e2e_trial/_gemini-cli_gemini-3.1-pro_run_002/evaluation/M020/evaluation_result.json,0.0,0.30158730158730157,0.08620689655172414,0.1340860973888497
e2e,zeromicro_go-zero_v1.6.0_v1.9.3,M021,_gemini-cli_gemini-3.1-pro_run_002,SWE-Milestone-log-results/zeromicro_go-zero_v1.6.0_v1.9.3/e2e_trial/_gemini-cli_gemini-3.1-pro_run_002/evaluation/M021/evaluation_result.json,0.0,0.13333333333333333,0.005434782608695652,0.010443864229765013
e2e,zeromicro_go-zero_v1.6.0_v1.9.3,M023,_gemini-cli_gemini-3.1-pro_run_002,SWE-Milestone-log-results/zeromicro_go-zero_v1.6.0_v1.9.3/e2e_trial/_gemini-cli_gemini-3.1-pro_run_002/evaluation/M023/evaluation_result.json,0.0,0.8295454545454546,1.0,0.906832298136646
e2e,zeromicro_go-zero_v1.6.0_v1.9.3,M024,_gemini-cli_gemini-3.1-pro_run_002,SWE-Milestone-log-results/zeromicro_go-zero_v1.6.0_v1.9.3/e2e_trial/_gemini-cli_gemini-3.1-pro_run_002/evaluation/M024/evaluation_result_filtered.json,0.0,0.1527777777777778,0.12121212121212122,0.13517665130568357
e2e,zeromicro_go-zero_v1.6.0_v1.9.3,M025,_gemini-cli_gemini-3.1-pro_run_002,SWE-Milestone-log-results/zeromicro_go-zero_v1.6.0_v1.9.3/e2e_trial/_gemini-cli_gemini-3.1-pro_run_002/evaluation/M025/evaluation_result.json,0.0,0.5238095238095238,0.03614457831325301,0.06762295081967212
e2e,zeromicro_go-zero_v1.6.0_v1.9.3,M026,_gemini-cli_gemini-3.1-pro_run_002,SWE-Milestone-log-results/zeromicro_go-zero_v1.6.0_v1.9.3/e2e_trial/_gemini-cli_gemini-3.1-pro_run_002/evaluation/M026/evaluation_result.json,0.0,0.7368421052631579,0.03184713375796178,0.06105538595726123
e2e,zeromicro_go-zero_v1.6.0_v1.9.3,M028,_gemini-cli_gemini-3.1-pro_run_002,SWE-Milestone-log-results/zeromicro_go-zero_v1.6.0_v1.9.3/e2e_trial/_gemini-cli_gemini-3.1-pro_run_002/evaluation/M028/evaluation_result.json,0.0,0.009615384615384616,0.003668378576669112,0.0053106744556558685
e2e,zeromicro_go-zero_v1.6.0_v1.9.3,M001,_openhands_gemini-3-flash_run_002,SWE-Milestone-log-results/zeromicro_go-zero_v1.6.0_v1.9.3/e2e_trial/_openhands_gemini-3-flash_run_002/evaluation/M001/evaluation_result_filtered.json,0.0,0.9402985074626866,0.3182957393483709,0.47559888248231585
e2e,zeromicro_go-zero_v1.6.0_v1.9.3,M003,_openhands_gemini-3-flash_run_002,SWE-Milestone-log-results/zeromicro_go-zero_v1.6.0_v1.9.3/e2e_trial/_openhands_gemini-3-flash_run_002/evaluation/M003/evaluation_result_filtered.json,0.0,0.09259259259259259,0.03755868544600939,0.05344021376085504
e2e,zeromicro_go-zero_v1.6.0_v1.9.3,M004,_openhands_gemini-3-flash_run_002,SWE-Milestone-log-results/zeromicro_go-zero_v1.6.0_v1.9.3/e2e_trial/_openhands_gemini-3-flash_run_002/evaluation/M004/evaluation_result_filtered.json,0.0,0.9354838709677419,0.12606837606837606,0.22219336406726833
e2e,zeromicro_go-zero_v1.6.0_v1.9.3,M005,_openhands_gemini-3-flash_run_002,SWE-Milestone-log-results/zeromicro_go-zero_v1.6.0_v1.9.3/e2e_trial/_openhands_gemini-3-flash_run_002/evaluation/M005/evaluation_result_filtered.json,1.0,1.0,1.0,1.0
e2e,zeromicro_go-zero_v1.6.0_v1.9.3,M007.1,_openhands_gemini-3-flash_run_002,SWE-Milestone-log-results/zeromicro_go-zero_v1.6.0_v1.9.3/e2e_trial/_openhands_gemini-3-flash_run_002/evaluation/M007.1/evaluation_result.json,0.0,0.3055555555555556,0.9230769230769231,0.45913043478260873
e2e,zeromicro_go-zero_v1.6.0_v1.9.3,M007.2,_openhands_gemini-3-flash_run_002,SWE-Milestone-log-results/zeromicro_go-zero_v1.6.0_v1.9.3/e2e_trial/_openhands_gemini-3-flash_run_002/evaluation/M007.2/evaluation_result.json,0.0,0.10126582278481013,0.005817711700064641,0.011003285703369758
e2e,zeromicro_go-zero_v1.6.0_v1.9.3,M008,_openhands_gemini-3-flash_run_002,SWE-Milestone-log-results/zeromicro_go-zero_v1.6.0_v1.9.3/e2e_trial/_openhands_gemini-3-flash_run_002/evaluation/M008/evaluation_result.json,0.0,0.92,1.0,0.9583333333333334
e2e,zeromicro_go-zero_v1.6.0_v1.9.3,M009,_openhands_gemini-3-flash_run_002,SWE-Milestone-log-results/zeromicro_go-zero_v1.6.0_v1.9.3/e2e_trial/_openhands_gemini-3-flash_run_002/evaluation/M009/evaluation_result.json,0.0,0.21568627450980393,0.41379310344827586,0.2835660580021482
e2e,zeromicro_go-zero_v1.6.0_v1.9.3,M010,_openhands_gemini-3-flash_run_002,SWE-Milestone-log-results/zeromicro_go-zero_v1.6.0_v1.9.3/e2e_trial/_openhands_gemini-3-flash_run_002/evaluation/M010/evaluation_result.json,0.0,0.022598870056497175,0.0030175015087507543,0.005324104884866231
e2e,zeromicro_go-zero_v1.6.0_v1.9.3,M013,_openhands_gemini-3-flash_run_002,SWE-Milestone-log-results/zeromicro_go-zero_v1.6.0_v1.9.3/e2e_trial/_openhands_gemini-3-flash_run_002/evaluation/M013/evaluation_result.json,0.0,0.2037037037037037,0.6666666666666666,0.3120567375886525
e2e,zeromicro_go-zero_v1.6.0_v1.9.3,M014,_openhands_gemini-3-flash_run_002,SWE-Milestone-log-results/zeromicro_go-zero_v1.6.0_v1.9.3/e2e_trial/_openhands_gemini-3-flash_run_002/evaluation/M014/evaluation_result.json,0.0,0.0,0.0005017561465127947,0.0
e2e,zeromicro_go-zero_v1.6.0_v1.9.3,M017,_openhands_gemini-3-flash_run_002,SWE-Milestone-log-results/zeromicro_go-zero_v1.6.0_v1.9.3/e2e_trial/_openhands_gemini-3-flash_run_002/evaluation/M017/evaluation_result.json,0.0,0.9285714285714286,0.13333333333333333,0.23318385650224216
e2e,zeromicro_go-zero_v1.6.0_v1.9.3,M018,_openhands_gemini-3-flash_run_002,SWE-Milestone-log-results/zeromicro_go-zero_v1.6.0_v1.9.3/e2e_trial/_openhands_gemini-3-flash_run_002/evaluation/M018/evaluation_result.json,0.0,0.07432432432432433,0.5,0.12941176470588237
e2e,zeromicro_go-zero_v1.6.0_v1.9.3,M019,_openhands_gemini-3-flash_run_002,SWE-Milestone-log-results/zeromicro_go-zero_v1.6.0_v1.9.3/e2e_trial/_openhands_gemini-3-flash_run_002/evaluation/M019/evaluation_result.json,0.0,0.005571030640668524,0.005159958720330237,0.005357621216180016
e2e,zeromicro_go-zero_v1.6.0_v1.9.3,M020,_openhands_gemini-3-flash_run_002,SWE-Milestone-log-results/zeromicro_go-zero_v1.6.0_v1.9.3/e2e_trial/_openhands_gemini-3-flash_run_002/evaluation/M020/evaluation_result.json,0.0,0.0,0.0007930214115781126,0.0
e2e,zeromicro_go-zero_v1.6.0_v1.9.3,M021,_openhands_gemini-3-flash_run_002,SWE-Milestone-log-results/zeromicro_go-zero_v1.6.0_v1.9.3/e2e_trial/_openhands_gemini-3-flash_run_002/evaluation/M021/evaluation_result.json,0.0,0.6666666666666666,0.7241379310344828,0.6942148760330579
e2e,zeromicro_go-zero_v1.6.0_v1.9.3,M022,_openhands_gemini-3-flash_run_002,SWE-Milestone-log-results/zeromicro_go-zero_v1.6.0_v1.9.3/e2e_trial/_openhands_gemini-3-flash_run_002/evaluation/M022/evaluation_result.json,0.0,0.0,0.0004926108374384236,0.0
e2e,zeromicro_go-zero_v1.6.0_v1.9.3,M023,_openhands_gemini-3-flash_run_002,SWE-Milestone-log-results/zeromicro_go-zero_v1.6.0_v1.9.3/e2e_trial/_openhands_gemini-3-flash_run_002/evaluation/M023/evaluation_result.json,0.0,0.2840909090909091,0.4406779661016949,0.34546904065904865
e2e,zeromicro_go-zero_v1.6.0_v1.9.3,M024,_openhands_gemini-3-flash_run_002,SWE-Milestone-log-results/zeromicro_go-zero_v1.6.0_v1.9.3/e2e_trial/_openhands_gemini-3-flash_run_002/evaluation/M024/evaluation_result_filtered.json,0.0,0.1527777777777778,0.5454545454545454,0.23869801084990958
e2e,zeromicro_go-zero_v1.6.0_v1.9.3,M025,_openhands_gemini-3-flash_run_002,SWE-Milestone-log-results/zeromicro_go-zero_v1.6.0_v1.9.3/e2e_trial/_openhands_gemini-3-flash_run_002/evaluation/M025/evaluation_result.json,0.0,0.6666666666666666,0.29411764705882354,0.40816326530612246
e2e,zeromicro_go-zero_v1.6.0_v1.9.3,M026,_openhands_gemini-3-flash_run_002,SWE-Milestone-log-results/zeromicro_go-zero_v1.6.0_v1.9.3/e2e_trial/_openhands_gemini-3-flash_run_002/evaluation/M026/evaluation_result.json,0.0,1.0,0.39215686274509803,0.5633802816901409
e2e,zeromicro_go-zero_v1.6.0_v1.9.3,M027,_openhands_gemini-3-flash_run_002,SWE-Milestone-log-results/zeromicro_go-zero_v1.6.0_v1.9.3/e2e_trial/_openhands_gemini-3-flash_run_002/evaluation/M027/evaluation_result.json,0.0,0.35294117647058826,0.009873060648801129,0.01920878115710039
e2e,zeromicro_go-zero_v1.6.0_v1.9.3,M028,_openhands_gemini-3-flash_run_002,SWE-Milestone-log-results/zeromicro_go-zero_v1.6.0_v1.9.3/e2e_trial/_openhands_gemini-3-flash_run_002/evaluation/M028/evaluation_result.json,0.0,0.05048076923076923,0.01150026136957658,0.018732894069944245
e2e,zeromicro_go-zero_v1.6.0_v1.9.3,M004,_openhands_glm-5_run_002,SWE-Milestone-log-results/zeromicro_go-zero_v1.6.0_v1.9.3/e2e_trial/_openhands_glm-5_run_002/evaluation/M004/evaluation_result_filtered.json,0.0,0.27419354838709675,0.038461538461538464,0.06746031746031746
e2e,zeromicro_go-zero_v1.6.0_v1.9.3,M005,_openhands_glm-5_run_002,SWE-Milestone-log-results/zeromicro_go-zero_v1.6.0_v1.9.3/e2e_trial/_openhands_glm-5_run_002/evaluation/M005/evaluation_result_filtered.json,0.0,0.6363636363636364,0.08064516129032258,0.14314928425357873
e2e,zeromicro_go-zero_v1.6.0_v1.9.3,M007.1,_openhands_glm-5_run_002,SWE-Milestone-log-results/zeromicro_go-zero_v1.6.0_v1.9.3/e2e_trial/_openhands_glm-5_run_002/evaluation/M007.1/evaluation_result.json,0.0,0.3055555555555556,1.0,0.46808510638297873
e2e,zeromicro_go-zero_v1.6.0_v1.9.3,M007.2,_openhands_glm-5_run_002,SWE-Milestone-log-results/zeromicro_go-zero_v1.6.0_v1.9.3/e2e_trial/_openhands_glm-5_run_002/evaluation/M007.2/evaluation_result.json,0.0,0.1518987341772152,0.011423550087873463,0.02124906354287271
e2e,zeromicro_go-zero_v1.6.0_v1.9.3,M008,_openhands_glm-5_run_002,SWE-Milestone-log-results/zeromicro_go-zero_v1.6.0_v1.9.3/e2e_trial/_openhands_glm-5_run_002/evaluation/M008/evaluation_result.json,0.0,0.92,1.0,0.9583333333333334
e2e,zeromicro_go-zero_v1.6.0_v1.9.3,M009,_openhands_glm-5_run_002,SWE-Milestone-log-results/zeromicro_go-zero_v1.6.0_v1.9.3/e2e_trial/_openhands_glm-5_run_002/evaluation/M009/evaluation_result.json,0.0,0.7254901960784313,1.0,0.8409090909090908
e2e,zeromicro_go-zero_v1.6.0_v1.9.3,M010,_openhands_glm-5_run_002,SWE-Milestone-log-results/zeromicro_go-zero_v1.6.0_v1.9.3/e2e_trial/_openhands_glm-5_run_002/evaluation/M010/evaluation_result.json,0.0,0.011299435028248588,0.002413515687851971,0.003977461054027178
e2e,zeromicro_go-zero_v1.6.0_v1.9.3,M013,_openhands_glm-5_run_002,SWE-Milestone-log-results/zeromicro_go-zero_v1.6.0_v1.9.3/e2e_trial/_openhands_glm-5_run_002/evaluation/M013/evaluation_result.json,0.0,0.2777777777777778,0.7272727272727273,0.40201005025125625
e2e,zeromicro_go-zero_v1.6.0_v1.9.3,M017,_openhands_glm-5_run_002,SWE-Milestone-log-results/zeromicro_go-zero_v1.6.0_v1.9.3/e2e_trial/_openhands_glm-5_run_002/evaluation/M017/evaluation_result.json,0.0,1.0,0.2112676056338028,0.3488372093023256
e2e,zeromicro_go-zero_v1.6.0_v1.9.3,M018,_openhands_glm-5_run_002,SWE-Milestone-log-results/zeromicro_go-zero_v1.6.0_v1.9.3/e2e_trial/_openhands_glm-5_run_002/evaluation/M018/evaluation_result.json,0.0,0.013513513513513514,0.007009345794392523,0.00923076923076923
e2e,zeromicro_go-zero_v1.6.0_v1.9.3,M019,_openhands_glm-5_run_002,SWE-Milestone-log-results/zeromicro_go-zero_v1.6.0_v1.9.3/e2e_trial/_openhands_glm-5_run_002/evaluation/M019/evaluation_result.json,0.0,0.08635097493036212,0.10031847133757962,0.09281216585481764
e2e,zeromicro_go-zero_v1.6.0_v1.9.3,M021,_openhands_glm-5_run_002,SWE-Milestone-log-results/zeromicro_go-zero_v1.6.0_v1.9.3/e2e_trial/_openhands_glm-5_run_002/evaluation/M021/evaluation_result.json,0.0,0.43333333333333335,0.875,0.5796178343949044
e2e,zeromicro_go-zero_v1.6.0_v1.9.3,M023,_openhands_glm-5_run_002,SWE-Milestone-log-results/zeromicro_go-zero_v1.6.0_v1.9.3/e2e_trial/_openhands_glm-5_run_002/evaluation/M023/evaluation_result.json,0.0,0.3068181818181818,1.0,0.46956521739130436
e2e,zeromicro_go-zero_v1.6.0_v1.9.3,M024,_openhands_glm-5_run_002,SWE-Milestone-log-results/zeromicro_go-zero_v1.6.0_v1.9.3/e2e_trial/_openhands_glm-5_run_002/evaluation/M024/evaluation_result_filtered.json,0.0,0.7916666666666666,0.9206349206349206,0.8512939358825801
e2e,zeromicro_go-zero_v1.6.0_v1.9.3,M025,_openhands_glm-5_run_002,SWE-Milestone-log-results/zeromicro_go-zero_v1.6.0_v1.9.3/e2e_trial/_openhands_glm-5_run_002/evaluation/M025/evaluation_result.json,0.0,0.6666666666666666,0.3409090909090909,0.4511278195488721
e2e,zeromicro_go-zero_v1.6.0_v1.9.3,M026,_openhands_glm-5_run_002,SWE-Milestone-log-results/zeromicro_go-zero_v1.6.0_v1.9.3/e2e_trial/_openhands_glm-5_run_002/evaluation/M026/evaluation_result.json,0.0,1.0,0.4,0.5714285714285715
e2e,zeromicro_go-zero_v1.6.0_v1.9.3,M027,_openhands_glm-5_run_002,SWE-Milestone-log-results/zeromicro_go-zero_v1.6.0_v1.9.3/e2e_trial/_openhands_glm-5_run_002/evaluation/M027/evaluation_result.json,0.0,0.058823529411764705,0.0011869436201780415,0.002326934264107039
e2e,zeromicro_go-zero_v1.6.0_v1.9.3,M028,_openhands_glm-5_run_002,SWE-Milestone-log-results/zeromicro_go-zero_v1.6.0_v1.9.3/e2e_trial/_openhands_glm-5_run_002/evaluation/M028/evaluation_result.json,0.0,0.06971153846153846,0.02304147465437788,0.03463513674907441
e2e,zeromicro_go-zero_v1.6.0_v1.9.3,M003,_openhands_gpt-5.3-codex_run_002,SWE-Milestone-log-results/zeromicro_go-zero_v1.6.0_v1.9.3/e2e_trial/_openhands_gpt-5.3-codex_run_002/evaluation/M003/evaluation_result_filtered.json,0.0,0.9753086419753086,0.26411960132890366,0.4156725184903288
e2e,zeromicro_go-zero_v1.6.0_v1.9.3,M004,_openhands_gpt-5.3-codex_run_002,SWE-Milestone-log-results/zeromicro_go-zero_v1.6.0_v1.9.3/e2e_trial/_openhands_gpt-5.3-codex_run_002/evaluation/M004/evaluation_result_filtered.json,0.0,0.9354838709677419,0.11132075471698114,0.19896505610791326
e2e,zeromicro_go-zero_v1.6.0_v1.9.3,M005,_openhands_gpt-5.3-codex_run_002,SWE-Milestone-log-results/zeromicro_go-zero_v1.6.0_v1.9.3/e2e_trial/_openhands_gpt-5.3-codex_run_002/evaluation/M005/evaluation_result_filtered.json,0.0,0.5909090909090909,0.0782122905027933,0.1381404174573055
e2e,zeromicro_go-zero_v1.6.0_v1.9.3,M007.1,_openhands_gpt-5.3-codex_run_002,SWE-Milestone-log-results/zeromicro_go-zero_v1.6.0_v1.9.3/e2e_trial/_openhands_gpt-5.3-codex_run_002/evaluation/M007.1/evaluation_result.json,0.0,0.6666666666666666,0.35714285714285715,0.46511627906976744
e2e,zeromicro_go-zero_v1.6.0_v1.9.3,M007.2,_openhands_gpt-5.3-codex_run_002,SWE-Milestone-log-results/zeromicro_go-zero_v1.6.0_v1.9.3/e2e_trial/_openhands_gpt-5.3-codex_run_002/evaluation/M007.2/evaluation_result.json,0.0,0.25316455696202533,0.030434782608695653,0.054337279254803035
e2e,zeromicro_go-zero_v1.6.0_v1.9.3,M008,_openhands_gpt-5.3-codex_run_002,SWE-Milestone-log-results/zeromicro_go-zero_v1.6.0_v1.9.3/e2e_trial/_openhands_gpt-5.3-codex_run_002/evaluation/M008/evaluation_result.json,1.0,1.0,1.0,1.0
e2e,zeromicro_go-zero_v1.6.0_v1.9.3,M009,_openhands_gpt-5.3-codex_run_002,SWE-Milestone-log-results/zeromicro_go-zero_v1.6.0_v1.9.3/e2e_trial/_openhands_gpt-5.3-codex_run_002/evaluation/M009/evaluation_result.json,1.0,1.0,1.0,1.0
e2e,zeromicro_go-zero_v1.6.0_v1.9.3,M010,_openhands_gpt-5.3-codex_run_002,SWE-Milestone-log-results/zeromicro_go-zero_v1.6.0_v1.9.3/e2e_trial/_openhands_gpt-5.3-codex_run_002/evaluation/M010/evaluation_result.json,0.0,0.05649717514124294,0.0171606864274571,0.026325236328826135
e2e,zeromicro_go-zero_v1.6.0_v1.9.3,M013,_openhands_gpt-5.3-codex_run_002,SWE-Milestone-log-results/zeromicro_go-zero_v1.6.0_v1.9.3/e2e_trial/_openhands_gpt-5.3-codex_run_002/evaluation/M013/evaluation_result.json,0.0,0.9074074074074074,0.9803921568627451,0.9424889401808039
e2e,zeromicro_go-zero_v1.6.0_v1.9.3,M014,_openhands_gpt-5.3-codex_run_002,SWE-Milestone-log-results/zeromicro_go-zero_v1.6.0_v1.9.3/e2e_trial/_openhands_gpt-5.3-codex_run_002/evaluation/M014/evaluation_result.json,0.0,0.41935483870967744,0.0224,0.04252833274915294
e2e,zeromicro_go-zero_v1.6.0_v1.9.3,M017,_openhands_gpt-5.3-codex_run_002,SWE-Milestone-log-results/zeromicro_go-zero_v1.6.0_v1.9.3/e2e_trial/_openhands_gpt-5.3-codex_run_002/evaluation/M017/evaluation_result.json,0.0,1.0,0.75,0.8571428571428571
e2e,zeromicro_go-zero_v1.6.0_v1.9.3,M018,_openhands_gpt-5.3-codex_run_002,SWE-Milestone-log-results/zeromicro_go-zero_v1.6.0_v1.9.3/e2e_trial/_openhands_gpt-5.3-codex_run_002/evaluation/M018/evaluation_result.json,0.0,1.0,0.9867549668874173,0.9933333333333334
e2e,zeromicro_go-zero_v1.6.0_v1.9.3,M019,_openhands_gpt-5.3-codex_run_002,SWE-Milestone-log-results/zeromicro_go-zero_v1.6.0_v1.9.3/e2e_trial/_openhands_gpt-5.3-codex_run_002/evaluation/M019/evaluation_result.json,0.0,0.21587743732590528,0.36792452830188677,0.2721011883327331
e2e,zeromicro_go-zero_v1.6.0_v1.9.3,M020,_openhands_gpt-5.3-codex_run_002,SWE-Milestone-log-results/zeromicro_go-zero_v1.6.0_v1.9.3/e2e_trial/_openhands_gpt-5.3-codex_run_002/evaluation/M020/evaluation_result.json,0.0,0.31746031746031744,0.08108108108108109,0.12917115177610333
e2e,zeromicro_go-zero_v1.6.0_v1.9.3,M021,_openhands_gpt-5.3-codex_run_002,SWE-Milestone-log-results/zeromicro_go-zero_v1.6.0_v1.9.3/e2e_trial/_openhands_gpt-5.3-codex_run_002/evaluation/M021/evaluation_result.json,0.0,0.4,0.059907834101382486,0.10420841683366733
e2e,zeromicro_go-zero_v1.6.0_v1.9.3,M022,_openhands_gpt-5.3-codex_run_002,SWE-Milestone-log-results/zeromicro_go-zero_v1.6.0_v1.9.3/e2e_trial/_openhands_gpt-5.3-codex_run_002/evaluation/M022/evaluation_result.json,0.0,0.35294117647058826,0.026476578411405296,0.04925797284496369
e2e,zeromicro_go-zero_v1.6.0_v1.9.3,M023,_openhands_gpt-5.3-codex_run_002,SWE-Milestone-log-results/zeromicro_go-zero_v1.6.0_v1.9.3/e2e_trial/_openhands_gpt-5.3-codex_run_002/evaluation/M023/evaluation_result.json,0.0,0.8295454545454546,0.9866666666666667,0.9013097522315843
e2e,zeromicro_go-zero_v1.6.0_v1.9.3,M024,_openhands_gpt-5.3-codex_run_002,SWE-Milestone-log-results/zeromicro_go-zero_v1.6.0_v1.9.3/e2e_trial/_openhands_gpt-5.3-codex_run_002/evaluation/M024/evaluation_result_filtered.json,0.0,0.9722222222222222,1.0,0.9859154929577464
e2e,zeromicro_go-zero_v1.6.0_v1.9.3,M025,_openhands_gpt-5.3-codex_run_002,SWE-Milestone-log-results/zeromicro_go-zero_v1.6.0_v1.9.3/e2e_trial/_openhands_gpt-5.3-codex_run_002/evaluation/M025/evaluation_result.json,0.0,0.9523809523809523,0.42857142857142855,0.5911330049261083
e2e,zeromicro_go-zero_v1.6.0_v1.9.3,M026,_openhands_gpt-5.3-codex_run_002,SWE-Milestone-log-results/zeromicro_go-zero_v1.6.0_v1.9.3/e2e_trial/_openhands_gpt-5.3-codex_run_002/evaluation/M026/evaluation_result.json,0.0,0.9473684210526315,0.05026455026455026,0.09546406140963015
e2e,zeromicro_go-zero_v1.6.0_v1.9.3,M027,_openhands_gpt-5.3-codex_run_002,SWE-Milestone-log-results/zeromicro_go-zero_v1.6.0_v1.9.3/e2e_trial/_openhands_gpt-5.3-codex_run_002/evaluation/M027/evaluation_result.json,0.0,0.23529411764705882,0.00297441998810232,0.0058745777647231595
e2e,zeromicro_go-zero_v1.6.0_v1.9.3,M028,_openhands_gpt-5.3-codex_run_002,SWE-Milestone-log-results/zeromicro_go-zero_v1.6.0_v1.9.3/e2e_trial/_openhands_gpt-5.3-codex_run_002/evaluation/M028/evaluation_result.json,0.0,0.42788461538461536,0.2958677685950413,0.34983585317917804
e2e,zeromicro_go-zero_v1.6.0_v1.9.3,M001,_openhands_kimi-k2.5_run_002,SWE-Milestone-log-results/zeromicro_go-zero_v1.6.0_v1.9.3/e2e_trial/_openhands_kimi-k2.5_run_002/evaluation/M001/evaluation_result_filtered.json,0.0,0.9402985074626866,0.38368580060422963,0.5449901232886043
e2e,zeromicro_go-zero_v1.6.0_v1.9.3,M004,_openhands_kimi-k2.5_run_002,SWE-Milestone-log-results/zeromicro_go-zero_v1.6.0_v1.9.3/e2e_trial/_openhands_kimi-k2.5_run_002/evaluation/M004/evaluation_result_filtered.json,0.0,0.24193548387096775,0.03611738148984198,0.06285190519837631
e2e,zeromicro_go-zero_v1.6.0_v1.9.3,M005,_openhands_kimi-k2.5_run_002,SWE-Milestone-log-results/zeromicro_go-zero_v1.6.0_v1.9.3/e2e_trial/_openhands_kimi-k2.5_run_002/evaluation/M005/evaluation_result_filtered.json,0.0,0.6363636363636364,0.08620689655172414,0.15184381778741868
e2e,zeromicro_go-zero_v1.6.0_v1.9.3,M007.1,_openhands_kimi-k2.5_run_002,SWE-Milestone-log-results/zeromicro_go-zero_v1.6.0_v1.9.3/e2e_trial/_openhands_kimi-k2.5_run_002/evaluation/M007.1/evaluation_result.json,0.0,0.5833333333333334,0.7857142857142857,0.6695652173913044
e2e,zeromicro_go-zero_v1.6.0_v1.9.3,M007.2,_openhands_kimi-k2.5_run_002,SWE-Milestone-log-results/zeromicro_go-zero_v1.6.0_v1.9.3/e2e_trial/_openhands_kimi-k2.5_run_002/evaluation/M007.2/evaluation_result.json,0.0,0.0759493670886076,0.004291845493562232,0.008124576844955992
e2e,zeromicro_go-zero_v1.6.0_v1.9.3,M008,_openhands_kimi-k2.5_run_002,SWE-Milestone-log-results/zeromicro_go-zero_v1.6.0_v1.9.3/e2e_trial/_openhands_kimi-k2.5_run_002/evaluation/M008/evaluation_result.json,0.0,0.92,1.0,0.9583333333333334
e2e,zeromicro_go-zero_v1.6.0_v1.9.3,M009,_openhands_kimi-k2.5_run_002,SWE-Milestone-log-results/zeromicro_go-zero_v1.6.0_v1.9.3/e2e_trial/_openhands_kimi-k2.5_run_002/evaluation/M009/evaluation_result.json,0.0,0.21568627450980393,0.41379310344827586,0.2835660580021482
e2e,zeromicro_go-zero_v1.6.0_v1.9.3,M010,_openhands_kimi-k2.5_run_002,SWE-Milestone-log-results/zeromicro_go-zero_v1.6.0_v1.9.3/e2e_trial/_openhands_kimi-k2.5_run_002/evaluation/M010/evaluation_result.json,0.0,0.011299435028248588,0.0017231476163124641,0.0029902815848492402
e2e,zeromicro_go-zero_v1.6.0_v1.9.3,M013,_openhands_kimi-k2.5_run_002,SWE-Milestone-log-results/zeromicro_go-zero_v1.6.0_v1.9.3/e2e_trial/_openhands_kimi-k2.5_run_002/evaluation/M013/evaluation_result.json,0.0,0.2037037037037037,0.27906976744186046,0.23550401427297057
e2e,zeromicro_go-zero_v1.6.0_v1.9.3,M014,_openhands_kimi-k2.5_run_002,SWE-Milestone-log-results/zeromicro_go-zero_v1.6.0_v1.9.3/e2e_trial/_openhands_kimi-k2.5_run_002/evaluation/M014/evaluation_result.json,0.0,0.03225806451612903,0.0011013215859030838,0.0021299254526091584
e2e,zeromicro_go-zero_v1.6.0_v1.9.3,M017,_openhands_kimi-k2.5_run_002,SWE-Milestone-log-results/zeromicro_go-zero_v1.6.0_v1.9.3/e2e_trial/_openhands_kimi-k2.5_run_002/evaluation/M017/evaluation_result.json,1.0,1.0,1.0,1.0
e2e,zeromicro_go-zero_v1.6.0_v1.9.3,M018,_openhands_kimi-k2.5_run_002,SWE-Milestone-log-results/zeromicro_go-zero_v1.6.0_v1.9.3/e2e_trial/_openhands_kimi-k2.5_run_002/evaluation/M018/evaluation_result.json,0.0,0.013513513513513514,0.005964214711729622,0.008275862068965517
e2e,zeromicro_go-zero_v1.6.0_v1.9.3,M019,_openhands_kimi-k2.5_run_002,SWE-Milestone-log-results/zeromicro_go-zero_v1.6.0_v1.9.3/e2e_trial/_openhands_kimi-k2.5_run_002/evaluation/M019/evaluation_result.json,0.0,0.002785515320334262,0.002849002849002849,0.002816901408450704
e2e,zeromicro_go-zero_v1.6.0_v1.9.3,M020,_openhands_kimi-k2.5_run_002,SWE-Milestone-log-results/zeromicro_go-zero_v1.6.0_v1.9.3/e2e_trial/_openhands_kimi-k2.5_run_002/evaluation/M020/evaluation_result.json,0.0,0.2698412698412698,0.05844155844155844,0.09607535321821034
e2e,zeromicro_go-zero_v1.6.0_v1.9.3,M021,_openhands_kimi-k2.5_run_002,SWE-Milestone-log-results/zeromicro_go-zero_v1.6.0_v1.9.3/e2e_trial/_openhands_kimi-k2.5_run_002/evaluation/M021/evaluation_result.json,0.0,0.36666666666666664,0.27906976744186046,0.3169267707082833
e2e,zeromicro_go-zero_v1.6.0_v1.9.3,M022,_openhands_kimi-k2.5_run_002,SWE-Milestone-log-results/zeromicro_go-zero_v1.6.0_v1.9.3/e2e_trial/_openhands_kimi-k2.5_run_002/evaluation/M022/evaluation_result.json,0.0,0.029411764705882353,0.001081665765278529,0.002086593635889411
e2e,zeromicro_go-zero_v1.6.0_v1.9.3,M023,_openhands_kimi-k2.5_run_002,SWE-Milestone-log-results/zeromicro_go-zero_v1.6.0_v1.9.3/e2e_trial/_openhands_kimi-k2.5_run_002/evaluation/M023/evaluation_result.json,0.0,0.8295454545454546,1.0,0.906832298136646
e2e,zeromicro_go-zero_v1.6.0_v1.9.3,M024,_openhands_kimi-k2.5_run_002,SWE-Milestone-log-results/zeromicro_go-zero_v1.6.0_v1.9.3/e2e_trial/_openhands_kimi-k2.5_run_002/evaluation/M024/evaluation_result_filtered.json,0.0,0.7916666666666666,0.9206349206349206,0.8512939358825801
e2e,zeromicro_go-zero_v1.6.0_v1.9.3,M025,_openhands_kimi-k2.5_run_002,SWE-Milestone-log-results/zeromicro_go-zero_v1.6.0_v1.9.3/e2e_trial/_openhands_kimi-k2.5_run_002/evaluation/M025/evaluation_result.json,0.0,0.6666666666666666,0.20270270270270271,0.31088082901554404
e2e,zeromicro_go-zero_v1.6.0_v1.9.3,M026,_openhands_kimi-k2.5_run_002,SWE-Milestone-log-results/zeromicro_go-zero_v1.6.0_v1.9.3/e2e_trial/_openhands_kimi-k2.5_run_002/evaluation/M026/evaluation_result.json,0.0,1.0,0.2777777777777778,0.4347826086956522
e2e,zeromicro_go-zero_v1.6.0_v1.9.3,M027,_openhands_kimi-k2.5_run_002,SWE-Milestone-log-results/zeromicro_go-zero_v1.6.0_v1.9.3/e2e_trial/_openhands_kimi-k2.5_run_002/evaluation/M027/evaluation_result.json,0.0,0.058823529411764705,0.0011689070718877848,0.002292263610315186
e2e,zeromicro_go-zero_v1.6.0_v1.9.3,M028,_openhands_kimi-k2.5_run_002,SWE-Milestone-log-results/zeromicro_go-zero_v1.6.0_v1.9.3/e2e_trial/_openhands_kimi-k2.5_run_002/evaluation/M028/evaluation_result.json,0.0,0.002403846153846154,0.0010695187165775401,0.0014803849000740194
e2e,zeromicro_go-zero_v1.6.0_v1.9.3,M001,_openhands_kimi-k2.6_run_002,SWE-Milestone-log-results/zeromicro_go-zero_v1.6.0_v1.9.3/e2e_trial/_openhands_kimi-k2.6_run_002/evaluation/M001/evaluation_result_filtered.json,0.0,0.9402985074626866,0.4150326797385621,0.5758808075718861
e2e,zeromicro_go-zero_v1.6.0_v1.9.3,M003,_openhands_kimi-k2.6_run_002,SWE-Milestone-log-results/zeromicro_go-zero_v1.6.0_v1.9.3/e2e_trial/_openhands_kimi-k2.6_run_002/evaluation/M003/evaluation_result_filtered.json,0.0,0.09876543209876543,0.17708333333333334,0.1268065268065268
e2e,zeromicro_go-zero_v1.6.0_v1.9.3,M004,_openhands_kimi-k2.6_run_002,SWE-Milestone-log-results/zeromicro_go-zero_v1.6.0_v1.9.3/e2e_trial/_openhands_kimi-k2.6_run_002/evaluation/M004/evaluation_result_filtered.json,0.0,0.3064516129032258,0.3389830508474576,0.3218975010588734
e2e,zeromicro_go-zero_v1.6.0_v1.9.3,M005,_openhands_kimi-k2.6_run_002,SWE-Milestone-log-results/zeromicro_go-zero_v1.6.0_v1.9.3/e2e_trial/_openhands_kimi-k2.6_run_002/evaluation/M005/evaluation_result_filtered.json,1.0,1.0,1.0,1.0
e2e,zeromicro_go-zero_v1.6.0_v1.9.3,M007.1,_openhands_kimi-k2.6_run_002,SWE-Milestone-log-results/zeromicro_go-zero_v1.6.0_v1.9.3/e2e_trial/_openhands_kimi-k2.6_run_002/evaluation/M007.1/evaluation_result.json,0.0,0.3055555555555556,1.0,0.46808510638297873
e2e,zeromicro_go-zero_v1.6.0_v1.9.3,M007.2,_openhands_kimi-k2.6_run_002,SWE-Milestone-log-results/zeromicro_go-zero_v1.6.0_v1.9.3/e2e_trial/_openhands_kimi-k2.6_run_002/evaluation/M007.2/evaluation_result.json,0.0,0.16455696202531644,0.015873015873015872,0.028953229398663693
e2e,zeromicro_go-zero_v1.6.0_v1.9.3,M008,_openhands_kimi-k2.6_run_002,SWE-Milestone-log-results/zeromicro_go-zero_v1.6.0_v1.9.3/e2e_trial/_openhands_kimi-k2.6_run_002/evaluation/M008/evaluation_result.json,1.0,1.0,1.0,1.0
e2e,zeromicro_go-zero_v1.6.0_v1.9.3,M009,_openhands_kimi-k2.6_run_002,SWE-Milestone-log-results/zeromicro_go-zero_v1.6.0_v1.9.3/e2e_trial/_openhands_kimi-k2.6_run_002/evaluation/M009/evaluation_result.json,0.0,0.21568627450980393,0.41379310344827586,0.2835660580021482
e2e,zeromicro_go-zero_v1.6.0_v1.9.3,M010,_openhands_kimi-k2.6_run_002,SWE-Milestone-log-results/zeromicro_go-zero_v1.6.0_v1.9.3/e2e_trial/_openhands_kimi-k2.6_run_002/evaluation/M010/evaluation_result.json,0.0,0.06779661016949153,0.01330603889457523,0.022245989304812835
e2e,zeromicro_go-zero_v1.6.0_v1.9.3,M013,_openhands_kimi-k2.6_run_002,SWE-Milestone-log-results/zeromicro_go-zero_v1.6.0_v1.9.3/e2e_trial/_openhands_kimi-k2.6_run_002/evaluation/M013/evaluation_result.json,0.0,0.2777777777777778,0.7619047619047619,0.40712468193384227
e2e,zeromicro_go-zero_v1.6.0_v1.9.3,M014,_openhands_kimi-k2.6_run_002,SWE-Milestone-log-results/zeromicro_go-zero_v1.6.0_v1.9.3/e2e_trial/_openhands_kimi-k2.6_run_002/evaluation/M014/evaluation_result.json,0.0,0.25806451612903225,0.007148530579825258,0.013911699352719542
e2e,zeromicro_go-zero_v1.6.0_v1.9.3,M017,_openhands_kimi-k2.6_run_002,SWE-Milestone-log-results/zeromicro_go-zero_v1.6.0_v1.9.3/e2e_trial/_openhands_kimi-k2.6_run_002/evaluation/M017/evaluation_result.json,0.0,1.0,0.17647058823529413,0.3
e2e,zeromicro_go-zero_v1.6.0_v1.9.3,M018,_openhands_kimi-k2.6_run_002,SWE-Milestone-log-results/zeromicro_go-zero_v1.6.0_v1.9.3/e2e_trial/_openhands_kimi-k2.6_run_002/evaluation/M018/evaluation_result.json,0.0,0.060810810810810814,0.08064516129032258,0.06933744221879816
e2e,zeromicro_go-zero_v1.6.0_v1.9.3,M019,_openhands_kimi-k2.6_run_002,SWE-Milestone-log-results/zeromicro_go-zero_v1.6.0_v1.9.3/e2e_trial/_openhands_kimi-k2.6_run_002/evaluation/M019/evaluation_result.json,0.0,0.013927576601671309,0.04263565891472868,0.020996373353693455
e2e,zeromicro_go-zero_v1.6.0_v1.9.3,M020,_openhands_kimi-k2.6_run_002,SWE-Milestone-log-results/zeromicro_go-zero_v1.6.0_v1.9.3/e2e_trial/_openhands_kimi-k2.6_run_002/evaluation/M020/evaluation_result.json,0.0,0.3492063492063492,0.05822784810126582,0.09981260479337213
e2e,zeromicro_go-zero_v1.6.0_v1.9.3,M021,_openhands_kimi-k2.6_run_002,SWE-Milestone-log-results/zeromicro_go-zero_v1.6.0_v1.9.3/e2e_trial/_openhands_kimi-k2.6_run_002/evaluation/M021/evaluation_result.json,0.0,0.36666666666666664,1.0,0.5365853658536585
e2e,zeromicro_go-zero_v1.6.0_v1.9.3,M022,_openhands_kimi-k2.6_run_002,SWE-Milestone-log-results/zeromicro_go-zero_v1.6.0_v1.9.3/e2e_trial/_openhands_kimi-k2.6_run_002/evaluation/M022/evaluation_result.json,0.0,0.23529411764705882,0.0069767441860465115,0.013551665725578768
e2e,zeromicro_go-zero_v1.6.0_v1.9.3,M023,_openhands_kimi-k2.6_run_002,SWE-Milestone-log-results/zeromicro_go-zero_v1.6.0_v1.9.3/e2e_trial/_openhands_kimi-k2.6_run_002/evaluation/M023/evaluation_result.json,0.0,0.14772727272727273,1.0,0.25742574257425743
e2e,zeromicro_go-zero_v1.6.0_v1.9.3,M024,_openhands_kimi-k2.6_run_002,SWE-Milestone-log-results/zeromicro_go-zero_v1.6.0_v1.9.3/e2e_trial/_openhands_kimi-k2.6_run_002/evaluation/M024/evaluation_result_filtered.json,0.0,0.7777777777777778,0.8769230769230769,0.8243801652892563
e2e,zeromicro_go-zero_v1.6.0_v1.9.3,M025,_openhands_kimi-k2.6_run_002,SWE-Milestone-log-results/zeromicro_go-zero_v1.6.0_v1.9.3/e2e_trial/_openhands_kimi-k2.6_run_002/evaluation/M025/evaluation_result.json,0.0,0.6666666666666666,0.35714285714285715,0.46511627906976744
e2e,zeromicro_go-zero_v1.6.0_v1.9.3,M026,_openhands_kimi-k2.6_run_002,SWE-Milestone-log-results/zeromicro_go-zero_v1.6.0_v1.9.3/e2e_trial/_openhands_kimi-k2.6_run_002/evaluation/M026/evaluation_result.json,0.0,1.0,0.4166666666666667,0.5882352941176471
e2e,zeromicro_go-zero_v1.6.0_v1.9.3,M027,_openhands_kimi-k2.6_run_002,SWE-Milestone-log-results/zeromicro_go-zero_v1.6.0_v1.9.3/e2e_trial/_openhands_kimi-k2.6_run_002/evaluation/M027/evaluation_result.json,0.0,0.4117647058823529,0.03088803088803089,0.057465366854797334
e2e,zeromicro_go-zero_v1.6.0_v1.9.3,M028,_openhands_kimi-k2.6_run_002,SWE-Milestone-log-results/zeromicro_go-zero_v1.6.0_v1.9.3/e2e_trial/_openhands_kimi-k2.6_run_002/evaluation/M028/evaluation_result.json,0.0,0.0625,0.020179372197309416,0.030508474576271184
e2e,zeromicro_go-zero_v1.6.0_v1.9.3,M001,_openhands_minimax-m2.5_run_002,SWE-Milestone-log-results/zeromicro_go-zero_v1.6.0_v1.9.3/e2e_trial/_openhands_minimax-m2.5_run_002/evaluation/M001/evaluation_result_filtered.json,0.0,0.9925373134328358,0.46853146853146854,0.6365682037361146
e2e,zeromicro_go-zero_v1.6.0_v1.9.3,M003,_openhands_minimax-m2.5_run_002,SWE-Milestone-log-results/zeromicro_go-zero_v1.6.0_v1.9.3/e2e_trial/_openhands_minimax-m2.5_run_002/evaluation/M003/evaluation_result_filtered.json,0.0,0.043209876543209874,0.014184397163120567,0.02135774218154081
e2e,zeromicro_go-zero_v1.6.0_v1.9.3,M004,_openhands_minimax-m2.5_run_002,SWE-Milestone-log-results/zeromicro_go-zero_v1.6.0_v1.9.3/e2e_trial/_openhands_minimax-m2.5_run_002/evaluation/M004/evaluation_result_filtered.json,0.0,0.20967741935483872,0.027888446215139442,0.04922910467946984
e2e,zeromicro_go-zero_v1.6.0_v1.9.3,M005,_openhands_minimax-m2.5_run_002,SWE-Milestone-log-results/zeromicro_go-zero_v1.6.0_v1.9.3/e2e_trial/_openhands_minimax-m2.5_run_002/evaluation/M005/evaluation_result_filtered.json,0.0,0.9545454545454546,0.25882352941176473,0.40722785368003533
e2e,zeromicro_go-zero_v1.6.0_v1.9.3,M007.1,_openhands_minimax-m2.5_run_002,SWE-Milestone-log-results/zeromicro_go-zero_v1.6.0_v1.9.3/e2e_trial/_openhands_minimax-m2.5_run_002/evaluation/M007.1/evaluation_result.json,0.0,0.3055555555555556,0.21818181818181817,0.25458052073288334
e2e,zeromicro_go-zero_v1.6.0_v1.9.3,M008,_openhands_minimax-m2.5_run_002,SWE-Milestone-log-results/zeromicro_go-zero_v1.6.0_v1.9.3/e2e_trial/_openhands_minimax-m2.5_run_002/evaluation/M008/evaluation_result.json,0.0,0.92,1.0,0.9583333333333334
e2e,zeromicro_go-zero_v1.6.0_v1.9.3,M009,_openhands_minimax-m2.5_run_002,SWE-Milestone-log-results/zeromicro_go-zero_v1.6.0_v1.9.3/e2e_trial/_openhands_minimax-m2.5_run_002/evaluation/M009/evaluation_result.json,0.0,0.6862745098039216,0.972972972972973,0.8048546790162888
e2e,zeromicro_go-zero_v1.6.0_v1.9.3,M010,_openhands_minimax-m2.5_run_002,SWE-Milestone-log-results/zeromicro_go-zero_v1.6.0_v1.9.3/e2e_trial/_openhands_minimax-m2.5_run_002/evaluation/M010/evaluation_result.json,0.0,0.011299435028248588,0.0017142857142857142,0.002976928801786157
e2e,zeromicro_go-zero_v1.6.0_v1.9.3,M013,_openhands_minimax-m2.5_run_002,SWE-Milestone-log-results/zeromicro_go-zero_v1.6.0_v1.9.3/e2e_trial/_openhands_minimax-m2.5_run_002/evaluation/M013/evaluation_result.json,0.0,0.2037037037037037,0.27906976744186046,0.23550401427297057
e2e,zeromicro_go-zero_v1.6.0_v1.9.3,M017,_openhands_minimax-m2.5_run_002,SWE-Milestone-log-results/zeromicro_go-zero_v1.6.0_v1.9.3/e2e_trial/_openhands_minimax-m2.5_run_002/evaluation/M017/evaluation_result.json,0.0,0.8571428571428571,0.18571428571428572,0.3052837573385519
e2e,zeromicro_go-zero_v1.6.0_v1.9.3,M018,_openhands_minimax-m2.5_run_002,SWE-Milestone-log-results/zeromicro_go-zero_v1.6.0_v1.9.3/e2e_trial/_openhands_minimax-m2.5_run_002/evaluation/M018/evaluation_result.json,0.0,0.060810810810810814,0.07352941176470588,0.06656804733727811
e2e,zeromicro_go-zero_v1.6.0_v1.9.3,M019,_openhands_minimax-m2.5_run_002,SWE-Milestone-log-results/zeromicro_go-zero_v1.6.0_v1.9.3/e2e_trial/_openhands_minimax-m2.5_run_002/evaluation/M019/evaluation_result.json,0.0,0.002785515320334262,0.0028222013170272815,0.0028037383177570096
e2e,zeromicro_go-zero_v1.6.0_v1.9.3,M020,_openhands_minimax-m2.5_run_002,SWE-Milestone-log-results/zeromicro_go-zero_v1.6.0_v1.9.3/e2e_trial/_openhands_minimax-m2.5_run_002/evaluation/M020/evaluation_result.json,0.0,0.2698412698412698,0.05113636363636364,0.08597920764259623
e2e,zeromicro_go-zero_v1.6.0_v1.9.3,M021,_openhands_minimax-m2.5_run_002,SWE-Milestone-log-results/zeromicro_go-zero_v1.6.0_v1.9.3/e2e_trial/_openhands_minimax-m2.5_run_002/evaluation/M021/evaluation_result.json,0.0,0.36666666666666664,0.13636363636363635,0.1987951807228916
e2e,zeromicro_go-zero_v1.6.0_v1.9.3,M023,_openhands_minimax-m2.5_run_002,SWE-Milestone-log-results/zeromicro_go-zero_v1.6.0_v1.9.3/e2e_trial/_openhands_minimax-m2.5_run_002/evaluation/M023/evaluation_result.json,0.0,0.125,0.11650485436893204,0.1206030150753769
e2e,zeromicro_go-zero_v1.6.0_v1.9.3,M024,_openhands_minimax-m2.5_run_002,SWE-Milestone-log-results/zeromicro_go-zero_v1.6.0_v1.9.3/e2e_trial/_openhands_minimax-m2.5_run_002/evaluation/M024/evaluation_result_filtered.json,0.0,0.16666666666666666,0.17105263157894737,0.16883116883116883
e2e,zeromicro_go-zero_v1.6.0_v1.9.3,M025,_openhands_minimax-m2.5_run_002,SWE-Milestone-log-results/zeromicro_go-zero_v1.6.0_v1.9.3/e2e_trial/_openhands_minimax-m2.5_run_002/evaluation/M025/evaluation_result.json,0.0,0.6666666666666666,0.1724137931034483,0.273972602739726
e2e,zeromicro_go-zero_v1.6.0_v1.9.3,M026,_openhands_minimax-m2.5_run_002,SWE-Milestone-log-results/zeromicro_go-zero_v1.6.0_v1.9.3/e2e_trial/_openhands_minimax-m2.5_run_002/evaluation/M026/evaluation_result.json,0.0,1.0,0.10695187165775401,0.1932367149758454
e2e,zeromicro_go-zero_v1.6.0_v1.9.3,M027,_openhands_minimax-m2.5_run_002,SWE-Milestone-log-results/zeromicro_go-zero_v1.6.0_v1.9.3/e2e_trial/_openhands_minimax-m2.5_run_002/evaluation/M027/evaluation_result.json,0.0,0.6470588235294118,0.018376722817764167,0.03573845945580074
e2e,zeromicro_go-zero_v1.6.0_v1.9.3,M001,_openhands_opus-4.6_run_002,SWE-Milestone-log-results/zeromicro_go-zero_v1.6.0_v1.9.3/e2e_trial/_openhands_opus-4.6_run_002/evaluation/M001/evaluation_result_filtered.json,0.0,0.9402985074626866,0.4110032362459547,0.571990277380612
e2e,zeromicro_go-zero_v1.6.0_v1.9.3,M003,_openhands_opus-4.6_run_002,SWE-Milestone-log-results/zeromicro_go-zero_v1.6.0_v1.9.3/e2e_trial/_openhands_opus-4.6_run_002/evaluation/M003/evaluation_result_filtered.json,0.0,0.09259259259259259,0.03800475059382423,0.053890198720107786
e2e,zeromicro_go-zero_v1.6.0_v1.9.3,M004,_openhands_opus-4.6_run_002,SWE-Milestone-log-results/zeromicro_go-zero_v1.6.0_v1.9.3/e2e_trial/_openhands_opus-4.6_run_002/evaluation/M004/evaluation_result_filtered.json,0.0,0.9193548387096774,0.12526997840172785,0.22049554807083066
e2e,zeromicro_go-zero_v1.6.0_v1.9.3,M005,_openhands_opus-4.6_run_002,SWE-Milestone-log-results/zeromicro_go-zero_v1.6.0_v1.9.3/e2e_trial/_openhands_opus-4.6_run_002/evaluation/M005/evaluation_result_filtered.json,0.0,1.0,0.7931034482758621,0.8846153846153846
e2e,zeromicro_go-zero_v1.6.0_v1.9.3,M007.1,_openhands_opus-4.6_run_002,SWE-Milestone-log-results/zeromicro_go-zero_v1.6.0_v1.9.3/e2e_trial/_openhands_opus-4.6_run_002/evaluation/M007.1/evaluation_result.json,0.0,0.3055555555555556,0.6,0.40490797546012275
e2e,zeromicro_go-zero_v1.6.0_v1.9.3,M007.2,_openhands_opus-4.6_run_002,SWE-Milestone-log-results/zeromicro_go-zero_v1.6.0_v1.9.3/e2e_trial/_openhands_opus-4.6_run_002/evaluation/M007.2/evaluation_result.json,0.0,0.10126582278481013,0.005817711700064641,0.011003285703369758
e2e,zeromicro_go-zero_v1.6.0_v1.9.3,M008,_openhands_opus-4.6_run_002,SWE-Milestone-log-results/zeromicro_go-zero_v1.6.0_v1.9.3/e2e_trial/_openhands_opus-4.6_run_002/evaluation/M008/evaluation_result.json,0.0,0.92,1.0,0.9583333333333334
e2e,zeromicro_go-zero_v1.6.0_v1.9.3,M009,_openhands_opus-4.6_run_002,SWE-Milestone-log-results/zeromicro_go-zero_v1.6.0_v1.9.3/e2e_trial/_openhands_opus-4.6_run_002/evaluation/M009/evaluation_result.json,0.0,0.21568627450980393,0.41379310344827586,0.2835660580021482
e2e,zeromicro_go-zero_v1.6.0_v1.9.3,M010,_openhands_opus-4.6_run_002,SWE-Milestone-log-results/zeromicro_go-zero_v1.6.0_v1.9.3/e2e_trial/_openhands_opus-4.6_run_002/evaluation/M010/evaluation_result.json,0.0,0.022598870056497175,0.0030175015087507543,0.005324104884866231
e2e,zeromicro_go-zero_v1.6.0_v1.9.3,M013,_openhands_opus-4.6_run_002,SWE-Milestone-log-results/zeromicro_go-zero_v1.6.0_v1.9.3/e2e_trial/_openhands_opus-4.6_run_002/evaluation/M013/evaluation_result.json,0.0,0.8703703703703703,0.9795918367346939,0.9217568947906026
e2e,zeromicro_go-zero_v1.6.0_v1.9.3,M014,_openhands_opus-4.6_run_002,SWE-Milestone-log-results/zeromicro_go-zero_v1.6.0_v1.9.3/e2e_trial/_openhands_opus-4.6_run_002/evaluation/M014/evaluation_result.json,0.0,0.0967741935483871,0.0023094688221709007,0.004511278195488722
e2e,zeromicro_go-zero_v1.6.0_v1.9.3,M017,_openhands_opus-4.6_run_002,SWE-Milestone-log-results/zeromicro_go-zero_v1.6.0_v1.9.3/e2e_trial/_openhands_opus-4.6_run_002/evaluation/M017/evaluation_result.json,0.0,1.0,0.9375,0.967741935483871
e2e,zeromicro_go-zero_v1.6.0_v1.9.3,M018,_openhands_opus-4.6_run_002,SWE-Milestone-log-results/zeromicro_go-zero_v1.6.0_v1.9.3/e2e_trial/_openhands_opus-4.6_run_002/evaluation/M018/evaluation_result.json,0.0,0.07432432432432433,0.5217391304347826,0.13011335633316906
e2e,zeromicro_go-zero_v1.6.0_v1.9.3,M019,_openhands_opus-4.6_run_002,SWE-Milestone-log-results/zeromicro_go-zero_v1.6.0_v1.9.3/e2e_trial/_openhands_opus-4.6_run_002/evaluation/M019/evaluation_result.json,0.0,0.005571030640668524,0.005159958720330237,0.005357621216180016
e2e,zeromicro_go-zero_v1.6.0_v1.9.3,M020,_openhands_opus-4.6_run_002,SWE-Milestone-log-results/zeromicro_go-zero_v1.6.0_v1.9.3/e2e_trial/_openhands_opus-4.6_run_002/evaluation/M020/evaluation_result.json,0.0,0.6349206349206349,0.19902912621359223,0.30305830176476023
e2e,zeromicro_go-zero_v1.6.0_v1.9.3,M021,_openhands_opus-4.6_run_002,SWE-Milestone-log-results/zeromicro_go-zero_v1.6.0_v1.9.3/e2e_trial/_openhands_opus-4.6_run_002/evaluation/M021/evaluation_result.json,0.0,0.8666666666666667,0.9310344827586207,0.8976982097186702
e2e,zeromicro_go-zero_v1.6.0_v1.9.3,M022,_openhands_opus-4.6_run_002,SWE-Milestone-log-results/zeromicro_go-zero_v1.6.0_v1.9.3/e2e_trial/_openhands_opus-4.6_run_002/evaluation/M022/evaluation_result.json,0.0,0.08823529411764706,0.0022727272727272726,0.0044313146233382564
e2e,zeromicro_go-zero_v1.6.0_v1.9.3,M023,_openhands_opus-4.6_run_002,SWE-Milestone-log-results/zeromicro_go-zero_v1.6.0_v1.9.3/e2e_trial/_openhands_opus-4.6_run_002/evaluation/M023/evaluation_result.json,0.0,0.8295454545454546,1.0,0.906832298136646
e2e,zeromicro_go-zero_v1.6.0_v1.9.3,M024,_openhands_opus-4.6_run_002,SWE-Milestone-log-results/zeromicro_go-zero_v1.6.0_v1.9.3/e2e_trial/_openhands_opus-4.6_run_002/evaluation/M024/evaluation_result_filtered.json,0.0,0.9444444444444444,0.9324324324324325,0.9384
e2e,zeromicro_go-zero_v1.6.0_v1.9.3,M025,_openhands_opus-4.6_run_002,SWE-Milestone-log-results/zeromicro_go-zero_v1.6.0_v1.9.3/e2e_trial/_openhands_opus-4.6_run_002/evaluation/M025/evaluation_result.json,0.0,0.6666666666666666,0.30612244897959184,0.4195804195804196
e2e,zeromicro_go-zero_v1.6.0_v1.9.3,M026,_openhands_opus-4.6_run_002,SWE-Milestone-log-results/zeromicro_go-zero_v1.6.0_v1.9.3/e2e_trial/_openhands_opus-4.6_run_002/evaluation/M026/evaluation_result.json,0.0,1.0,0.4166666666666667,0.5882352941176471
e2e,zeromicro_go-zero_v1.6.0_v1.9.3,M027,_openhands_opus-4.6_run_002,SWE-Milestone-log-results/zeromicro_go-zero_v1.6.0_v1.9.3/e2e_trial/_openhands_opus-4.6_run_002/evaluation/M027/evaluation_result.json,0.0,0.35294117647058826,0.012089810017271158,0.02337879209574172
e2e,zeromicro_go-zero_v1.6.0_v1.9.3,M028,_openhands_opus-4.6_run_002,SWE-Milestone-log-results/zeromicro_go-zero_v1.6.0_v1.9.3/e2e_trial/_openhands_opus-4.6_run_002/evaluation/M028/evaluation_result.json,0.0,0.05048076923076923,0.012235817575083427,0.019697292688126204
